ISO-10303-21;
HEADER;
/****************************************************************
 * Generated by software with PDElib inside                    *
 * PDElib Version v51a, created Wed 11/30/2011                  *
 * ITI Transcendata (http://www.transcendata.com/)              *
 ****************************************************************/
FILE_DESCRIPTION((''),'2;1');
FILE_NAME('D:\\InventorDocs\\XT60PW-M20.stp','2025-08-11T17:52:32',('savinyh.dv'),(''),'Autodesk Inventor 2013','Autodesk Inventor 2013','');
FILE_SCHEMA(('AUTOMOTIVE_DESIGN { 1 0 10303 214 1 1 1 1 }'));
ENDSEC;
DATA;
#5=APPLICATION_CONTEXT('automotive design');
#6=APPLICATION_PROTOCOL_DEFINITION('International Standard','automotive_design',2001,#5);
#7=PRODUCT_CONTEXT('',#5,'mechanical');
#8=PRODUCT('XT60PW-M20','XT60PW-M20',$,(#7));
#9=PRODUCT_RELATED_PRODUCT_CATEGORY('part',$,(#8));
#10=PRODUCT_DEFINITION_FORMATION('',$,#8);
#11=PRODUCT_DEFINITION_CONTEXT('part definition',#5,'design');
#12=PRODUCT_DEFINITION('',$,#10,#11);
#18=(NAMED_UNIT(*)PLANE_ANGLE_UNIT()SI_UNIT($,.RADIAN.));
#19=DIMENSIONAL_EXPONENTS(0.0,0.0,0.0,0.0,0.0,0.0,0.0);
#20=PLANE_ANGLE_MEASURE_WITH_UNIT(PLANE_ANGLE_MEASURE(0.0174532925),#18);
#24=(CONVERSION_BASED_UNIT('DEGREE',#20)NAMED_UNIT(#19)PLANE_ANGLE_UNIT());
#28=(NAMED_UNIT(*)SI_UNIT($,.STERADIAN.)SOLID_ANGLE_UNIT());
#32=(LENGTH_UNIT()NAMED_UNIT(*)SI_UNIT(.MILLI.,.METRE.));
#34=UNCERTAINTY_MEASURE_WITH_UNIT(LENGTH_MEASURE(0.01),#32,'DISTANCE_ACCURACY_VALUE','');
#36=(GEOMETRIC_REPRESENTATION_CONTEXT(3)GLOBAL_UNCERTAINTY_ASSIGNED_CONTEXT((#34))GLOBAL_UNIT_ASSIGNED_CONTEXT((#24,#28,#32))REPRESENTATION_CONTEXT('None','None'));
#37=AXIS2_PLACEMENT_3D('',#38,#39,#40);
#38=CARTESIAN_POINT('',(0.0,0.0,0.0));
#39=DIRECTION('',(0.0,0.0,1.0));
#40=DIRECTION('',(1.0,0.0,0.0));
#41=SHAPE_REPRESENTATION('',(#37),#36);
#42=PRODUCT_DEFINITION_SHAPE('','',#12);
#43=SHAPE_DEFINITION_REPRESENTATION(#42,#41);
#49=(NAMED_UNIT(*)PLANE_ANGLE_UNIT()SI_UNIT($,.RADIAN.));
#50=DIMENSIONAL_EXPONENTS(0.0,0.0,0.0,0.0,0.0,0.0,0.0);
#51=PLANE_ANGLE_MEASURE_WITH_UNIT(PLANE_ANGLE_MEASURE(0.0174532925),#49);
#55=(CONVERSION_BASED_UNIT('DEGREE',#51)NAMED_UNIT(#50)PLANE_ANGLE_UNIT());
#59=(NAMED_UNIT(*)SI_UNIT($,.STERADIAN.)SOLID_ANGLE_UNIT());
#63=(LENGTH_UNIT()NAMED_UNIT(*)SI_UNIT(.MILLI.,.METRE.));
#65=UNCERTAINTY_MEASURE_WITH_UNIT(LENGTH_MEASURE(0.000001),#63,'DISTANCE_ACCURACY_VALUE','');
#67=(GEOMETRIC_REPRESENTATION_CONTEXT(3)GLOBAL_UNCERTAINTY_ASSIGNED_CONTEXT((#65))GLOBAL_UNIT_ASSIGNED_CONTEXT((#55,#59,#63))REPRESENTATION_CONTEXT('','3D'));
#68=CARTESIAN_POINT('',(-6.550000000000002,-0.3,-3.850000000000003));
#69=DIRECTION('',(-1.0,0.0,0.0));
#70=DIRECTION('',(0.0,0.0,1.0));
#71=AXIS2_PLACEMENT_3D('',#68,#69,#70);
#72=PLANE('',#71);
#73=CARTESIAN_POINT('',(-6.550000000000002,-0.3,-3.184265372500004));
#74=VERTEX_POINT('',#73);
#75=CARTESIAN_POINT('',(-6.550000000000002,-0.3,-3.850000000000003));
#76=VERTEX_POINT('',#75);
#77=CARTESIAN_POINT('',(-6.550000000000002,-0.3,-3.184265372500004));
#78=DIRECTION('',(0.0,0.0,-1.0));
#79=VECTOR('',#78,0.6657346275);
#80=LINE('',#77,#79);
#81=EDGE_CURVE('',#74,#76,#80,.T.);
#82=ORIENTED_EDGE('',*,*,#81,.F.);
#83=CARTESIAN_POINT('',(-6.550000000000002,-0.2,-3.184265372500004));
#84=VERTEX_POINT('',#83);
#85=CARTESIAN_POINT('',(-6.550000000000002,-0.3,-3.184265372500004));
#86=DIRECTION('',(0.0,1.0,0.0));
#87=VECTOR('',#86,0.1);
#88=LINE('',#85,#87);
#89=EDGE_CURVE('',#74,#84,#88,.T.);
#90=ORIENTED_EDGE('',*,*,#89,.T.);
#91=CARTESIAN_POINT('',(-6.550000000000002,-0.2,-3.850000000000003));
#92=VERTEX_POINT('',#91);
#93=CARTESIAN_POINT('',(-6.550000000000002,-0.2,-3.850000000000003));
#94=DIRECTION('',(0.0,0.0,1.0));
#95=VECTOR('',#94,0.6657346275);
#96=LINE('',#93,#95);
#97=EDGE_CURVE('',#92,#84,#96,.T.);
#98=ORIENTED_EDGE('',*,*,#97,.F.);
#99=CARTESIAN_POINT('',(-6.550000000000002,-0.3,-3.850000000000003));
#100=DIRECTION('',(0.0,1.0,0.0));
#101=VECTOR('',#100,0.1);
#102=LINE('',#99,#101);
#103=EDGE_CURVE('',#76,#92,#102,.T.);
#104=ORIENTED_EDGE('',*,*,#103,.F.);
#105=EDGE_LOOP('',(#82,#90,#98,#104));
#106=FACE_OUTER_BOUND('',#105,.T.);
#107=ADVANCED_FACE('',(#106),#72,.T.);
#108=CARTESIAN_POINT('',(-6.725000000000002,-0.2,-3.517132686250004));
#109=DIRECTION('',(0.0,-1.0,0.0));
#110=DIRECTION('',(0.0,0.0,1.0));
#111=AXIS2_PLACEMENT_3D('',#108,#109,#110);
#112=PLANE('',#111);
#113=CARTESIAN_POINT('',(-6.900000000000002,-0.2,-3.850000000000003));
#114=VERTEX_POINT('',#113);
#115=CARTESIAN_POINT('',(-6.900000000000002,-0.2,-3.184265372500004));
#116=VERTEX_POINT('',#115);
#117=CARTESIAN_POINT('',(-6.9,-0.2,-3.850000000000003));
#118=DIRECTION('',(0.0,0.0,1.0));
#119=VECTOR('',#118,0.6657346275);
#120=LINE('',#117,#119);
#121=EDGE_CURVE('',#114,#116,#120,.T.);
#122=ORIENTED_EDGE('',*,*,#121,.F.);
#123=CARTESIAN_POINT('',(-6.900000000000002,-0.2,-3.850000000000003));
#124=DIRECTION('',(1.0,0.0,0.0));
#125=VECTOR('',#124,0.350000000000001);
#126=LINE('',#123,#125);
#127=EDGE_CURVE('',#114,#92,#126,.T.);
#128=ORIENTED_EDGE('',*,*,#127,.T.);
#129=ORIENTED_EDGE('',*,*,#97,.T.);
#130=CARTESIAN_POINT('',(-6.550000000000002,-0.2,-3.184265372500004));
#131=DIRECTION('',(-1.0,0.0,0.0));
#132=VECTOR('',#131,0.350000000000001);
#133=LINE('',#130,#132);
#134=EDGE_CURVE('',#84,#116,#133,.T.);
#135=ORIENTED_EDGE('',*,*,#134,.T.);
#136=EDGE_LOOP('',(#122,#128,#129,#135));
#137=FACE_OUTER_BOUND('',#136,.T.);
#138=ADVANCED_FACE('',(#137),#112,.T.);
#139=CARTESIAN_POINT('',(-6.9,2.7,-3.500000000000003));
#140=DIRECTION('',(1.0,0.0,0.0));
#141=DIRECTION('',(0.0,0.0,-1.0));
#142=AXIS2_PLACEMENT_3D('',#139,#140,#141);
#143=PLANE('',#142);
#144=CARTESIAN_POINT('',(-6.900000000000002,-2.3,-3.850132686250003));
#145=VERTEX_POINT('',#144);
#146=CARTESIAN_POINT('',(-6.9,-2.3,-3.850000000000003));
#147=DIRECTION('',(0.0,1.0,0.0));
#148=VECTOR('',#147,2.100000000000001);
#149=LINE('',#146,#148);
#150=EDGE_CURVE('',#145,#114,#149,.T.);
#151=ORIENTED_EDGE('',*,*,#150,.T.);
#152=ORIENTED_EDGE('',*,*,#121,.T.);
#153=CARTESIAN_POINT('',(-6.900000000000002,-3.3,-3.184265372500004));
#154=VERTEX_POINT('',#153);
#155=CARTESIAN_POINT('',(-6.900000000000002,-0.2,-3.184265372500004));
#156=DIRECTION('',(0.0,-1.0,0.0));
#157=VECTOR('',#156,3.100000000000001);
#158=LINE('',#155,#157);
#159=EDGE_CURVE('',#116,#154,#158,.T.);
#160=ORIENTED_EDGE('',*,*,#159,.T.);
#161=CARTESIAN_POINT('',(-6.900000000000002,-3.3,-2.834265372500004));
#162=VERTEX_POINT('',#161);
#163=CARTESIAN_POINT('',(-6.900000000000002,-3.3,-3.184265372500004));
#164=DIRECTION('',(0.0,0.0,1.0));
#165=VECTOR('',#164,0.35);
#166=LINE('',#163,#165);
#167=EDGE_CURVE('',#154,#162,#166,.T.);
#168=ORIENTED_EDGE('',*,*,#167,.T.);
#169=CARTESIAN_POINT('',(-6.900000000000002,-2.3,-2.534265372500004));
#170=VERTEX_POINT('',#169);
#171=CARTESIAN_POINT('',(-6.900000000000002,-2.3,-2.534265372500004));
#172=DIRECTION('',(0.0,-0.957826285221151,-0.287347885566346));
#173=VECTOR('',#172,1.044030650891055);
#174=LINE('',#171,#173);
#175=EDGE_CURVE('',#170,#162,#174,.T.);
#176=ORIENTED_EDGE('',*,*,#175,.F.);
#177=CARTESIAN_POINT('',(-6.900000000000002,-0.3,-2.534265372500004));
#178=VERTEX_POINT('',#177);
#179=CARTESIAN_POINT('',(-6.900000000000002,-0.3,-2.534265372500004));
#180=DIRECTION('',(0.0,-1.0,0.0));
#181=VECTOR('',#180,2.0);
#182=LINE('',#179,#181);
#183=EDGE_CURVE('',#178,#170,#182,.T.);
#184=ORIENTED_EDGE('',*,*,#183,.F.);
#185=CARTESIAN_POINT('',(-6.900000000000002,-0.3,-2.500000000000004));
#186=VERTEX_POINT('',#185);
#187=CARTESIAN_POINT('',(-6.900000000000002,-0.3,-2.534265372500004));
#188=DIRECTION('',(0.0,0.0,1.0));
#189=VECTOR('',#188,0.0342653725);
#190=LINE('',#187,#189);
#191=EDGE_CURVE('',#178,#186,#190,.T.);
#192=ORIENTED_EDGE('',*,*,#191,.T.);
#193=CARTESIAN_POINT('',(-6.900000000000002,5.700000000000001,-2.500000000000004));
#194=VERTEX_POINT('',#193);
#195=CARTESIAN_POINT('',(-6.9,5.700000000000001,-2.500000000000004));
#196=DIRECTION('',(0.0,-1.0,0.0));
#197=VECTOR('',#196,6.000000000000001);
#198=LINE('',#195,#197);
#199=EDGE_CURVE('',#194,#186,#198,.T.);
#200=ORIENTED_EDGE('',*,*,#199,.F.);
#201=CARTESIAN_POINT('',(-6.900000000000002,5.700000000000001,-4.500000000000004));
#202=VERTEX_POINT('',#201);
#203=CARTESIAN_POINT('',(-6.900000000000002,5.700000000000001,-2.500000000000004));
#204=DIRECTION('',(0.0,0.0,-1.0));
#205=VECTOR('',#204,2.0);
#206=LINE('',#203,#205);
#207=EDGE_CURVE('',#194,#202,#206,.T.);
#208=ORIENTED_EDGE('',*,*,#207,.T.);
#209=CARTESIAN_POINT('',(-6.900000000000002,-0.3,-4.500000000000004));
#210=VERTEX_POINT('',#209);
#211=CARTESIAN_POINT('',(-6.9,-0.3,-4.500000000000004));
#212=DIRECTION('',(0.0,1.0,0.0));
#213=VECTOR('',#212,6.000000000000001);
#214=LINE('',#211,#213);
#215=EDGE_CURVE('',#210,#202,#214,.T.);
#216=ORIENTED_EDGE('',*,*,#215,.F.);
#217=CARTESIAN_POINT('',(-6.900000000000002,-2.3,-4.500132686250003));
#218=VERTEX_POINT('',#217);
#219=CARTESIAN_POINT('',(-6.900000000000002,-0.3,-4.500000000000004));
#220=DIRECTION('',(0.0,-1.0,0.0));
#221=VECTOR('',#220,2.0);
#222=LINE('',#219,#221);
#223=EDGE_CURVE('',#210,#218,#222,.T.);
#224=ORIENTED_EDGE('',*,*,#223,.T.);
#225=CARTESIAN_POINT('',(-6.900000000000002,-3.3,-4.200265372500003));
#226=VERTEX_POINT('',#225);
#227=CARTESIAN_POINT('',(-6.900000000000002,-2.3,-4.500265372500004));
#228=DIRECTION('',(0.0,-0.957826285221152,0.287347885566345));
#229=VECTOR('',#228,1.044030650891055);
#230=LINE('',#227,#229);
#231=EDGE_CURVE('',#218,#226,#230,.T.);
#232=ORIENTED_EDGE('',*,*,#231,.T.);
#233=CARTESIAN_POINT('',(-6.900000000000002,-3.3,-3.850265372500004));
#234=VERTEX_POINT('',#233);
#235=CARTESIAN_POINT('',(-6.900000000000002,-3.3,-3.850265372500004));
#236=DIRECTION('',(0.0,0.0,-1.0));
#237=VECTOR('',#236,0.35);
#238=LINE('',#235,#237);
#239=EDGE_CURVE('',#234,#226,#238,.T.);
#240=ORIENTED_EDGE('',*,*,#239,.F.);
#241=CARTESIAN_POINT('',(-6.900000000000002,-2.3,-3.850265372500004));
#242=DIRECTION('',(0.0,-1.0,0.0));
#243=VECTOR('',#242,1.0);
#244=LINE('',#241,#243);
#245=EDGE_CURVE('',#145,#234,#244,.T.);
#246=ORIENTED_EDGE('',*,*,#245,.F.);
#247=EDGE_LOOP('',(#151,#152,#160,#168,#176,#184,#192,#200,#208,#216,#224,#232,#240,#246));
#248=FACE_OUTER_BOUND('',#247,.T.);
#249=ADVANCED_FACE('',(#248),#143,.F.);
#250=CARTESIAN_POINT('',(6.550000000000002,-0.3,-3.850000000000003));
#251=DIRECTION('',(-1.0,0.0,0.0));
#252=DIRECTION('',(0.0,0.0,1.0));
#253=AXIS2_PLACEMENT_3D('',#250,#251,#252);
#254=PLANE('',#253);
#255=CARTESIAN_POINT('',(6.550000000000002,-0.3,-3.850000000000003));
#256=VERTEX_POINT('',#255);
#257=CARTESIAN_POINT('',(6.550000000000002,-0.3,-3.184265372500004));
#258=VERTEX_POINT('',#257);
#259=CARTESIAN_POINT('',(6.550000000000002,-0.3,-3.850000000000003));
#260=DIRECTION('',(0.0,0.0,1.0));
#261=VECTOR('',#260,0.6657346275);
#262=LINE('',#259,#261);
#263=EDGE_CURVE('',#256,#258,#262,.T.);
#264=ORIENTED_EDGE('',*,*,#263,.F.);
#265=CARTESIAN_POINT('',(6.550000000000002,-0.2,-3.850000000000003));
#266=VERTEX_POINT('',#265);
#267=CARTESIAN_POINT('',(6.550000000000002,-0.3,-3.850000000000003));
#268=DIRECTION('',(0.0,1.0,0.0));
#269=VECTOR('',#268,0.1);
#270=LINE('',#267,#269);
#271=EDGE_CURVE('',#256,#266,#270,.T.);
#272=ORIENTED_EDGE('',*,*,#271,.T.);
#273=CARTESIAN_POINT('',(6.550000000000002,-0.2,-3.184265372500004));
#274=VERTEX_POINT('',#273);
#275=CARTESIAN_POINT('',(6.550000000000002,-0.2,-3.850000000000003));
#276=DIRECTION('',(0.0,0.0,1.0));
#277=VECTOR('',#276,0.6657346275);
#278=LINE('',#275,#277);
#279=EDGE_CURVE('',#266,#274,#278,.T.);
#280=ORIENTED_EDGE('',*,*,#279,.T.);
#281=CARTESIAN_POINT('',(6.550000000000002,-0.3,-3.184265372500004));
#282=DIRECTION('',(0.0,1.0,0.0));
#283=VECTOR('',#282,0.1);
#284=LINE('',#281,#283);
#285=EDGE_CURVE('',#258,#274,#284,.T.);
#286=ORIENTED_EDGE('',*,*,#285,.F.);
#287=EDGE_LOOP('',(#264,#272,#280,#286));
#288=FACE_OUTER_BOUND('',#287,.T.);
#289=ADVANCED_FACE('',(#288),#254,.F.);
#290=CARTESIAN_POINT('',(6.725000000000002,-0.2,-3.517132686250004));
#291=DIRECTION('',(0.0,1.0,0.0));
#292=DIRECTION('',(0.0,0.0,1.0));
#293=AXIS2_PLACEMENT_3D('',#290,#291,#292);
#294=PLANE('',#293);
#295=CARTESIAN_POINT('',(6.900000000000002,-0.2,-3.184265372500004));
#296=VERTEX_POINT('',#295);
#297=CARTESIAN_POINT('',(6.900000000000002,-0.2,-3.850000000000003));
#298=VERTEX_POINT('',#297);
#299=CARTESIAN_POINT('',(6.9,-0.2,-3.184265372500004));
#300=DIRECTION('',(0.0,0.0,-1.0));
#301=VECTOR('',#300,0.6657346275);
#302=LINE('',#299,#301);
#303=EDGE_CURVE('',#296,#298,#302,.T.);
#304=ORIENTED_EDGE('',*,*,#303,.F.);
#305=CARTESIAN_POINT('',(6.550000000000002,-0.2,-3.184265372500004));
#306=DIRECTION('',(1.0,0.0,0.0));
#307=VECTOR('',#306,0.350000000000001);
#308=LINE('',#305,#307);
#309=EDGE_CURVE('',#274,#296,#308,.T.);
#310=ORIENTED_EDGE('',*,*,#309,.F.);
#311=ORIENTED_EDGE('',*,*,#279,.F.);
#312=CARTESIAN_POINT('',(6.900000000000002,-0.2,-3.850000000000003));
#313=DIRECTION('',(-1.0,0.0,0.0));
#314=VECTOR('',#313,0.350000000000001);
#315=LINE('',#312,#314);
#316=EDGE_CURVE('',#298,#266,#315,.T.);
#317=ORIENTED_EDGE('',*,*,#316,.F.);
#318=EDGE_LOOP('',(#304,#310,#311,#317));
#319=FACE_OUTER_BOUND('',#318,.T.);
#320=ADVANCED_FACE('',(#319),#294,.F.);
#321=CARTESIAN_POINT('',(6.9,2.7,-3.500000000000003));
#322=DIRECTION('',(1.0,0.0,0.0));
#323=DIRECTION('',(0.0,0.0,-1.0));
#324=AXIS2_PLACEMENT_3D('',#321,#322,#323);
#325=PLANE('',#324);
#326=CARTESIAN_POINT('',(6.900000000000002,-2.3,-3.850132686250003));
#327=VERTEX_POINT('',#326);
#328=CARTESIAN_POINT('',(6.900000000000002,-3.3,-3.850265372500004));
#329=VERTEX_POINT('',#328);
#330=CARTESIAN_POINT('',(6.900000000000002,-2.3,-3.850265372500004));
#331=DIRECTION('',(0.0,-1.0,0.0));
#332=VECTOR('',#331,1.0);
#333=LINE('',#330,#332);
#334=EDGE_CURVE('',#327,#329,#333,.T.);
#335=ORIENTED_EDGE('',*,*,#334,.T.);
#336=CARTESIAN_POINT('',(6.900000000000002,-3.3,-4.200265372500003));
#337=VERTEX_POINT('',#336);
#338=CARTESIAN_POINT('',(6.900000000000002,-3.3,-3.850265372500004));
#339=DIRECTION('',(0.0,0.0,-1.0));
#340=VECTOR('',#339,0.35);
#341=LINE('',#338,#340);
#342=EDGE_CURVE('',#329,#337,#341,.T.);
#343=ORIENTED_EDGE('',*,*,#342,.T.);
#344=CARTESIAN_POINT('',(6.900000000000002,-2.3,-4.500132686250003));
#345=VERTEX_POINT('',#344);
#346=CARTESIAN_POINT('',(6.900000000000002,-2.3,-4.500265372500004));
#347=DIRECTION('',(0.0,-0.957826285221152,0.287347885566345));
#348=VECTOR('',#347,1.044030650891055);
#349=LINE('',#346,#348);
#350=EDGE_CURVE('',#345,#337,#349,.T.);
#351=ORIENTED_EDGE('',*,*,#350,.F.);
#352=CARTESIAN_POINT('',(6.900000000000002,-0.3,-4.500000000000004));
#353=VERTEX_POINT('',#352);
#354=CARTESIAN_POINT('',(6.900000000000002,-0.3,-4.500000000000004));
#355=DIRECTION('',(0.0,-1.0,0.0));
#356=VECTOR('',#355,1.999999999999999);
#357=LINE('',#354,#356);
#358=EDGE_CURVE('',#353,#345,#357,.T.);
#359=ORIENTED_EDGE('',*,*,#358,.F.);
#360=CARTESIAN_POINT('',(6.900000000000002,5.700000000000001,-4.500000000000004));
#361=VERTEX_POINT('',#360);
#362=CARTESIAN_POINT('',(6.9,5.700000000000001,-4.500000000000004));
#363=DIRECTION('',(0.0,-1.0,0.0));
#364=VECTOR('',#363,6.000000000000001);
#365=LINE('',#362,#364);
#366=EDGE_CURVE('',#361,#353,#365,.T.);
#367=ORIENTED_EDGE('',*,*,#366,.F.);
#368=CARTESIAN_POINT('',(6.900000000000002,5.700000000000001,-2.500000000000004));
#369=VERTEX_POINT('',#368);
#370=CARTESIAN_POINT('',(6.900000000000002,5.700000000000001,-2.500000000000004));
#371=DIRECTION('',(0.0,0.0,-1.0));
#372=VECTOR('',#371,2.0);
#373=LINE('',#370,#372);
#374=EDGE_CURVE('',#369,#361,#373,.T.);
#375=ORIENTED_EDGE('',*,*,#374,.F.);
#376=CARTESIAN_POINT('',(6.900000000000002,-0.3,-2.500000000000004));
#377=VERTEX_POINT('',#376);
#378=CARTESIAN_POINT('',(6.9,-0.3,-2.500000000000004));
#379=DIRECTION('',(0.0,1.0,0.0));
#380=VECTOR('',#379,6.000000000000001);
#381=LINE('',#378,#380);
#382=EDGE_CURVE('',#377,#369,#381,.T.);
#383=ORIENTED_EDGE('',*,*,#382,.F.);
#384=CARTESIAN_POINT('',(6.900000000000002,-0.3,-2.534265372500004));
#385=VERTEX_POINT('',#384);
#386=CARTESIAN_POINT('',(6.900000000000002,-0.3,-2.534265372500004));
#387=DIRECTION('',(0.0,0.0,1.0));
#388=VECTOR('',#387,0.0342653725);
#389=LINE('',#386,#388);
#390=EDGE_CURVE('',#385,#377,#389,.T.);
#391=ORIENTED_EDGE('',*,*,#390,.F.);
#392=CARTESIAN_POINT('',(6.900000000000002,-2.3,-2.534265372500004));
#393=VERTEX_POINT('',#392);
#394=CARTESIAN_POINT('',(6.900000000000002,-0.3,-2.534265372500004));
#395=DIRECTION('',(0.0,-1.0,0.0));
#396=VECTOR('',#395,2.0);
#397=LINE('',#394,#396);
#398=EDGE_CURVE('',#385,#393,#397,.T.);
#399=ORIENTED_EDGE('',*,*,#398,.T.);
#400=CARTESIAN_POINT('',(6.900000000000002,-3.3,-2.834265372500004));
#401=VERTEX_POINT('',#400);
#402=CARTESIAN_POINT('',(6.900000000000002,-2.3,-2.534265372500004));
#403=DIRECTION('',(0.0,-0.957826285221151,-0.287347885566346));
#404=VECTOR('',#403,1.044030650891055);
#405=LINE('',#402,#404);
#406=EDGE_CURVE('',#393,#401,#405,.T.);
#407=ORIENTED_EDGE('',*,*,#406,.T.);
#408=CARTESIAN_POINT('',(6.900000000000002,-3.3,-3.184265372500004));
#409=VERTEX_POINT('',#408);
#410=CARTESIAN_POINT('',(6.900000000000002,-3.3,-3.184265372500004));
#411=DIRECTION('',(0.0,0.0,1.0));
#412=VECTOR('',#411,0.35);
#413=LINE('',#410,#412);
#414=EDGE_CURVE('',#409,#401,#413,.T.);
#415=ORIENTED_EDGE('',*,*,#414,.F.);
#416=CARTESIAN_POINT('',(6.900000000000002,-0.2,-3.184265372500004));
#417=DIRECTION('',(0.0,-1.0,0.0));
#418=VECTOR('',#417,3.100000000000001);
#419=LINE('',#416,#418);
#420=EDGE_CURVE('',#296,#409,#419,.T.);
#421=ORIENTED_EDGE('',*,*,#420,.F.);
#422=ORIENTED_EDGE('',*,*,#303,.T.);
#423=CARTESIAN_POINT('',(6.9,-0.2,-3.850000000000003));
#424=DIRECTION('',(0.0,-1.0,0.0));
#425=VECTOR('',#424,2.100000000000001);
#426=LINE('',#423,#425);
#427=EDGE_CURVE('',#298,#327,#426,.T.);
#428=ORIENTED_EDGE('',*,*,#427,.T.);
#429=EDGE_LOOP('',(#335,#343,#351,#359,#367,#375,#383,#391,#399,#407,#415,#421,#422,#428));
#430=FACE_OUTER_BOUND('',#429,.T.);
#431=ADVANCED_FACE('',(#430),#325,.T.);
#432=CARTESIAN_POINT('',(-2.733610062373342,3.050744437811834,-11.0));
#433=DIRECTION('',(-1.0,0.0,0.0));
#434=DIRECTION('',(0.0,-1.0,0.0));
#435=AXIS2_PLACEMENT_3D('',#432,#433,#434);
#436=PLANE('',#435);
#437=CARTESIAN_POINT('',(-2.733610062373342,2.740490960662469,-11.0));
#438=VERTEX_POINT('',#437);
#439=CARTESIAN_POINT('',(-2.733610062373342,3.050744437811834,-11.0));
#440=VERTEX_POINT('',#439);
#441=CARTESIAN_POINT('',(-2.733610062373342,2.740490960662469,-11.0));
#442=DIRECTION('',(0.0,1.0,0.0));
#443=VECTOR('',#442,0.310253477149365);
#444=LINE('',#441,#443);
#445=EDGE_CURVE('',#438,#440,#444,.T.);
#446=ORIENTED_EDGE('',*,*,#445,.F.);
#447=CARTESIAN_POINT('',(-2.733610062373342,2.740490960662469,-10.700000000000001));
#448=VERTEX_POINT('',#447);
#449=CARTESIAN_POINT('',(-2.733610062373342,2.740490960662469,-11.0));
#450=DIRECTION('',(0.0,0.0,1.0));
#451=VECTOR('',#450,0.300000000000001);
#452=LINE('',#449,#451);
#453=EDGE_CURVE('',#438,#448,#452,.T.);
#454=ORIENTED_EDGE('',*,*,#453,.T.);
#455=CARTESIAN_POINT('',(-2.733610062373342,3.050744437811834,-10.700000000000001));
#456=VERTEX_POINT('',#455);
#457=CARTESIAN_POINT('',(-2.733610062373342,3.050744437811834,-10.700000000000001));
#458=DIRECTION('',(0.0,-1.0,0.0));
#459=VECTOR('',#458,0.310253477149365);
#460=LINE('',#457,#459);
#461=EDGE_CURVE('',#456,#448,#460,.T.);
#462=ORIENTED_EDGE('',*,*,#461,.F.);
#463=CARTESIAN_POINT('',(-2.733610062373342,3.050744437811834,-11.0));
#464=DIRECTION('',(0.0,0.0,1.0));
#465=VECTOR('',#464,0.300000000000001);
#466=LINE('',#463,#465);
#467=EDGE_CURVE('',#440,#456,#466,.T.);
#468=ORIENTED_EDGE('',*,*,#467,.F.);
#469=EDGE_LOOP('',(#446,#454,#462,#468));
#470=FACE_OUTER_BOUND('',#469,.T.);
#471=ADVANCED_FACE('',(#470),#436,.T.);
#472=CARTESIAN_POINT('',(-3.258503163838167,3.050744437811834,-11.0));
#473=DIRECTION('',(0.0,-1.0,0.0));
#474=DIRECTION('',(1.0,0.0,0.0));
#475=AXIS2_PLACEMENT_3D('',#472,#473,#474);
#476=PLANE('',#475);
#477=CARTESIAN_POINT('',(-3.258503163838167,3.050744437811834,-11.0));
#478=VERTEX_POINT('',#477);
#479=CARTESIAN_POINT('',(-2.733610062373342,3.050744437811834,-11.0));
#480=DIRECTION('',(-1.0,0.0,0.0));
#481=VECTOR('',#480,0.524893101464825);
#482=LINE('',#479,#481);
#483=EDGE_CURVE('',#440,#478,#482,.T.);
#484=ORIENTED_EDGE('',*,*,#483,.F.);
#485=ORIENTED_EDGE('',*,*,#467,.T.);
#486=CARTESIAN_POINT('',(-3.258503163838167,3.050744437811834,-10.700000000000001));
#487=VERTEX_POINT('',#486);
#488=CARTESIAN_POINT('',(-3.258503163838167,3.050744437811834,-10.700000000000001));
#489=DIRECTION('',(1.0,0.0,0.0));
#490=VECTOR('',#489,0.524893101464825);
#491=LINE('',#488,#490);
#492=EDGE_CURVE('',#487,#456,#491,.T.);
#493=ORIENTED_EDGE('',*,*,#492,.F.);
#494=CARTESIAN_POINT('',(-3.258503163838167,3.050744437811834,-11.0));
#495=DIRECTION('',(0.0,0.0,1.0));
#496=VECTOR('',#495,0.300000000000001);
#497=LINE('',#494,#496);
#498=EDGE_CURVE('',#478,#487,#497,.T.);
#499=ORIENTED_EDGE('',*,*,#498,.F.);
#500=EDGE_LOOP('',(#484,#485,#493,#499));
#501=FACE_OUTER_BOUND('',#500,.T.);
#502=ADVANCED_FACE('',(#501),#476,.T.);
#503=CARTESIAN_POINT('',(-3.258503163838167,2.740490960662469,-11.0));
#504=DIRECTION('',(1.0,0.0,0.0));
#505=DIRECTION('',(0.0,1.0,0.0));
#506=AXIS2_PLACEMENT_3D('',#503,#504,#505);
#507=PLANE('',#506);
#508=CARTESIAN_POINT('',(-3.258503163838167,2.740490960662469,-11.0));
#509=VERTEX_POINT('',#508);
#510=CARTESIAN_POINT('',(-3.258503163838167,3.050744437811834,-11.0));
#511=DIRECTION('',(0.0,-1.0,0.0));
#512=VECTOR('',#511,0.310253477149365);
#513=LINE('',#510,#512);
#514=EDGE_CURVE('',#478,#509,#513,.T.);
#515=ORIENTED_EDGE('',*,*,#514,.F.);
#516=ORIENTED_EDGE('',*,*,#498,.T.);
#517=CARTESIAN_POINT('',(-3.258503163838167,2.740490960662469,-10.700000000000001));
#518=VERTEX_POINT('',#517);
#519=CARTESIAN_POINT('',(-3.258503163838167,2.740490960662469,-10.700000000000001));
#520=DIRECTION('',(0.0,1.0,0.0));
#521=VECTOR('',#520,0.310253477149365);
#522=LINE('',#519,#521);
#523=EDGE_CURVE('',#518,#487,#522,.T.);
#524=ORIENTED_EDGE('',*,*,#523,.F.);
#525=CARTESIAN_POINT('',(-3.258503163838167,2.740490960662469,-11.0));
#526=DIRECTION('',(0.0,0.0,1.0));
#527=VECTOR('',#526,0.300000000000001);
#528=LINE('',#525,#527);
#529=EDGE_CURVE('',#509,#518,#528,.T.);
#530=ORIENTED_EDGE('',*,*,#529,.F.);
#531=EDGE_LOOP('',(#515,#516,#524,#530));
#532=FACE_OUTER_BOUND('',#531,.T.);
#533=ADVANCED_FACE('',(#532),#507,.T.);
#534=CARTESIAN_POINT('',(-2.733610062373342,2.740490960662469,-11.0));
#535=DIRECTION('',(0.0,1.0,0.0));
#536=DIRECTION('',(-1.0,0.0,0.0));
#537=AXIS2_PLACEMENT_3D('',#534,#535,#536);
#538=PLANE('',#537);
#539=CARTESIAN_POINT('',(-3.258503163838167,2.740490960662469,-11.0));
#540=DIRECTION('',(1.0,0.0,0.0));
#541=VECTOR('',#540,0.524893101464825);
#542=LINE('',#539,#541);
#543=EDGE_CURVE('',#509,#438,#542,.T.);
#544=ORIENTED_EDGE('',*,*,#543,.F.);
#545=ORIENTED_EDGE('',*,*,#529,.T.);
#546=CARTESIAN_POINT('',(-2.733610062373342,2.740490960662469,-10.700000000000001));
#547=DIRECTION('',(-1.0,0.0,0.0));
#548=VECTOR('',#547,0.524893101464825);
#549=LINE('',#546,#548);
#550=EDGE_CURVE('',#448,#518,#549,.T.);
#551=ORIENTED_EDGE('',*,*,#550,.F.);
#552=ORIENTED_EDGE('',*,*,#453,.F.);
#553=EDGE_LOOP('',(#544,#545,#551,#552));
#554=FACE_OUTER_BOUND('',#553,.T.);
#555=ADVANCED_FACE('',(#554),#538,.T.);
#556=CARTESIAN_POINT('',(-2.996056613105754,2.895617699237152,-10.700000000000001));
#557=DIRECTION('',(0.0,0.0,1.0));
#558=DIRECTION('',(1.0,0.0,0.0));
#559=AXIS2_PLACEMENT_3D('',#556,#557,#558);
#560=PLANE('',#559);
#561=ORIENTED_EDGE('',*,*,#550,.T.);
#562=ORIENTED_EDGE('',*,*,#523,.T.);
#563=ORIENTED_EDGE('',*,*,#492,.T.);
#564=ORIENTED_EDGE('',*,*,#461,.T.);
#565=EDGE_LOOP('',(#561,#562,#563,#564));
#566=FACE_OUTER_BOUND('',#565,.T.);
#567=ADVANCED_FACE('',(#566),#560,.F.);
#568=CARTESIAN_POINT('',(2.733610062373342,3.050744437811834,-11.0));
#569=DIRECTION('',(-1.0,0.0,0.0));
#570=DIRECTION('',(0.0,-1.0,0.0));
#571=AXIS2_PLACEMENT_3D('',#568,#569,#570);
#572=PLANE('',#571);
#573=CARTESIAN_POINT('',(2.733610062373342,3.050744437811834,-11.0));
#574=VERTEX_POINT('',#573);
#575=CARTESIAN_POINT('',(2.733610062373342,2.740490960662469,-11.0));
#576=VERTEX_POINT('',#575);
#577=CARTESIAN_POINT('',(2.733610062373342,3.050744437811834,-11.0));
#578=DIRECTION('',(0.0,-1.0,0.0));
#579=VECTOR('',#578,0.310253477149365);
#580=LINE('',#577,#579);
#581=EDGE_CURVE('',#574,#576,#580,.T.);
#582=ORIENTED_EDGE('',*,*,#581,.F.);
#583=CARTESIAN_POINT('',(2.733610062373342,3.050744437811834,-10.700000000000001));
#584=VERTEX_POINT('',#583);
#585=CARTESIAN_POINT('',(2.733610062373342,3.050744437811834,-11.0));
#586=DIRECTION('',(0.0,0.0,1.0));
#587=VECTOR('',#586,0.300000000000001);
#588=LINE('',#585,#587);
#589=EDGE_CURVE('',#574,#584,#588,.T.);
#590=ORIENTED_EDGE('',*,*,#589,.T.);
#591=CARTESIAN_POINT('',(2.733610062373342,2.740490960662469,-10.700000000000001));
#592=VERTEX_POINT('',#591);
#593=CARTESIAN_POINT('',(2.733610062373342,3.050744437811834,-10.700000000000001));
#594=DIRECTION('',(0.0,-1.0,0.0));
#595=VECTOR('',#594,0.310253477149365);
#596=LINE('',#593,#595);
#597=EDGE_CURVE('',#584,#592,#596,.T.);
#598=ORIENTED_EDGE('',*,*,#597,.T.);
#599=CARTESIAN_POINT('',(2.733610062373342,2.740490960662469,-11.0));
#600=DIRECTION('',(0.0,0.0,1.0));
#601=VECTOR('',#600,0.300000000000001);
#602=LINE('',#599,#601);
#603=EDGE_CURVE('',#576,#592,#602,.T.);
#604=ORIENTED_EDGE('',*,*,#603,.F.);
#605=EDGE_LOOP('',(#582,#590,#598,#604));
#606=FACE_OUTER_BOUND('',#605,.T.);
#607=ADVANCED_FACE('',(#606),#572,.F.);
#608=CARTESIAN_POINT('',(3.258503163838167,3.050744437811834,-11.0));
#609=DIRECTION('',(0.0,1.0,0.0));
#610=DIRECTION('',(-1.0,0.0,0.0));
#611=AXIS2_PLACEMENT_3D('',#608,#609,#610);
#612=PLANE('',#611);
#613=CARTESIAN_POINT('',(3.258503163838167,3.050744437811834,-11.0));
#614=VERTEX_POINT('',#613);
#615=CARTESIAN_POINT('',(3.258503163838167,3.050744437811834,-11.0));
#616=DIRECTION('',(-1.0,0.0,0.0));
#617=VECTOR('',#616,0.524893101464825);
#618=LINE('',#615,#617);
#619=EDGE_CURVE('',#614,#574,#618,.T.);
#620=ORIENTED_EDGE('',*,*,#619,.F.);
#621=CARTESIAN_POINT('',(3.258503163838167,3.050744437811834,-10.700000000000001));
#622=VERTEX_POINT('',#621);
#623=CARTESIAN_POINT('',(3.258503163838167,3.050744437811834,-11.0));
#624=DIRECTION('',(0.0,0.0,1.0));
#625=VECTOR('',#624,0.300000000000001);
#626=LINE('',#623,#625);
#627=EDGE_CURVE('',#614,#622,#626,.T.);
#628=ORIENTED_EDGE('',*,*,#627,.T.);
#629=CARTESIAN_POINT('',(3.258503163838167,3.050744437811834,-10.700000000000001));
#630=DIRECTION('',(-1.0,0.0,0.0));
#631=VECTOR('',#630,0.524893101464825);
#632=LINE('',#629,#631);
#633=EDGE_CURVE('',#622,#584,#632,.T.);
#634=ORIENTED_EDGE('',*,*,#633,.T.);
#635=ORIENTED_EDGE('',*,*,#589,.F.);
#636=EDGE_LOOP('',(#620,#628,#634,#635));
#637=FACE_OUTER_BOUND('',#636,.T.);
#638=ADVANCED_FACE('',(#637),#612,.F.);
#639=CARTESIAN_POINT('',(3.258503163838167,2.740490960662469,-11.0));
#640=DIRECTION('',(1.0,0.0,0.0));
#641=DIRECTION('',(0.0,1.0,0.0));
#642=AXIS2_PLACEMENT_3D('',#639,#640,#641);
#643=PLANE('',#642);
#644=CARTESIAN_POINT('',(3.258503163838167,2.740490960662469,-11.0));
#645=VERTEX_POINT('',#644);
#646=CARTESIAN_POINT('',(3.258503163838167,2.740490960662469,-11.0));
#647=DIRECTION('',(0.0,1.0,0.0));
#648=VECTOR('',#647,0.310253477149365);
#649=LINE('',#646,#648);
#650=EDGE_CURVE('',#645,#614,#649,.T.);
#651=ORIENTED_EDGE('',*,*,#650,.F.);
#652=CARTESIAN_POINT('',(3.258503163838167,2.740490960662469,-10.700000000000001));
#653=VERTEX_POINT('',#652);
#654=CARTESIAN_POINT('',(3.258503163838167,2.740490960662469,-11.0));
#655=DIRECTION('',(0.0,0.0,1.0));
#656=VECTOR('',#655,0.300000000000001);
#657=LINE('',#654,#656);
#658=EDGE_CURVE('',#645,#653,#657,.T.);
#659=ORIENTED_EDGE('',*,*,#658,.T.);
#660=CARTESIAN_POINT('',(3.258503163838167,2.740490960662469,-10.700000000000001));
#661=DIRECTION('',(0.0,1.0,0.0));
#662=VECTOR('',#661,0.310253477149365);
#663=LINE('',#660,#662);
#664=EDGE_CURVE('',#653,#622,#663,.T.);
#665=ORIENTED_EDGE('',*,*,#664,.T.);
#666=ORIENTED_EDGE('',*,*,#627,.F.);
#667=EDGE_LOOP('',(#651,#659,#665,#666));
#668=FACE_OUTER_BOUND('',#667,.T.);
#669=ADVANCED_FACE('',(#668),#643,.F.);
#670=CARTESIAN_POINT('',(2.733610062373342,2.740490960662469,-11.0));
#671=DIRECTION('',(0.0,-1.0,0.0));
#672=DIRECTION('',(1.0,0.0,0.0));
#673=AXIS2_PLACEMENT_3D('',#670,#671,#672);
#674=PLANE('',#673);
#675=CARTESIAN_POINT('',(2.733610062373342,2.740490960662469,-11.0));
#676=DIRECTION('',(1.0,0.0,0.0));
#677=VECTOR('',#676,0.524893101464825);
#678=LINE('',#675,#677);
#679=EDGE_CURVE('',#576,#645,#678,.T.);
#680=ORIENTED_EDGE('',*,*,#679,.F.);
#681=ORIENTED_EDGE('',*,*,#603,.T.);
#682=CARTESIAN_POINT('',(2.733610062373342,2.740490960662469,-10.700000000000001));
#683=DIRECTION('',(1.0,0.0,0.0));
#684=VECTOR('',#683,0.524893101464825);
#685=LINE('',#682,#684);
#686=EDGE_CURVE('',#592,#653,#685,.T.);
#687=ORIENTED_EDGE('',*,*,#686,.T.);
#688=ORIENTED_EDGE('',*,*,#658,.F.);
#689=EDGE_LOOP('',(#680,#681,#687,#688));
#690=FACE_OUTER_BOUND('',#689,.T.);
#691=ADVANCED_FACE('',(#690),#674,.F.);
#692=CARTESIAN_POINT('',(2.996056613105754,2.895617699237152,-10.700000000000001));
#693=DIRECTION('',(0.0,0.0,-1.0));
#694=DIRECTION('',(-1.0,0.0,0.0));
#695=AXIS2_PLACEMENT_3D('',#692,#693,#694);
#696=PLANE('',#695);
#697=ORIENTED_EDGE('',*,*,#686,.F.);
#698=ORIENTED_EDGE('',*,*,#597,.F.);
#699=ORIENTED_EDGE('',*,*,#633,.F.);
#700=ORIENTED_EDGE('',*,*,#664,.F.);
#701=EDGE_LOOP('',(#697,#698,#699,#700));
#702=FACE_OUTER_BOUND('',#701,.T.);
#703=ADVANCED_FACE('',(#702),#696,.T.);
#704=CARTESIAN_POINT('',(-3.730052162914619,1.056697485986074,-11.0));
#705=CARTESIAN_POINT('',(-3.785157512196042,1.056697485986074,-11.0));
#706=CARTESIAN_POINT('',(-3.857280689932026,1.109371716916849,-11.0));
#707=CARTESIAN_POINT('',(-3.877540009520786,1.162045947847623,-11.0));
#708=CARTESIAN_POINT('',(-3.730052162914619,1.056697485986074,-11.100000000000001));
#709=CARTESIAN_POINT('',(-3.785157512196042,1.056697485986074,-11.100000000000001));
#710=CARTESIAN_POINT('',(-3.857280689932026,1.109371716916849,-11.100000000000001));
#711=CARTESIAN_POINT('',(-3.877540009520786,1.162045947847623,-11.100000000000001));
#712=B_SPLINE_SURFACE_WITH_KNOTS('',2,1,((#704,#708),(#705,#709),(#706,#710),(#707,#711)),.UNSPECIFIED.,.F.,.F.,.F.,(3,1,3),(2,2),(0.0,1.0,2.0),(0.0,0.01),.UNSPECIFIED.);
#713=CARTESIAN_POINT('',(-3.730052162914618,1.056697485986074,-11.0));
#714=VERTEX_POINT('',#713);
#715=CARTESIAN_POINT('',(-3.877540009520786,1.162045947847623,-11.0));
#716=VERTEX_POINT('',#715);
#717=CARTESIAN_POINT('',(-3.730052162914619,1.056697485986074,-11.0));
#718=CARTESIAN_POINT('',(-3.785157512196042,1.056697485986074,-11.0));
#719=CARTESIAN_POINT('',(-3.857280689932026,1.109371716916849,-11.0));
#720=CARTESIAN_POINT('',(-3.877540009520786,1.162045947847623,-11.0));
#721=QUASI_UNIFORM_CURVE('',2,(#717,#718,#719,#720),.UNSPECIFIED.,.F.,.U.);
#722=EDGE_CURVE('',#714,#716,#721,.T.);
#723=ORIENTED_EDGE('',*,*,#722,.F.);
#724=CARTESIAN_POINT('',(-3.730052162914618,1.056697485986074,-11.100000000000001));
#725=VERTEX_POINT('',#724);
#726=CARTESIAN_POINT('',(-3.730052162914618,1.056697485986074,-11.0));
#727=DIRECTION('',(0.0,0.0,-1.0));
#728=VECTOR('',#727,0.1);
#729=LINE('',#726,#728);
#730=EDGE_CURVE('',#714,#725,#729,.T.);
#731=ORIENTED_EDGE('',*,*,#730,.T.);
#732=CARTESIAN_POINT('',(-3.877540009520786,1.162045947847623,-11.100000000000001));
#733=VERTEX_POINT('',#732);
#734=CARTESIAN_POINT('',(-3.877540009520786,1.162045947847623,-11.100000000000001));
#735=CARTESIAN_POINT('',(-3.857280689932026,1.109371716916849,-11.100000000000001));
#736=CARTESIAN_POINT('',(-3.785157512196042,1.056697485986074,-11.100000000000001));
#737=CARTESIAN_POINT('',(-3.730052162914619,1.056697485986074,-11.100000000000001));
#738=QUASI_UNIFORM_CURVE('',2,(#734,#735,#736,#737),.UNSPECIFIED.,.F.,.U.);
#739=EDGE_CURVE('',#733,#725,#738,.T.);
#740=ORIENTED_EDGE('',*,*,#739,.F.);
#741=CARTESIAN_POINT('',(-3.877540009520786,1.162045947847623,-11.0));
#742=DIRECTION('',(0.0,0.0,-1.0));
#743=VECTOR('',#742,0.1);
#744=LINE('',#741,#743);
#745=EDGE_CURVE('',#716,#733,#744,.T.);
#746=ORIENTED_EDGE('',*,*,#745,.F.);
#747=EDGE_LOOP('',(#723,#731,#740,#746));
#748=FACE_OUTER_BOUND('',#747,.T.);
#749=ADVANCED_FACE('',(#748),#712,.F.);
#750=CARTESIAN_POINT('',(-3.580133197957798,1.164477066198274,-11.0));
#751=CARTESIAN_POINT('',(-3.599582144763007,1.11261320805105,-11.0));
#752=CARTESIAN_POINT('',(-3.67170532249899,1.056697485986074,-11.0));
#753=CARTESIAN_POINT('',(-3.730052162914619,1.056697485986074,-11.0));
#754=CARTESIAN_POINT('',(-3.580133197957798,1.164477066198274,-11.100000000000001));
#755=CARTESIAN_POINT('',(-3.599582144763007,1.11261320805105,-11.100000000000001));
#756=CARTESIAN_POINT('',(-3.67170532249899,1.056697485986074,-11.100000000000001));
#757=CARTESIAN_POINT('',(-3.730052162914619,1.056697485986074,-11.100000000000001));
#758=B_SPLINE_SURFACE_WITH_KNOTS('',2,1,((#750,#754),(#751,#755),(#752,#756),(#753,#757)),.UNSPECIFIED.,.F.,.F.,.F.,(3,1,3),(2,2),(0.0,1.0,2.0),(0.0,0.01),.UNSPECIFIED.);
#759=CARTESIAN_POINT('',(-3.580133197957798,1.164477066198274,-11.0));
#760=VERTEX_POINT('',#759);
#761=CARTESIAN_POINT('',(-3.580133197957798,1.164477066198274,-11.0));
#762=CARTESIAN_POINT('',(-3.599582144763007,1.11261320805105,-11.0));
#763=CARTESIAN_POINT('',(-3.67170532249899,1.056697485986074,-11.0));
#764=CARTESIAN_POINT('',(-3.730052162914619,1.056697485986074,-11.0));
#765=QUASI_UNIFORM_CURVE('',2,(#761,#762,#763,#764),.UNSPECIFIED.,.F.,.U.);
#766=EDGE_CURVE('',#760,#714,#765,.T.);
#767=ORIENTED_EDGE('',*,*,#766,.F.);
#768=CARTESIAN_POINT('',(-3.580133197957798,1.164477066198274,-11.100000000000001));
#769=VERTEX_POINT('',#768);
#770=CARTESIAN_POINT('',(-3.580133197957798,1.164477066198274,-11.0));
#771=DIRECTION('',(0.0,0.0,-1.0));
#772=VECTOR('',#771,0.1);
#773=LINE('',#770,#772);
#774=EDGE_CURVE('',#760,#769,#773,.T.);
#775=ORIENTED_EDGE('',*,*,#774,.T.);
#776=CARTESIAN_POINT('',(-3.730052162914619,1.056697485986074,-11.100000000000001));
#777=CARTESIAN_POINT('',(-3.67170532249899,1.056697485986074,-11.100000000000001));
#778=CARTESIAN_POINT('',(-3.599582144763007,1.11261320805105,-11.100000000000001));
#779=CARTESIAN_POINT('',(-3.580133197957798,1.164477066198274,-11.100000000000001));
#780=QUASI_UNIFORM_CURVE('',2,(#776,#777,#778,#779),.UNSPECIFIED.,.F.,.U.);
#781=EDGE_CURVE('',#725,#769,#780,.T.);
#782=ORIENTED_EDGE('',*,*,#781,.F.);
#783=ORIENTED_EDGE('',*,*,#730,.F.);
#784=EDGE_LOOP('',(#767,#775,#782,#783));
#785=FACE_OUTER_BOUND('',#784,.T.);
#786=ADVANCED_FACE('',(#785),#758,.F.);
#787=CARTESIAN_POINT('',(-3.546097541048683,1.465935741679013,-11.0));
#788=CARTESIAN_POINT('',(-3.546097541048683,1.360587279817465,-11.0));
#789=CARTESIAN_POINT('',(-3.559063505585489,1.2195824154797,-11.0));
#790=CARTESIAN_POINT('',(-3.580133197957798,1.164477066198274,-11.0));
#791=CARTESIAN_POINT('',(-3.546097541048683,1.465935741679013,-11.100000000000001));
#792=CARTESIAN_POINT('',(-3.546097541048683,1.360587279817465,-11.100000000000001));
#793=CARTESIAN_POINT('',(-3.559063505585489,1.2195824154797,-11.100000000000001));
#794=CARTESIAN_POINT('',(-3.580133197957798,1.164477066198274,-11.100000000000001));
#795=B_SPLINE_SURFACE_WITH_KNOTS('',2,1,((#787,#791),(#788,#792),(#789,#793),(#790,#794)),.UNSPECIFIED.,.F.,.F.,.F.,(3,1,3),(2,2),(0.0,1.0,2.0),(0.0,0.01),.UNSPECIFIED.);
#796=CARTESIAN_POINT('',(-3.546097541048683,1.465935741679013,-11.0));
#797=VERTEX_POINT('',#796);
#798=CARTESIAN_POINT('',(-3.546097541048683,1.465935741679013,-11.0));
#799=CARTESIAN_POINT('',(-3.546097541048683,1.360587279817465,-11.0));
#800=CARTESIAN_POINT('',(-3.559063505585489,1.2195824154797,-11.0));
#801=CARTESIAN_POINT('',(-3.580133197957798,1.164477066198274,-11.0));
#802=QUASI_UNIFORM_CURVE('',2,(#798,#799,#800,#801),.UNSPECIFIED.,.F.,.U.);
#803=EDGE_CURVE('',#797,#760,#802,.T.);
#804=ORIENTED_EDGE('',*,*,#803,.F.);
#805=CARTESIAN_POINT('',(-3.546097541048683,1.465935741679013,-11.100000000000001));
#806=VERTEX_POINT('',#805);
#807=CARTESIAN_POINT('',(-3.546097541048683,1.465935741679013,-11.0));
#808=DIRECTION('',(0.0,0.0,-1.0));
#809=VECTOR('',#808,0.1);
#810=LINE('',#807,#809);
#811=EDGE_CURVE('',#797,#806,#810,.T.);
#812=ORIENTED_EDGE('',*,*,#811,.T.);
#813=CARTESIAN_POINT('',(-3.580133197957798,1.164477066198274,-11.100000000000001));
#814=CARTESIAN_POINT('',(-3.559063505585489,1.2195824154797,-11.100000000000001));
#815=CARTESIAN_POINT('',(-3.546097541048683,1.360587279817465,-11.100000000000001));
#816=CARTESIAN_POINT('',(-3.546097541048683,1.465935741679013,-11.100000000000001));
#817=QUASI_UNIFORM_CURVE('',2,(#813,#814,#815,#816),.UNSPECIFIED.,.F.,.U.);
#818=EDGE_CURVE('',#769,#806,#817,.T.);
#819=ORIENTED_EDGE('',*,*,#818,.F.);
#820=ORIENTED_EDGE('',*,*,#774,.F.);
#821=EDGE_LOOP('',(#804,#812,#819,#820));
#822=FACE_OUTER_BOUND('',#821,.T.);
#823=ADVANCED_FACE('',(#822),#795,.F.);
#824=CARTESIAN_POINT('',(-3.580943570741348,1.770635908293954,-11.0));
#825=CARTESIAN_POINT('',(-3.560684251152591,1.71958242293028,-11.0));
#826=CARTESIAN_POINT('',(-3.546097541048683,1.563990848488608,-11.0));
#827=CARTESIAN_POINT('',(-3.546097541048683,1.465935741679013,-11.0));
#828=CARTESIAN_POINT('',(-3.580943570741348,1.770635908293954,-11.100000000000001));
#829=CARTESIAN_POINT('',(-3.560684251152591,1.71958242293028,-11.100000000000001));
#830=CARTESIAN_POINT('',(-3.546097541048683,1.563990848488608,-11.100000000000001));
#831=CARTESIAN_POINT('',(-3.546097541048683,1.465935741679013,-11.100000000000001));
#832=B_SPLINE_SURFACE_WITH_KNOTS('',2,1,((#824,#828),(#825,#829),(#826,#830),(#827,#831)),.UNSPECIFIED.,.F.,.F.,.F.,(3,1,3),(2,2),(0.0,1.0,2.0),(0.0,0.01),.UNSPECIFIED.);
#833=CARTESIAN_POINT('',(-3.580943570741348,1.770635908293954,-11.0));
#834=VERTEX_POINT('',#833);
#835=CARTESIAN_POINT('',(-3.580943570741348,1.770635908293954,-11.0));
#836=CARTESIAN_POINT('',(-3.560684251152591,1.71958242293028,-11.0));
#837=CARTESIAN_POINT('',(-3.546097541048683,1.563990848488608,-11.0));
#838=CARTESIAN_POINT('',(-3.546097541048683,1.465935741679013,-11.0));
#839=QUASI_UNIFORM_CURVE('',2,(#835,#836,#837,#838),.UNSPECIFIED.,.F.,.U.);
#840=EDGE_CURVE('',#834,#797,#839,.T.);
#841=ORIENTED_EDGE('',*,*,#840,.F.);
#842=CARTESIAN_POINT('',(-3.580943570741348,1.770635908293954,-11.100000000000001));
#843=VERTEX_POINT('',#842);
#844=CARTESIAN_POINT('',(-3.580943570741348,1.770635908293954,-11.0));
#845=DIRECTION('',(0.0,0.0,-1.0));
#846=VECTOR('',#845,0.1);
#847=LINE('',#844,#846);
#848=EDGE_CURVE('',#834,#843,#847,.T.);
#849=ORIENTED_EDGE('',*,*,#848,.T.);
#850=CARTESIAN_POINT('',(-3.546097541048683,1.465935741679013,-11.100000000000001));
#851=CARTESIAN_POINT('',(-3.546097541048683,1.563990848488608,-11.100000000000001));
#852=CARTESIAN_POINT('',(-3.560684251152591,1.71958242293028,-11.100000000000001));
#853=CARTESIAN_POINT('',(-3.580943570741348,1.770635908293954,-11.100000000000001));
#854=QUASI_UNIFORM_CURVE('',2,(#850,#851,#852,#853),.UNSPECIFIED.,.F.,.U.);
#855=EDGE_CURVE('',#806,#843,#854,.T.);
#856=ORIENTED_EDGE('',*,*,#855,.F.);
#857=ORIENTED_EDGE('',*,*,#811,.F.);
#858=EDGE_LOOP('',(#841,#849,#856,#857));
#859=FACE_OUTER_BOUND('',#858,.T.);
#860=ADVANCED_FACE('',(#859),#832,.F.);
#861=CARTESIAN_POINT('',(-3.730052162914619,1.875984370155502,-11.0));
#862=CARTESIAN_POINT('',(-3.674136440849642,1.875984370155502,-11.0));
#863=CARTESIAN_POINT('',(-3.602013263113659,1.823310139224728,-11.0));
#864=CARTESIAN_POINT('',(-3.580943570741348,1.770635908293954,-11.0));
#865=CARTESIAN_POINT('',(-3.730052162914619,1.875984370155502,-11.100000000000001));
#866=CARTESIAN_POINT('',(-3.674136440849642,1.875984370155502,-11.100000000000001));
#867=CARTESIAN_POINT('',(-3.602013263113659,1.823310139224728,-11.100000000000001));
#868=CARTESIAN_POINT('',(-3.580943570741348,1.770635908293954,-11.100000000000001));
#869=B_SPLINE_SURFACE_WITH_KNOTS('',2,1,((#861,#865),(#862,#866),(#863,#867),(#864,#868)),.UNSPECIFIED.,.F.,.F.,.F.,(3,1,3),(2,2),(0.0,1.0,2.0),(0.0,0.01),.UNSPECIFIED.);
#870=CARTESIAN_POINT('',(-3.730052162914619,1.875984370155502,-11.0));
#871=VERTEX_POINT('',#870);
#872=CARTESIAN_POINT('',(-3.730052162914619,1.875984370155502,-11.0));
#873=CARTESIAN_POINT('',(-3.674136440849642,1.875984370155502,-11.0));
#874=CARTESIAN_POINT('',(-3.602013263113659,1.823310139224728,-11.0));
#875=CARTESIAN_POINT('',(-3.580943570741348,1.770635908293954,-11.0));
#876=QUASI_UNIFORM_CURVE('',2,(#872,#873,#874,#875),.UNSPECIFIED.,.F.,.U.);
#877=EDGE_CURVE('',#871,#834,#876,.T.);
#878=ORIENTED_EDGE('',*,*,#877,.F.);
#879=CARTESIAN_POINT('',(-3.730052162914619,1.875984370155502,-11.100000000000001));
#880=VERTEX_POINT('',#879);
#881=CARTESIAN_POINT('',(-3.730052162914619,1.875984370155502,-11.0));
#882=DIRECTION('',(0.0,0.0,-1.0));
#883=VECTOR('',#882,0.1);
#884=LINE('',#881,#883);
#885=EDGE_CURVE('',#871,#880,#884,.T.);
#886=ORIENTED_EDGE('',*,*,#885,.T.);
#887=CARTESIAN_POINT('',(-3.580943570741348,1.770635908293954,-11.100000000000001));
#888=CARTESIAN_POINT('',(-3.602013263113659,1.823310139224728,-11.100000000000001));
#889=CARTESIAN_POINT('',(-3.674136440849642,1.875984370155502,-11.100000000000001));
#890=CARTESIAN_POINT('',(-3.730052162914619,1.875984370155502,-11.100000000000001));
#891=QUASI_UNIFORM_CURVE('',2,(#887,#888,#889,#890),.UNSPECIFIED.,.F.,.U.);
#892=EDGE_CURVE('',#843,#880,#891,.T.);
#893=ORIENTED_EDGE('',*,*,#892,.F.);
#894=ORIENTED_EDGE('',*,*,#848,.F.);
#895=EDGE_LOOP('',(#878,#886,#893,#894));
#896=FACE_OUTER_BOUND('',#895,.T.);
#897=ADVANCED_FACE('',(#896),#869,.F.);
#898=CARTESIAN_POINT('',(-3.876729636737235,1.772256653861055,-11.0));
#899=CARTESIAN_POINT('',(-3.856470317148477,1.823310139224728,-11.0));
#900=CARTESIAN_POINT('',(-3.785967884979593,1.875984370155502,-11.0));
#901=CARTESIAN_POINT('',(-3.730052162914619,1.875984370155502,-11.0));
#902=CARTESIAN_POINT('',(-3.876729636737235,1.772256653861055,-11.100000000000001));
#903=CARTESIAN_POINT('',(-3.856470317148477,1.823310139224728,-11.100000000000001));
#904=CARTESIAN_POINT('',(-3.785967884979593,1.875984370155502,-11.100000000000001));
#905=CARTESIAN_POINT('',(-3.730052162914619,1.875984370155502,-11.100000000000001));
#906=B_SPLINE_SURFACE_WITH_KNOTS('',2,1,((#898,#902),(#899,#903),(#900,#904),(#901,#905)),.UNSPECIFIED.,.F.,.F.,.F.,(3,1,3),(2,2),(0.0,1.0,2.0),(0.0,0.01),.UNSPECIFIED.);
#907=CARTESIAN_POINT('',(-3.876729636737235,1.772256653861054,-11.0));
#908=VERTEX_POINT('',#907);
#909=CARTESIAN_POINT('',(-3.876729636737235,1.772256653861055,-11.0));
#910=CARTESIAN_POINT('',(-3.856470317148477,1.823310139224728,-11.0));
#911=CARTESIAN_POINT('',(-3.785967884979593,1.875984370155502,-11.0));
#912=CARTESIAN_POINT('',(-3.730052162914619,1.875984370155502,-11.0));
#913=QUASI_UNIFORM_CURVE('',2,(#909,#910,#911,#912),.UNSPECIFIED.,.F.,.U.);
#914=EDGE_CURVE('',#908,#871,#913,.T.);
#915=ORIENTED_EDGE('',*,*,#914,.F.);
#916=CARTESIAN_POINT('',(-3.876729636737235,1.772256653861054,-11.100000000000001));
#917=VERTEX_POINT('',#916);
#918=CARTESIAN_POINT('',(-3.876729636737235,1.772256653861054,-11.0));
#919=DIRECTION('',(0.0,0.0,-1.0));
#920=VECTOR('',#919,0.1);
#921=LINE('',#918,#920);
#922=EDGE_CURVE('',#908,#917,#921,.T.);
#923=ORIENTED_EDGE('',*,*,#922,.T.);
#924=CARTESIAN_POINT('',(-3.730052162914619,1.875984370155502,-11.100000000000001));
#925=CARTESIAN_POINT('',(-3.785967884979593,1.875984370155502,-11.100000000000001));
#926=CARTESIAN_POINT('',(-3.856470317148477,1.823310139224728,-11.100000000000001));
#927=CARTESIAN_POINT('',(-3.876729636737235,1.772256653861055,-11.100000000000001));
#928=QUASI_UNIFORM_CURVE('',2,(#924,#925,#926,#927),.UNSPECIFIED.,.F.,.U.);
#929=EDGE_CURVE('',#880,#917,#928,.T.);
#930=ORIENTED_EDGE('',*,*,#929,.F.);
#931=ORIENTED_EDGE('',*,*,#885,.F.);
#932=EDGE_LOOP('',(#915,#923,#930,#931));
#933=FACE_OUTER_BOUND('',#932,.T.);
#934=ADVANCED_FACE('',(#933),#906,.F.);
#935=CARTESIAN_POINT('',(-3.913196411997002,1.466746114462564,-11.0));
#936=CARTESIAN_POINT('',(-3.913196411997002,1.569663457973461,-11.0));
#937=CARTESIAN_POINT('',(-3.896988956325995,1.721203168497381,-11.0));
#938=CARTESIAN_POINT('',(-3.876729636737235,1.772256653861055,-11.0));
#939=CARTESIAN_POINT('',(-3.913196411997002,1.466746114462564,-11.100000000000001));
#940=CARTESIAN_POINT('',(-3.913196411997002,1.569663457973461,-11.100000000000001));
#941=CARTESIAN_POINT('',(-3.896988956325995,1.721203168497381,-11.100000000000001));
#942=CARTESIAN_POINT('',(-3.876729636737235,1.772256653861055,-11.100000000000001));
#943=B_SPLINE_SURFACE_WITH_KNOTS('',2,1,((#935,#939),(#936,#940),(#937,#941),(#938,#942)),.UNSPECIFIED.,.F.,.F.,.F.,(3,1,3),(2,2),(0.0,1.0,2.0),(0.0,0.01),.UNSPECIFIED.);
#944=CARTESIAN_POINT('',(-3.913196411997002,1.466746114462564,-11.0));
#945=VERTEX_POINT('',#944);
#946=CARTESIAN_POINT('',(-3.913196411997002,1.466746114462564,-11.0));
#947=CARTESIAN_POINT('',(-3.913196411997002,1.569663457973461,-11.0));
#948=CARTESIAN_POINT('',(-3.896988956325995,1.721203168497381,-11.0));
#949=CARTESIAN_POINT('',(-3.876729636737235,1.772256653861055,-11.0));
#950=QUASI_UNIFORM_CURVE('',2,(#946,#947,#948,#949),.UNSPECIFIED.,.F.,.U.);
#951=EDGE_CURVE('',#945,#908,#950,.T.);
#952=ORIENTED_EDGE('',*,*,#951,.F.);
#953=CARTESIAN_POINT('',(-3.913196411997002,1.466746114462564,-11.100000000000001));
#954=VERTEX_POINT('',#953);
#955=CARTESIAN_POINT('',(-3.913196411997002,1.466746114462564,-11.0));
#956=DIRECTION('',(0.0,0.0,-1.0));
#957=VECTOR('',#956,0.1);
#958=LINE('',#955,#957);
#959=EDGE_CURVE('',#945,#954,#958,.T.);
#960=ORIENTED_EDGE('',*,*,#959,.T.);
#961=CARTESIAN_POINT('',(-3.876729636737235,1.772256653861055,-11.100000000000001));
#962=CARTESIAN_POINT('',(-3.896988956325995,1.721203168497381,-11.100000000000001));
#963=CARTESIAN_POINT('',(-3.913196411997002,1.569663457973461,-11.100000000000001));
#964=CARTESIAN_POINT('',(-3.913196411997002,1.466746114462564,-11.100000000000001));
#965=QUASI_UNIFORM_CURVE('',2,(#961,#962,#963,#964),.UNSPECIFIED.,.F.,.U.);
#966=EDGE_CURVE('',#917,#954,#965,.T.);
#967=ORIENTED_EDGE('',*,*,#966,.F.);
#968=ORIENTED_EDGE('',*,*,#922,.F.);
#969=EDGE_LOOP('',(#952,#960,#967,#968));
#970=FACE_OUTER_BOUND('',#969,.T.);
#971=ADVANCED_FACE('',(#970),#943,.F.);
#972=CARTESIAN_POINT('',(-3.877540009520786,1.162045947847623,-11.0));
#973=CARTESIAN_POINT('',(-3.896988956325995,1.211478687644196,-11.0));
#974=CARTESIAN_POINT('',(-3.913196411997002,1.363828770951666,-11.0));
#975=CARTESIAN_POINT('',(-3.913196411997002,1.466746114462564,-11.0));
#976=CARTESIAN_POINT('',(-3.877540009520786,1.162045947847623,-11.100000000000001));
#977=CARTESIAN_POINT('',(-3.896988956325995,1.211478687644196,-11.100000000000001));
#978=CARTESIAN_POINT('',(-3.913196411997002,1.363828770951666,-11.100000000000001));
#979=CARTESIAN_POINT('',(-3.913196411997002,1.466746114462564,-11.100000000000001));
#980=B_SPLINE_SURFACE_WITH_KNOTS('',2,1,((#972,#976),(#973,#977),(#974,#978),(#975,#979)),.UNSPECIFIED.,.F.,.F.,.F.,(3,1,3),(2,2),(0.0,1.0,2.0),(0.0,0.01),.UNSPECIFIED.);
#981=CARTESIAN_POINT('',(-3.877540009520786,1.162045947847623,-11.0));
#982=CARTESIAN_POINT('',(-3.896988956325995,1.211478687644196,-11.0));
#983=CARTESIAN_POINT('',(-3.913196411997002,1.363828770951666,-11.0));
#984=CARTESIAN_POINT('',(-3.913196411997002,1.466746114462564,-11.0));
#985=QUASI_UNIFORM_CURVE('',2,(#981,#982,#983,#984),.UNSPECIFIED.,.F.,.U.);
#986=EDGE_CURVE('',#716,#945,#985,.T.);
#987=ORIENTED_EDGE('',*,*,#986,.F.);
#988=ORIENTED_EDGE('',*,*,#745,.T.);
#989=CARTESIAN_POINT('',(-3.913196411997002,1.466746114462564,-11.100000000000001));
#990=CARTESIAN_POINT('',(-3.913196411997002,1.363828770951666,-11.100000000000001));
#991=CARTESIAN_POINT('',(-3.896988956325995,1.211478687644196,-11.100000000000001));
#992=CARTESIAN_POINT('',(-3.877540009520786,1.162045947847623,-11.100000000000001));
#993=QUASI_UNIFORM_CURVE('',2,(#989,#990,#991,#992),.UNSPECIFIED.,.F.,.U.);
#994=EDGE_CURVE('',#954,#733,#993,.T.);
#995=ORIENTED_EDGE('',*,*,#994,.F.);
#996=ORIENTED_EDGE('',*,*,#959,.F.);
#997=EDGE_LOOP('',(#987,#988,#995,#996));
#998=FACE_OUTER_BOUND('',#997,.T.);
#999=ADVANCED_FACE('',(#998),#980,.F.);
#1000=CARTESIAN_POINT('',(-3.409954913412221,1.465935741679013,-11.0));
#1001=CARTESIAN_POINT('',(-3.409954913412221,1.202564587025142,-11.0));
#1002=CARTESIAN_POINT('',(-3.564736115070342,0.945676414639673,-11.0));
#1003=CARTESIAN_POINT('',(-3.730052162914619,0.945676414639673,-11.0));
#1004=CARTESIAN_POINT('',(-3.409954913412221,1.465935741679013,-11.100000000000001));
#1005=CARTESIAN_POINT('',(-3.409954913412221,1.202564587025142,-11.100000000000001));
#1006=CARTESIAN_POINT('',(-3.564736115070342,0.945676414639673,-11.100000000000001));
#1007=CARTESIAN_POINT('',(-3.730052162914619,0.945676414639673,-11.100000000000001));
#1008=B_SPLINE_SURFACE_WITH_KNOTS('',2,1,((#1000,#1004),(#1001,#1005),(#1002,#1006),(#1003,#1007)),.UNSPECIFIED.,.F.,.F.,.F.,(3,1,3),(2,2),(-2.0,-1.0,0.0),(0.0,0.01),.UNSPECIFIED.);
#1009=CARTESIAN_POINT('',(-3.730052162914619,0.945676414639673,-11.0));
#1010=VERTEX_POINT('',#1009);
#1011=CARTESIAN_POINT('',(-3.409954913412221,1.465935741679013,-11.0));
#1012=VERTEX_POINT('',#1011);
#1013=CARTESIAN_POINT('',(-3.730052162914619,0.945676414639673,-11.0));
#1014=CARTESIAN_POINT('',(-3.564736115070342,0.945676414639673,-11.0));
#1015=CARTESIAN_POINT('',(-3.409954913412221,1.202564587025142,-11.0));
#1016=CARTESIAN_POINT('',(-3.409954913412221,1.465935741679013,-11.0));
#1017=QUASI_UNIFORM_CURVE('',2,(#1013,#1014,#1015,#1016),.UNSPECIFIED.,.F.,.U.);
#1018=EDGE_CURVE('',#1010,#1012,#1017,.T.);
#1019=ORIENTED_EDGE('',*,*,#1018,.F.);
#1020=CARTESIAN_POINT('',(-3.730052162914619,0.945676414639673,-11.100000000000001));
#1021=VERTEX_POINT('',#1020);
#1022=CARTESIAN_POINT('',(-3.730052162914619,0.945676414639673,-11.0));
#1023=DIRECTION('',(0.0,0.0,-1.0));
#1024=VECTOR('',#1023,0.1);
#1025=LINE('',#1022,#1024);
#1026=EDGE_CURVE('',#1010,#1021,#1025,.T.);
#1027=ORIENTED_EDGE('',*,*,#1026,.T.);
#1028=CARTESIAN_POINT('',(-3.409954913412221,1.465935741679013,-11.100000000000001));
#1029=VERTEX_POINT('',#1028);
#1030=CARTESIAN_POINT('',(-3.409954913412221,1.465935741679013,-11.100000000000001));
#1031=CARTESIAN_POINT('',(-3.409954913412221,1.202564587025142,-11.100000000000001));
#1032=CARTESIAN_POINT('',(-3.564736115070342,0.945676414639673,-11.100000000000001));
#1033=CARTESIAN_POINT('',(-3.730052162914619,0.945676414639673,-11.100000000000001));
#1034=QUASI_UNIFORM_CURVE('',2,(#1030,#1031,#1032,#1033),.UNSPECIFIED.,.F.,.U.);
#1035=EDGE_CURVE('',#1029,#1021,#1034,.T.);
#1036=ORIENTED_EDGE('',*,*,#1035,.F.);
#1037=CARTESIAN_POINT('',(-3.409954913412221,1.465935741679013,-11.0));
#1038=DIRECTION('',(0.0,0.0,-1.0));
#1039=VECTOR('',#1038,0.1);
#1040=LINE('',#1037,#1039);
#1041=EDGE_CURVE('',#1012,#1029,#1040,.T.);
#1042=ORIENTED_EDGE('',*,*,#1041,.F.);
#1043=EDGE_LOOP('',(#1019,#1027,#1036,#1042));
#1044=FACE_OUTER_BOUND('',#1043,.T.);
#1045=ADVANCED_FACE('',(#1044),#1008,.T.);
#1046=CARTESIAN_POINT('',(-3.730052162914619,1.987005441501903,-11.0));
#1047=CARTESIAN_POINT('',(-3.566356860637443,1.987005441501903,-11.0));
#1048=CARTESIAN_POINT('',(-3.409954913412221,1.736600251384838,-11.0));
#1049=CARTESIAN_POINT('',(-3.409954913412221,1.465935741679013,-11.0));
#1050=CARTESIAN_POINT('',(-3.730052162914619,1.987005441501903,-11.100000000000001));
#1051=CARTESIAN_POINT('',(-3.566356860637443,1.987005441501903,-11.100000000000001));
#1052=CARTESIAN_POINT('',(-3.409954913412221,1.736600251384838,-11.100000000000001));
#1053=CARTESIAN_POINT('',(-3.409954913412221,1.465935741679013,-11.100000000000001));
#1054=B_SPLINE_SURFACE_WITH_KNOTS('',2,1,((#1046,#1050),(#1047,#1051),(#1048,#1052),(#1049,#1053)),.UNSPECIFIED.,.F.,.F.,.F.,(3,1,3),(2,2),(-2.0,-1.0,0.0),(0.0,0.01),.UNSPECIFIED.);
#1055=CARTESIAN_POINT('',(-3.730052162914619,1.987005441501903,-11.0));
#1056=VERTEX_POINT('',#1055);
#1057=CARTESIAN_POINT('',(-3.409954913412221,1.465935741679013,-11.0));
#1058=CARTESIAN_POINT('',(-3.409954913412221,1.736600251384838,-11.0));
#1059=CARTESIAN_POINT('',(-3.566356860637443,1.987005441501903,-11.0));
#1060=CARTESIAN_POINT('',(-3.730052162914619,1.987005441501903,-11.0));
#1061=QUASI_UNIFORM_CURVE('',2,(#1057,#1058,#1059,#1060),.UNSPECIFIED.,.F.,.U.);
#1062=EDGE_CURVE('',#1012,#1056,#1061,.T.);
#1063=ORIENTED_EDGE('',*,*,#1062,.F.);
#1064=ORIENTED_EDGE('',*,*,#1041,.T.);
#1065=CARTESIAN_POINT('',(-3.730052162914619,1.987005441501903,-11.100000000000001));
#1066=VERTEX_POINT('',#1065);
#1067=CARTESIAN_POINT('',(-3.730052162914619,1.987005441501903,-11.100000000000001));
#1068=CARTESIAN_POINT('',(-3.566356860637443,1.987005441501903,-11.100000000000001));
#1069=CARTESIAN_POINT('',(-3.409954913412221,1.736600251384838,-11.100000000000001));
#1070=CARTESIAN_POINT('',(-3.409954913412221,1.465935741679013,-11.100000000000001));
#1071=QUASI_UNIFORM_CURVE('',2,(#1067,#1068,#1069,#1070),.UNSPECIFIED.,.F.,.U.);
#1072=EDGE_CURVE('',#1066,#1029,#1071,.T.);
#1073=ORIENTED_EDGE('',*,*,#1072,.F.);
#1074=CARTESIAN_POINT('',(-3.730052162914619,1.987005441501903,-11.0));
#1075=DIRECTION('',(0.0,0.0,-1.0));
#1076=VECTOR('',#1075,0.1);
#1077=LINE('',#1074,#1076);
#1078=EDGE_CURVE('',#1056,#1066,#1077,.T.);
#1079=ORIENTED_EDGE('',*,*,#1078,.F.);
#1080=EDGE_LOOP('',(#1063,#1064,#1073,#1079));
#1081=FACE_OUTER_BOUND('',#1080,.T.);
#1082=ADVANCED_FACE('',(#1081),#1054,.T.);
#1083=CARTESIAN_POINT('',(-4.049339039633466,1.466746114462564,-11.0));
#1084=CARTESIAN_POINT('',(-4.049339039633466,1.727686150765784,-11.0));
#1085=CARTESIAN_POINT('',(-3.894557837975343,1.987005441501903,-11.0));
#1086=CARTESIAN_POINT('',(-3.730052162914619,1.987005441501903,-11.0));
#1087=CARTESIAN_POINT('',(-4.049339039633466,1.466746114462564,-11.100000000000001));
#1088=CARTESIAN_POINT('',(-4.049339039633466,1.727686150765784,-11.100000000000001));
#1089=CARTESIAN_POINT('',(-3.894557837975343,1.987005441501903,-11.100000000000001));
#1090=CARTESIAN_POINT('',(-3.730052162914619,1.987005441501903,-11.100000000000001));
#1091=B_SPLINE_SURFACE_WITH_KNOTS('',2,1,((#1083,#1087),(#1084,#1088),(#1085,#1089),(#1086,#1090)),.UNSPECIFIED.,.F.,.F.,.F.,(3,1,3),(2,2),(-2.0,-1.0,0.0),(0.0,0.01),.UNSPECIFIED.);
#1092=CARTESIAN_POINT('',(-4.049339039633466,1.466746114462564,-11.0));
#1093=VERTEX_POINT('',#1092);
#1094=CARTESIAN_POINT('',(-3.730052162914619,1.987005441501903,-11.0));
#1095=CARTESIAN_POINT('',(-3.894557837975343,1.987005441501903,-11.0));
#1096=CARTESIAN_POINT('',(-4.049339039633466,1.727686150765784,-11.0));
#1097=CARTESIAN_POINT('',(-4.049339039633466,1.466746114462564,-11.0));
#1098=QUASI_UNIFORM_CURVE('',2,(#1094,#1095,#1096,#1097),.UNSPECIFIED.,.F.,.U.);
#1099=EDGE_CURVE('',#1056,#1093,#1098,.T.);
#1100=ORIENTED_EDGE('',*,*,#1099,.F.);
#1101=ORIENTED_EDGE('',*,*,#1078,.T.);
#1102=CARTESIAN_POINT('',(-4.049339039633466,1.466746114462564,-11.100000000000001));
#1103=VERTEX_POINT('',#1102);
#1104=CARTESIAN_POINT('',(-4.049339039633466,1.466746114462564,-11.100000000000001));
#1105=CARTESIAN_POINT('',(-4.049339039633466,1.727686150765784,-11.100000000000001));
#1106=CARTESIAN_POINT('',(-3.894557837975343,1.987005441501903,-11.100000000000001));
#1107=CARTESIAN_POINT('',(-3.730052162914619,1.987005441501903,-11.100000000000001));
#1108=QUASI_UNIFORM_CURVE('',2,(#1104,#1105,#1106,#1107),.UNSPECIFIED.,.F.,.U.);
#1109=EDGE_CURVE('',#1103,#1066,#1108,.T.);
#1110=ORIENTED_EDGE('',*,*,#1109,.F.);
#1111=CARTESIAN_POINT('',(-4.049339039633466,1.466746114462564,-11.0));
#1112=DIRECTION('',(0.0,0.0,-1.0));
#1113=VECTOR('',#1112,0.1);
#1114=LINE('',#1111,#1113);
#1115=EDGE_CURVE('',#1093,#1103,#1114,.T.);
#1116=ORIENTED_EDGE('',*,*,#1115,.F.);
#1117=EDGE_LOOP('',(#1100,#1101,#1110,#1116));
#1118=FACE_OUTER_BOUND('',#1117,.T.);
#1119=ADVANCED_FACE('',(#1118),#1091,.T.);
#1120=CARTESIAN_POINT('',(-3.730052162914619,0.945676414639673,-11.0));
#1121=CARTESIAN_POINT('',(-3.892937092408244,0.945676414639673,-11.0));
#1122=CARTESIAN_POINT('',(-4.049339039633466,1.197702350323839,-11.0));
#1123=CARTESIAN_POINT('',(-4.049339039633466,1.466746114462564,-11.0));
#1124=CARTESIAN_POINT('',(-3.730052162914619,0.945676414639673,-11.100000000000001));
#1125=CARTESIAN_POINT('',(-3.892937092408244,0.945676414639673,-11.100000000000001));
#1126=CARTESIAN_POINT('',(-4.049339039633466,1.197702350323839,-11.100000000000001));
#1127=CARTESIAN_POINT('',(-4.049339039633466,1.466746114462564,-11.100000000000001));
#1128=B_SPLINE_SURFACE_WITH_KNOTS('',2,1,((#1120,#1124),(#1121,#1125),(#1122,#1126),(#1123,#1127)),.UNSPECIFIED.,.F.,.F.,.F.,(3,1,3),(2,2),(-2.0,-1.0,0.0),(0.0,0.01),.UNSPECIFIED.);
#1129=CARTESIAN_POINT('',(-4.049339039633466,1.466746114462564,-11.0));
#1130=CARTESIAN_POINT('',(-4.049339039633466,1.197702350323839,-11.0));
#1131=CARTESIAN_POINT('',(-3.892937092408244,0.945676414639673,-11.0));
#1132=CARTESIAN_POINT('',(-3.730052162914619,0.945676414639673,-11.0));
#1133=QUASI_UNIFORM_CURVE('',2,(#1129,#1130,#1131,#1132),.UNSPECIFIED.,.F.,.U.);
#1134=EDGE_CURVE('',#1093,#1010,#1133,.T.);
#1135=ORIENTED_EDGE('',*,*,#1134,.F.);
#1136=ORIENTED_EDGE('',*,*,#1115,.T.);
#1137=CARTESIAN_POINT('',(-3.730052162914619,0.945676414639673,-11.100000000000001));
#1138=CARTESIAN_POINT('',(-3.892937092408244,0.945676414639673,-11.100000000000001));
#1139=CARTESIAN_POINT('',(-4.049339039633466,1.197702350323839,-11.100000000000001));
#1140=CARTESIAN_POINT('',(-4.049339039633466,1.466746114462564,-11.100000000000001));
#1141=QUASI_UNIFORM_CURVE('',2,(#1137,#1138,#1139,#1140),.UNSPECIFIED.,.F.,.U.);
#1142=EDGE_CURVE('',#1021,#1103,#1141,.T.);
#1143=ORIENTED_EDGE('',*,*,#1142,.F.);
#1144=ORIENTED_EDGE('',*,*,#1026,.F.);
#1145=EDGE_LOOP('',(#1135,#1136,#1143,#1144));
#1146=FACE_OUTER_BOUND('',#1145,.T.);
#1147=ADVANCED_FACE('',(#1146),#1128,.T.);
#1148=CARTESIAN_POINT('',(-3.729494420934187,1.466307847635941,-11.100000000000001));
#1149=DIRECTION('',(0.0,0.0,1.0));
#1150=DIRECTION('',(1.0,0.0,0.0));
#1151=AXIS2_PLACEMENT_3D('',#1148,#1149,#1150);
#1152=PLANE('',#1151);
#1153=ORIENTED_EDGE('',*,*,#1142,.T.);
#1154=ORIENTED_EDGE('',*,*,#1109,.T.);
#1155=ORIENTED_EDGE('',*,*,#1072,.T.);
#1156=ORIENTED_EDGE('',*,*,#1035,.T.);
#1157=EDGE_LOOP('',(#1153,#1154,#1155,#1156));
#1158=FACE_OUTER_BOUND('',#1157,.T.);
#1159=ORIENTED_EDGE('',*,*,#739,.T.);
#1160=ORIENTED_EDGE('',*,*,#781,.T.);
#1161=ORIENTED_EDGE('',*,*,#818,.T.);
#1162=ORIENTED_EDGE('',*,*,#855,.T.);
#1163=ORIENTED_EDGE('',*,*,#892,.T.);
#1164=ORIENTED_EDGE('',*,*,#929,.T.);
#1165=ORIENTED_EDGE('',*,*,#966,.T.);
#1166=ORIENTED_EDGE('',*,*,#994,.T.);
#1167=EDGE_LOOP('',(#1159,#1160,#1161,#1162,#1163,#1164,#1165,#1166));
#1168=FACE_BOUND('',#1167,.T.);
#1169=ADVANCED_FACE('',(#1158,#1168),#1152,.F.);
#1170=CARTESIAN_POINT('',(-2.369436259333542,1.82817237592603,-11.0));
#1171=DIRECTION('',(1.0,0.0,0.0));
#1172=DIRECTION('',(0.0,-1.0,0.0));
#1173=AXIS2_PLACEMENT_3D('',#1170,#1171,#1172);
#1174=PLANE('',#1173);
#1175=CARTESIAN_POINT('',(-2.369436259333542,0.966746107011983,-11.0));
#1176=VERTEX_POINT('',#1175);
#1177=CARTESIAN_POINT('',(-2.369436259333542,1.82817237592603,-11.0));
#1178=VERTEX_POINT('',#1177);
#1179=CARTESIAN_POINT('',(-2.369436259333542,0.966746107011983,-11.0));
#1180=DIRECTION('',(0.0,1.0,0.0));
#1181=VECTOR('',#1180,0.861426268914047);
#1182=LINE('',#1179,#1181);
#1183=EDGE_CURVE('',#1176,#1178,#1182,.T.);
#1184=ORIENTED_EDGE('',*,*,#1183,.F.);
#1185=CARTESIAN_POINT('',(-2.369436259333542,0.966746107011983,-11.100000000000001));
#1186=VERTEX_POINT('',#1185);
#1187=CARTESIAN_POINT('',(-2.369436259333542,0.966746107011983,-11.0));
#1188=DIRECTION('',(0.0,0.0,-1.0));
#1189=VECTOR('',#1188,0.1);
#1190=LINE('',#1187,#1189);
#1191=EDGE_CURVE('',#1176,#1186,#1190,.T.);
#1192=ORIENTED_EDGE('',*,*,#1191,.T.);
#1193=CARTESIAN_POINT('',(-2.369436259333542,1.82817237592603,-11.100000000000001));
#1194=VERTEX_POINT('',#1193);
#1195=CARTESIAN_POINT('',(-2.369436259333542,1.82817237592603,-11.100000000000001));
#1196=DIRECTION('',(0.0,-1.0,0.0));
#1197=VECTOR('',#1196,0.861426268914047);
#1198=LINE('',#1195,#1197);
#1199=EDGE_CURVE('',#1194,#1186,#1198,.T.);
#1200=ORIENTED_EDGE('',*,*,#1199,.F.);
#1201=CARTESIAN_POINT('',(-2.369436259333542,1.82817237592603,-11.0));
#1202=DIRECTION('',(0.0,0.0,-1.0));
#1203=VECTOR('',#1202,0.1);
#1204=LINE('',#1201,#1203);
#1205=EDGE_CURVE('',#1178,#1194,#1204,.T.);
#1206=ORIENTED_EDGE('',*,*,#1205,.F.);
#1207=EDGE_LOOP('',(#1184,#1192,#1200,#1206));
#1208=FACE_OUTER_BOUND('',#1207,.T.);
#1209=ADVANCED_FACE('',(#1208),#1174,.T.);
#1210=CARTESIAN_POINT('',(-2.108496223030321,1.24227285341911,-11.0));
#1211=DIRECTION('',(-0.913498663408962,-0.406841728378543,0.0));
#1212=DIRECTION('',(-0.406841728378543,0.913498663408962,0.0));
#1213=AXIS2_PLACEMENT_3D('',#1210,#1211,#1212);
#1214=PLANE('',#1213);
#1215=CARTESIAN_POINT('',(-2.108496223030321,1.24227285341911,-11.0));
#1216=VERTEX_POINT('',#1215);
#1217=CARTESIAN_POINT('',(-2.369436259333542,1.82817237592603,-11.0));
#1218=DIRECTION('',(0.406841728378543,-0.913498663408962,0.0));
#1219=VECTOR('',#1218,0.641379726074783);
#1220=LINE('',#1217,#1219);
#1221=EDGE_CURVE('',#1178,#1216,#1220,.T.);
#1222=ORIENTED_EDGE('',*,*,#1221,.F.);
#1223=ORIENTED_EDGE('',*,*,#1205,.T.);
#1224=CARTESIAN_POINT('',(-2.108496223030321,1.24227285341911,-11.100000000000001));
#1225=VERTEX_POINT('',#1224);
#1226=CARTESIAN_POINT('',(-2.108496223030321,1.24227285341911,-11.100000000000001));
#1227=DIRECTION('',(-0.406841728378543,0.913498663408962,0.0));
#1228=VECTOR('',#1227,0.641379726074783);
#1229=LINE('',#1226,#1228);
#1230=EDGE_CURVE('',#1225,#1194,#1229,.T.);
#1231=ORIENTED_EDGE('',*,*,#1230,.F.);
#1232=CARTESIAN_POINT('',(-2.108496223030321,1.24227285341911,-11.0));
#1233=DIRECTION('',(0.0,0.0,-1.0));
#1234=VECTOR('',#1233,0.1);
#1235=LINE('',#1232,#1234);
#1236=EDGE_CURVE('',#1216,#1225,#1235,.T.);
#1237=ORIENTED_EDGE('',*,*,#1236,.F.);
#1238=EDGE_LOOP('',(#1222,#1223,#1231,#1237));
#1239=FACE_OUTER_BOUND('',#1238,.T.);
#1240=ADVANCED_FACE('',(#1239),#1214,.T.);
#1241=CARTESIAN_POINT('',(-2.027458944675283,1.24227285341911,-11.0));
#1242=DIRECTION('',(0.0,-1.0,0.0));
#1243=DIRECTION('',(-1.0,0.0,0.0));
#1244=AXIS2_PLACEMENT_3D('',#1241,#1242,#1243);
#1245=PLANE('',#1244);
#1246=CARTESIAN_POINT('',(-2.027458944675283,1.24227285341911,-11.0));
#1247=VERTEX_POINT('',#1246);
#1248=CARTESIAN_POINT('',(-2.108496223030321,1.24227285341911,-11.0));
#1249=DIRECTION('',(1.0,0.0,0.0));
#1250=VECTOR('',#1249,0.081037278355037);
#1251=LINE('',#1248,#1250);
#1252=EDGE_CURVE('',#1216,#1247,#1251,.T.);
#1253=ORIENTED_EDGE('',*,*,#1252,.F.);
#1254=ORIENTED_EDGE('',*,*,#1236,.T.);
#1255=CARTESIAN_POINT('',(-2.027458944675283,1.24227285341911,-11.100000000000001));
#1256=VERTEX_POINT('',#1255);
#1257=CARTESIAN_POINT('',(-2.027458944675283,1.24227285341911,-11.100000000000001));
#1258=DIRECTION('',(-1.0,0.0,0.0));
#1259=VECTOR('',#1258,0.081037278355037);
#1260=LINE('',#1257,#1259);
#1261=EDGE_CURVE('',#1256,#1225,#1260,.T.);
#1262=ORIENTED_EDGE('',*,*,#1261,.F.);
#1263=CARTESIAN_POINT('',(-2.027458944675283,1.24227285341911,-11.0));
#1264=DIRECTION('',(0.0,0.0,-1.0));
#1265=VECTOR('',#1264,0.1);
#1266=LINE('',#1263,#1265);
#1267=EDGE_CURVE('',#1247,#1256,#1266,.T.);
#1268=ORIENTED_EDGE('',*,*,#1267,.F.);
#1269=EDGE_LOOP('',(#1253,#1254,#1262,#1268));
#1270=FACE_OUTER_BOUND('',#1269,.T.);
#1271=ADVANCED_FACE('',(#1270),#1245,.T.);
#1272=CARTESIAN_POINT('',(-1.768950026722714,1.82817237592603,-11.0));
#1273=DIRECTION('',(0.914904056356068,-0.403671360964848,0.0));
#1274=DIRECTION('',(-0.403671360964848,-0.914904056356068,0.0));
#1275=AXIS2_PLACEMENT_3D('',#1272,#1273,#1274);
#1276=PLANE('',#1275);
#1277=CARTESIAN_POINT('',(-1.768950026722714,1.82817237592603,-11.0));
#1278=VERTEX_POINT('',#1277);
#1279=CARTESIAN_POINT('',(-2.027458944675284,1.24227285341911,-11.0));
#1280=DIRECTION('',(0.403671360964849,0.914904056356068,0.0));
#1281=VECTOR('',#1280,0.640394496490128);
#1282=LINE('',#1279,#1281);
#1283=EDGE_CURVE('',#1247,#1278,#1282,.T.);
#1284=ORIENTED_EDGE('',*,*,#1283,.F.);
#1285=ORIENTED_EDGE('',*,*,#1267,.T.);
#1286=CARTESIAN_POINT('',(-1.768950026722714,1.82817237592603,-11.100000000000001));
#1287=VERTEX_POINT('',#1286);
#1288=CARTESIAN_POINT('',(-1.768950026722714,1.82817237592603,-11.100000000000001));
#1289=DIRECTION('',(-0.403671360964848,-0.914904056356068,0.0));
#1290=VECTOR('',#1289,0.640394496490129);
#1291=LINE('',#1288,#1290);
#1292=EDGE_CURVE('',#1287,#1256,#1291,.T.);
#1293=ORIENTED_EDGE('',*,*,#1292,.F.);
#1294=CARTESIAN_POINT('',(-1.768950026722714,1.82817237592603,-11.0));
#1295=DIRECTION('',(0.0,0.0,-1.0));
#1296=VECTOR('',#1295,0.1);
#1297=LINE('',#1294,#1296);
#1298=EDGE_CURVE('',#1278,#1287,#1297,.T.);
#1299=ORIENTED_EDGE('',*,*,#1298,.F.);
#1300=EDGE_LOOP('',(#1284,#1285,#1293,#1299));
#1301=FACE_OUTER_BOUND('',#1300,.T.);
#1302=ADVANCED_FACE('',(#1301),#1276,.T.);
#1303=CARTESIAN_POINT('',(-1.768950026722714,0.966746107011983,-11.0));
#1304=DIRECTION('',(-1.0,0.0,0.0));
#1305=DIRECTION('',(0.0,1.0,0.0));
#1306=AXIS2_PLACEMENT_3D('',#1303,#1304,#1305);
#1307=PLANE('',#1306);
#1308=CARTESIAN_POINT('',(-1.768950026722714,0.966746107011983,-11.0));
#1309=VERTEX_POINT('',#1308);
#1310=CARTESIAN_POINT('',(-1.768950026722714,1.82817237592603,-11.0));
#1311=DIRECTION('',(0.0,-1.0,0.0));
#1312=VECTOR('',#1311,0.861426268914047);
#1313=LINE('',#1310,#1312);
#1314=EDGE_CURVE('',#1278,#1309,#1313,.T.);
#1315=ORIENTED_EDGE('',*,*,#1314,.F.);
#1316=ORIENTED_EDGE('',*,*,#1298,.T.);
#1317=CARTESIAN_POINT('',(-1.768950026722714,0.966746107011983,-11.100000000000001));
#1318=VERTEX_POINT('',#1317);
#1319=CARTESIAN_POINT('',(-1.768950026722714,0.966746107011983,-11.100000000000001));
#1320=DIRECTION('',(0.0,1.0,0.0));
#1321=VECTOR('',#1320,0.861426268914047);
#1322=LINE('',#1319,#1321);
#1323=EDGE_CURVE('',#1318,#1287,#1322,.T.);
#1324=ORIENTED_EDGE('',*,*,#1323,.F.);
#1325=CARTESIAN_POINT('',(-1.768950026722714,0.966746107011983,-11.0));
#1326=DIRECTION('',(0.0,0.0,-1.0));
#1327=VECTOR('',#1326,0.1);
#1328=LINE('',#1325,#1327);
#1329=EDGE_CURVE('',#1309,#1318,#1328,.T.);
#1330=ORIENTED_EDGE('',*,*,#1329,.F.);
#1331=EDGE_LOOP('',(#1315,#1316,#1324,#1330));
#1332=FACE_OUTER_BOUND('',#1331,.T.);
#1333=ADVANCED_FACE('',(#1332),#1307,.T.);
#1334=CARTESIAN_POINT('',(-1.644962990839507,0.966746107011983,-11.0));
#1335=DIRECTION('',(0.0,-1.0,0.0));
#1336=DIRECTION('',(-1.0,0.0,0.0));
#1337=AXIS2_PLACEMENT_3D('',#1334,#1335,#1336);
#1338=PLANE('',#1337);
#1339=CARTESIAN_POINT('',(-1.644962990839507,0.966746107011983,-11.0));
#1340=VERTEX_POINT('',#1339);
#1341=CARTESIAN_POINT('',(-1.768950026722714,0.966746107011983,-11.0));
#1342=DIRECTION('',(1.0,0.0,0.0));
#1343=VECTOR('',#1342,0.123987035883207);
#1344=LINE('',#1341,#1343);
#1345=EDGE_CURVE('',#1309,#1340,#1344,.T.);
#1346=ORIENTED_EDGE('',*,*,#1345,.F.);
#1347=ORIENTED_EDGE('',*,*,#1329,.T.);
#1348=CARTESIAN_POINT('',(-1.644962990839507,0.966746107011983,-11.100000000000001));
#1349=VERTEX_POINT('',#1348);
#1350=CARTESIAN_POINT('',(-1.644962990839507,0.966746107011983,-11.100000000000001));
#1351=DIRECTION('',(-1.0,0.0,0.0));
#1352=VECTOR('',#1351,0.123987035883207);
#1353=LINE('',#1350,#1352);
#1354=EDGE_CURVE('',#1349,#1318,#1353,.T.);
#1355=ORIENTED_EDGE('',*,*,#1354,.F.);
#1356=CARTESIAN_POINT('',(-1.644962990839507,0.966746107011983,-11.0));
#1357=DIRECTION('',(0.0,0.0,-1.0));
#1358=VECTOR('',#1357,0.1);
#1359=LINE('',#1356,#1358);
#1360=EDGE_CURVE('',#1340,#1349,#1359,.T.);
#1361=ORIENTED_EDGE('',*,*,#1360,.F.);
#1362=EDGE_LOOP('',(#1346,#1347,#1355,#1361));
#1363=FACE_OUTER_BOUND('',#1362,.T.);
#1364=ADVANCED_FACE('',(#1363),#1338,.T.);
#1365=CARTESIAN_POINT('',(-1.644962990839507,1.966746121913144,-11.0));
#1366=DIRECTION('',(1.0,0.0,0.0));
#1367=DIRECTION('',(0.0,-1.0,0.0));
#1368=AXIS2_PLACEMENT_3D('',#1365,#1366,#1367);
#1369=PLANE('',#1368);
#1370=CARTESIAN_POINT('',(-1.644962990839507,1.966746121913144,-11.0));
#1371=VERTEX_POINT('',#1370);
#1372=CARTESIAN_POINT('',(-1.644962990839507,0.966746107011983,-11.0));
#1373=DIRECTION('',(0.0,1.0,0.0));
#1374=VECTOR('',#1373,1.000000014901161);
#1375=LINE('',#1372,#1374);
#1376=EDGE_CURVE('',#1340,#1371,#1375,.T.);
#1377=ORIENTED_EDGE('',*,*,#1376,.F.);
#1378=ORIENTED_EDGE('',*,*,#1360,.T.);
#1379=CARTESIAN_POINT('',(-1.644962990839507,1.966746121913144,-11.100000000000001));
#1380=VERTEX_POINT('',#1379);
#1381=CARTESIAN_POINT('',(-1.644962990839507,1.966746121913144,-11.100000000000001));
#1382=DIRECTION('',(0.0,-1.0,0.0));
#1383=VECTOR('',#1382,1.000000014901161);
#1384=LINE('',#1381,#1383);
#1385=EDGE_CURVE('',#1380,#1349,#1384,.T.);
#1386=ORIENTED_EDGE('',*,*,#1385,.F.);
#1387=CARTESIAN_POINT('',(-1.644962990839507,1.966746121913144,-11.0));
#1388=DIRECTION('',(0.0,0.0,-1.0));
#1389=VECTOR('',#1388,0.1);
#1390=LINE('',#1387,#1389);
#1391=EDGE_CURVE('',#1371,#1380,#1390,.T.);
#1392=ORIENTED_EDGE('',*,*,#1391,.F.);
#1393=EDGE_LOOP('',(#1377,#1378,#1386,#1392));
#1394=FACE_OUTER_BOUND('',#1393,.T.);
#1395=ADVANCED_FACE('',(#1394),#1369,.T.);
#1396=CARTESIAN_POINT('',(-1.826486494354791,1.966746121913144,-11.0));
#1397=DIRECTION('',(0.0,1.0,0.0));
#1398=DIRECTION('',(1.0,0.0,0.0));
#1399=AXIS2_PLACEMENT_3D('',#1396,#1397,#1398);
#1400=PLANE('',#1399);
#1401=CARTESIAN_POINT('',(-1.826486494354791,1.966746121913144,-11.0));
#1402=VERTEX_POINT('',#1401);
#1403=CARTESIAN_POINT('',(-1.644962990839507,1.966746121913144,-11.0));
#1404=DIRECTION('',(-1.0,0.0,0.0));
#1405=VECTOR('',#1404,0.181523503515284);
#1406=LINE('',#1403,#1405);
#1407=EDGE_CURVE('',#1371,#1402,#1406,.T.);
#1408=ORIENTED_EDGE('',*,*,#1407,.F.);
#1409=ORIENTED_EDGE('',*,*,#1391,.T.);
#1410=CARTESIAN_POINT('',(-1.826486494354791,1.966746121913144,-11.100000000000001));
#1411=VERTEX_POINT('',#1410);
#1412=CARTESIAN_POINT('',(-1.826486494354791,1.966746121913144,-11.100000000000001));
#1413=DIRECTION('',(1.0,0.0,0.0));
#1414=VECTOR('',#1413,0.181523503515284);
#1415=LINE('',#1412,#1414);
#1416=EDGE_CURVE('',#1411,#1380,#1415,.T.);
#1417=ORIENTED_EDGE('',*,*,#1416,.F.);
#1418=CARTESIAN_POINT('',(-1.826486494354791,1.966746121913144,-11.0));
#1419=DIRECTION('',(0.0,0.0,-1.0));
#1420=VECTOR('',#1419,0.1);
#1421=LINE('',#1418,#1420);
#1422=EDGE_CURVE('',#1402,#1411,#1421,.T.);
#1423=ORIENTED_EDGE('',*,*,#1422,.F.);
#1424=EDGE_LOOP('',(#1408,#1409,#1417,#1423));
#1425=FACE_OUTER_BOUND('',#1424,.T.);
#1426=ADVANCED_FACE('',(#1425),#1400,.T.);
#1427=CARTESIAN_POINT('',(-2.076081311688306,1.410020019614037,-11.0));
#1428=DIRECTION('',(-0.912492227721691,0.409094040958196,0.0));
#1429=DIRECTION('',(0.409094040958196,0.912492227721691,0.0));
#1430=AXIS2_PLACEMENT_3D('',#1427,#1428,#1429);
#1431=PLANE('',#1430);
#1432=CARTESIAN_POINT('',(-2.076081311688306,1.410020019614037,-11.0));
#1433=VERTEX_POINT('',#1432);
#1434=CARTESIAN_POINT('',(-1.826486494354791,1.966746121913144,-11.0));
#1435=DIRECTION('',(-0.409094040958195,-0.912492227721691,0.0));
#1436=VECTOR('',#1435,0.610115993742916);
#1437=LINE('',#1434,#1436);
#1438=EDGE_CURVE('',#1402,#1433,#1437,.T.);
#1439=ORIENTED_EDGE('',*,*,#1438,.F.);
#1440=ORIENTED_EDGE('',*,*,#1422,.T.);
#1441=CARTESIAN_POINT('',(-2.076081311688306,1.410020019614037,-11.100000000000001));
#1442=VERTEX_POINT('',#1441);
#1443=CARTESIAN_POINT('',(-2.076081311688306,1.410020019614037,-11.100000000000001));
#1444=DIRECTION('',(0.409094040958196,0.912492227721691,0.0));
#1445=VECTOR('',#1444,0.610115993742917);
#1446=LINE('',#1443,#1445);
#1447=EDGE_CURVE('',#1442,#1411,#1446,.T.);
#1448=ORIENTED_EDGE('',*,*,#1447,.F.);
#1449=CARTESIAN_POINT('',(-2.076081311688306,1.410020019614037,-11.0));
#1450=DIRECTION('',(0.0,0.0,-1.0));
#1451=VECTOR('',#1450,0.1);
#1452=LINE('',#1449,#1451);
#1453=EDGE_CURVE('',#1433,#1442,#1452,.T.);
#1454=ORIENTED_EDGE('',*,*,#1453,.F.);
#1455=EDGE_LOOP('',(#1439,#1440,#1448,#1454));
#1456=FACE_OUTER_BOUND('',#1455,.T.);
#1457=ADVANCED_FACE('',(#1456),#1431,.T.);
#1458=CARTESIAN_POINT('',(-2.317572401186319,1.966746121913144,-11.0));
#1459=DIRECTION('',(0.917409408006231,0.397944692264713,0.0));
#1460=DIRECTION('',(0.397944692264713,-0.917409408006231,0.0));
#1461=AXIS2_PLACEMENT_3D('',#1458,#1459,#1460);
#1462=PLANE('',#1461);
#1463=CARTESIAN_POINT('',(-2.317572401186319,1.966746121913144,-11.0));
#1464=VERTEX_POINT('',#1463);
#1465=CARTESIAN_POINT('',(-2.076081311688306,1.410020019614037,-11.0));
#1466=DIRECTION('',(-0.397944692264714,0.917409408006231,0.0));
#1467=VECTOR('',#1466,0.606845861226797);
#1468=LINE('',#1465,#1467);
#1469=EDGE_CURVE('',#1433,#1464,#1468,.T.);
#1470=ORIENTED_EDGE('',*,*,#1469,.F.);
#1471=ORIENTED_EDGE('',*,*,#1453,.T.);
#1472=CARTESIAN_POINT('',(-2.317572401186319,1.966746121913144,-11.100000000000001));
#1473=VERTEX_POINT('',#1472);
#1474=CARTESIAN_POINT('',(-2.317572401186318,1.966746121913144,-11.100000000000001));
#1475=DIRECTION('',(0.397944692264713,-0.917409408006231,0.0));
#1476=VECTOR('',#1475,0.606845861226797);
#1477=LINE('',#1474,#1476);
#1478=EDGE_CURVE('',#1473,#1442,#1477,.T.);
#1479=ORIENTED_EDGE('',*,*,#1478,.F.);
#1480=CARTESIAN_POINT('',(-2.317572401186319,1.966746121913144,-11.0));
#1481=DIRECTION('',(0.0,0.0,-1.0));
#1482=VECTOR('',#1481,0.1);
#1483=LINE('',#1480,#1482);
#1484=EDGE_CURVE('',#1464,#1473,#1483,.T.);
#1485=ORIENTED_EDGE('',*,*,#1484,.F.);
#1486=EDGE_LOOP('',(#1470,#1471,#1479,#1485));
#1487=FACE_OUTER_BOUND('',#1486,.T.);
#1488=ADVANCED_FACE('',(#1487),#1462,.T.);
#1489=CARTESIAN_POINT('',(-2.502337395835803,1.966746121913144,-11.0));
#1490=DIRECTION('',(0.0,1.0,0.0));
#1491=DIRECTION('',(1.0,0.0,0.0));
#1492=AXIS2_PLACEMENT_3D('',#1489,#1490,#1491);
#1493=PLANE('',#1492);
#1494=CARTESIAN_POINT('',(-2.502337395835803,1.966746121913144,-11.0));
#1495=VERTEX_POINT('',#1494);
#1496=CARTESIAN_POINT('',(-2.317572401186319,1.966746121913144,-11.0));
#1497=DIRECTION('',(-1.0,0.0,0.0));
#1498=VECTOR('',#1497,0.184764994649484);
#1499=LINE('',#1496,#1498);
#1500=EDGE_CURVE('',#1464,#1495,#1499,.T.);
#1501=ORIENTED_EDGE('',*,*,#1500,.F.);
#1502=ORIENTED_EDGE('',*,*,#1484,.T.);
#1503=CARTESIAN_POINT('',(-2.502337395835803,1.966746121913144,-11.100000000000001));
#1504=VERTEX_POINT('',#1503);
#1505=CARTESIAN_POINT('',(-2.502337395835803,1.966746121913144,-11.100000000000001));
#1506=DIRECTION('',(1.0,0.0,0.0));
#1507=VECTOR('',#1506,0.184764994649484);
#1508=LINE('',#1505,#1507);
#1509=EDGE_CURVE('',#1504,#1473,#1508,.T.);
#1510=ORIENTED_EDGE('',*,*,#1509,.F.);
#1511=CARTESIAN_POINT('',(-2.502337395835803,1.966746121913144,-11.0));
#1512=DIRECTION('',(0.0,0.0,-1.0));
#1513=VECTOR('',#1512,0.1);
#1514=LINE('',#1511,#1513);
#1515=EDGE_CURVE('',#1495,#1504,#1514,.T.);
#1516=ORIENTED_EDGE('',*,*,#1515,.F.);
#1517=EDGE_LOOP('',(#1501,#1502,#1510,#1516));
#1518=FACE_OUTER_BOUND('',#1517,.T.);
#1519=ADVANCED_FACE('',(#1518),#1493,.T.);
#1520=CARTESIAN_POINT('',(-2.502337395835803,0.966746107011983,-11.0));
#1521=DIRECTION('',(-1.0,0.0,0.0));
#1522=DIRECTION('',(0.0,1.0,0.0));
#1523=AXIS2_PLACEMENT_3D('',#1520,#1521,#1522);
#1524=PLANE('',#1523);
#1525=CARTESIAN_POINT('',(-2.502337395835803,0.966746107011983,-11.0));
#1526=VERTEX_POINT('',#1525);
#1527=CARTESIAN_POINT('',(-2.502337395835803,1.966746121913144,-11.0));
#1528=DIRECTION('',(0.0,-1.0,0.0));
#1529=VECTOR('',#1528,1.000000014901161);
#1530=LINE('',#1527,#1529);
#1531=EDGE_CURVE('',#1495,#1526,#1530,.T.);
#1532=ORIENTED_EDGE('',*,*,#1531,.F.);
#1533=ORIENTED_EDGE('',*,*,#1515,.T.);
#1534=CARTESIAN_POINT('',(-2.502337395835803,0.966746107011983,-11.100000000000001));
#1535=VERTEX_POINT('',#1534);
#1536=CARTESIAN_POINT('',(-2.502337395835803,0.966746107011983,-11.100000000000001));
#1537=DIRECTION('',(0.0,1.0,0.0));
#1538=VECTOR('',#1537,1.000000014901161);
#1539=LINE('',#1536,#1538);
#1540=EDGE_CURVE('',#1535,#1504,#1539,.T.);
#1541=ORIENTED_EDGE('',*,*,#1540,.F.);
#1542=CARTESIAN_POINT('',(-2.502337395835803,0.966746107011983,-11.0));
#1543=DIRECTION('',(0.0,0.0,-1.0));
#1544=VECTOR('',#1543,0.1);
#1545=LINE('',#1542,#1544);
#1546=EDGE_CURVE('',#1526,#1535,#1545,.T.);
#1547=ORIENTED_EDGE('',*,*,#1546,.F.);
#1548=EDGE_LOOP('',(#1532,#1533,#1541,#1547));
#1549=FACE_OUTER_BOUND('',#1548,.T.);
#1550=ADVANCED_FACE('',(#1549),#1524,.T.);
#1551=CARTESIAN_POINT('',(-2.369436259333542,0.966746107011983,-11.0));
#1552=DIRECTION('',(0.0,-1.0,0.0));
#1553=DIRECTION('',(-1.0,0.0,0.0));
#1554=AXIS2_PLACEMENT_3D('',#1551,#1552,#1553);
#1555=PLANE('',#1554);
#1556=CARTESIAN_POINT('',(-2.502337395835803,0.966746107011983,-11.0));
#1557=DIRECTION('',(1.0,0.0,0.0));
#1558=VECTOR('',#1557,0.132901136502261);
#1559=LINE('',#1556,#1558);
#1560=EDGE_CURVE('',#1526,#1176,#1559,.T.);
#1561=ORIENTED_EDGE('',*,*,#1560,.F.);
#1562=ORIENTED_EDGE('',*,*,#1546,.T.);
#1563=CARTESIAN_POINT('',(-2.369436259333542,0.966746107011983,-11.100000000000001));
#1564=DIRECTION('',(-1.0,0.0,0.0));
#1565=VECTOR('',#1564,0.132901136502261);
#1566=LINE('',#1563,#1565);
#1567=EDGE_CURVE('',#1186,#1535,#1566,.T.);
#1568=ORIENTED_EDGE('',*,*,#1567,.F.);
#1569=ORIENTED_EDGE('',*,*,#1191,.F.);
#1570=EDGE_LOOP('',(#1561,#1562,#1568,#1569));
#1571=FACE_OUTER_BOUND('',#1570,.T.);
#1572=ADVANCED_FACE('',(#1571),#1555,.T.);
#1573=CARTESIAN_POINT('',(-2.072076556606767,1.506399790285912,-11.100000000000001));
#1574=DIRECTION('',(0.0,0.0,1.0));
#1575=DIRECTION('',(1.0,0.0,0.0));
#1576=AXIS2_PLACEMENT_3D('',#1573,#1574,#1575);
#1577=PLANE('',#1576);
#1578=ORIENTED_EDGE('',*,*,#1567,.T.);
#1579=ORIENTED_EDGE('',*,*,#1540,.T.);
#1580=ORIENTED_EDGE('',*,*,#1509,.T.);
#1581=ORIENTED_EDGE('',*,*,#1478,.T.);
#1582=ORIENTED_EDGE('',*,*,#1447,.T.);
#1583=ORIENTED_EDGE('',*,*,#1416,.T.);
#1584=ORIENTED_EDGE('',*,*,#1385,.T.);
#1585=ORIENTED_EDGE('',*,*,#1354,.T.);
#1586=ORIENTED_EDGE('',*,*,#1323,.T.);
#1587=ORIENTED_EDGE('',*,*,#1292,.T.);
#1588=ORIENTED_EDGE('',*,*,#1261,.T.);
#1589=ORIENTED_EDGE('',*,*,#1230,.T.);
#1590=ORIENTED_EDGE('',*,*,#1199,.T.);
#1591=EDGE_LOOP('',(#1578,#1579,#1580,#1581,#1582,#1583,#1584,#1585,#1586,#1587,#1588,#1589,#1590));
#1592=FACE_OUTER_BOUND('',#1591,.T.);
#1593=ADVANCED_FACE('',(#1592),#1577,.F.);
#1594=CARTESIAN_POINT('',(-0.626324401916688,0.966746107011983,-11.0));
#1595=DIRECTION('',(0.0,-1.0,0.0));
#1596=DIRECTION('',(-1.0,0.0,0.0));
#1597=AXIS2_PLACEMENT_3D('',#1594,#1595,#1596);
#1598=PLANE('',#1597);
#1599=CARTESIAN_POINT('',(-0.775432994089957,0.966746107011983,-11.0));
#1600=VERTEX_POINT('',#1599);
#1601=CARTESIAN_POINT('',(-0.626324401916688,0.966746107011983,-11.0));
#1602=VERTEX_POINT('',#1601);
#1603=CARTESIAN_POINT('',(-0.775432994089957,0.966746107011983,-11.0));
#1604=DIRECTION('',(1.0,0.0,0.0));
#1605=VECTOR('',#1604,0.149108592173269);
#1606=LINE('',#1603,#1605);
#1607=EDGE_CURVE('',#1600,#1602,#1606,.T.);
#1608=ORIENTED_EDGE('',*,*,#1607,.F.);
#1609=CARTESIAN_POINT('',(-0.775432994089957,0.966746107011983,-11.100000000000001));
#1610=VERTEX_POINT('',#1609);
#1611=CARTESIAN_POINT('',(-0.775432994089957,0.966746107011983,-11.0));
#1612=DIRECTION('',(0.0,0.0,-1.0));
#1613=VECTOR('',#1612,0.1);
#1614=LINE('',#1611,#1613);
#1615=EDGE_CURVE('',#1600,#1610,#1614,.T.);
#1616=ORIENTED_EDGE('',*,*,#1615,.T.);
#1617=CARTESIAN_POINT('',(-0.626324401916688,0.966746107011983,-11.100000000000001));
#1618=VERTEX_POINT('',#1617);
#1619=CARTESIAN_POINT('',(-0.626324401916688,0.966746107011983,-11.100000000000001));
#1620=DIRECTION('',(-1.0,0.0,0.0));
#1621=VECTOR('',#1620,0.149108592173269);
#1622=LINE('',#1619,#1621);
#1623=EDGE_CURVE('',#1618,#1610,#1622,.T.);
#1624=ORIENTED_EDGE('',*,*,#1623,.F.);
#1625=CARTESIAN_POINT('',(-0.626324401916688,0.966746107011983,-11.0));
#1626=DIRECTION('',(0.0,0.0,-1.0));
#1627=VECTOR('',#1626,0.1);
#1628=LINE('',#1625,#1627);
#1629=EDGE_CURVE('',#1602,#1618,#1628,.T.);
#1630=ORIENTED_EDGE('',*,*,#1629,.F.);
#1631=EDGE_LOOP('',(#1608,#1616,#1624,#1630));
#1632=FACE_OUTER_BOUND('',#1631,.T.);
#1633=ADVANCED_FACE('',(#1632),#1598,.T.);
#1634=CARTESIAN_POINT('',(-0.422920833245545,1.796567837367566,-11.0));
#1635=DIRECTION('',(0.97124809638054,-0.238069601749526,0.0));
#1636=DIRECTION('',(-0.238069601749526,-0.97124809638054,0.0));
#1637=AXIS2_PLACEMENT_3D('',#1634,#1635,#1636);
#1638=PLANE('',#1637);
#1639=CARTESIAN_POINT('',(-0.422920833245545,1.796567837367566,-11.0));
#1640=VERTEX_POINT('',#1639);
#1641=CARTESIAN_POINT('',(-0.626324401916688,0.966746107011982,-11.0));
#1642=DIRECTION('',(0.238069601749526,0.97124809638054,0.0));
#1643=VECTOR('',#1642,0.854386982531037);
#1644=LINE('',#1641,#1643);
#1645=EDGE_CURVE('',#1602,#1640,#1644,.T.);
#1646=ORIENTED_EDGE('',*,*,#1645,.F.);
#1647=ORIENTED_EDGE('',*,*,#1629,.T.);
#1648=CARTESIAN_POINT('',(-0.422920833245545,1.796567837367566,-11.100000000000001));
#1649=VERTEX_POINT('',#1648);
#1650=CARTESIAN_POINT('',(-0.422920833245545,1.796567837367566,-11.100000000000001));
#1651=DIRECTION('',(-0.238069601749526,-0.97124809638054,0.0));
#1652=VECTOR('',#1651,0.854386982531037);
#1653=LINE('',#1650,#1652);
#1654=EDGE_CURVE('',#1649,#1618,#1653,.T.);
#1655=ORIENTED_EDGE('',*,*,#1654,.F.);
#1656=CARTESIAN_POINT('',(-0.422920833245545,1.796567837367566,-11.0));
#1657=DIRECTION('',(0.0,0.0,-1.0));
#1658=VECTOR('',#1657,0.1);
#1659=LINE('',#1656,#1658);
#1660=EDGE_CURVE('',#1640,#1649,#1659,.T.);
#1661=ORIENTED_EDGE('',*,*,#1660,.F.);
#1662=EDGE_LOOP('',(#1646,#1647,#1655,#1661));
#1663=FACE_OUTER_BOUND('',#1662,.T.);
#1664=ADVANCED_FACE('',(#1663),#1638,.T.);
#1665=CARTESIAN_POINT('',(-0.225189874059253,0.966746107011983,-11.0));
#1666=DIRECTION('',(-0.972765428530994,-0.231791762267152,0.0));
#1667=DIRECTION('',(-0.231791762267152,0.972765428530994,0.0));
#1668=AXIS2_PLACEMENT_3D('',#1665,#1666,#1667);
#1669=PLANE('',#1668);
#1670=CARTESIAN_POINT('',(-0.225189874059253,0.966746107011983,-11.0));
#1671=VERTEX_POINT('',#1670);
#1672=CARTESIAN_POINT('',(-0.422920833245545,1.796567837367566,-11.0));
#1673=DIRECTION('',(0.231791762267152,-0.972765428530994,0.0));
#1674=VECTOR('',#1673,0.853054298618244);
#1675=LINE('',#1672,#1674);
#1676=EDGE_CURVE('',#1640,#1671,#1675,.T.);
#1677=ORIENTED_EDGE('',*,*,#1676,.F.);
#1678=ORIENTED_EDGE('',*,*,#1660,.T.);
#1679=CARTESIAN_POINT('',(-0.225189874059253,0.966746107011983,-11.100000000000001));
#1680=VERTEX_POINT('',#1679);
#1681=CARTESIAN_POINT('',(-0.225189874059253,0.966746107011983,-11.100000000000001));
#1682=DIRECTION('',(-0.231791762267152,0.972765428530994,0.0));
#1683=VECTOR('',#1682,0.853054298618244);
#1684=LINE('',#1681,#1683);
#1685=EDGE_CURVE('',#1680,#1649,#1684,.T.);
#1686=ORIENTED_EDGE('',*,*,#1685,.F.);
#1687=CARTESIAN_POINT('',(-0.225189874059253,0.966746107011983,-11.0));
#1688=DIRECTION('',(0.0,0.0,-1.0));
#1689=VECTOR('',#1688,0.1);
#1690=LINE('',#1687,#1689);
#1691=EDGE_CURVE('',#1671,#1680,#1690,.T.);
#1692=ORIENTED_EDGE('',*,*,#1691,.F.);
#1693=EDGE_LOOP('',(#1677,#1678,#1686,#1692));
#1694=FACE_OUTER_BOUND('',#1693,.T.);
#1695=ADVANCED_FACE('',(#1694),#1669,.T.);
#1696=CARTESIAN_POINT('',(-0.077702027453085,0.966746107011983,-11.0));
#1697=DIRECTION('',(0.0,-1.0,0.0));
#1698=DIRECTION('',(-1.0,0.0,0.0));
#1699=AXIS2_PLACEMENT_3D('',#1696,#1697,#1698);
#1700=PLANE('',#1699);
#1701=CARTESIAN_POINT('',(-0.077702027453085,0.966746107011983,-11.0));
#1702=VERTEX_POINT('',#1701);
#1703=CARTESIAN_POINT('',(-0.225189874059253,0.966746107011983,-11.0));
#1704=DIRECTION('',(1.0,0.0,0.0));
#1705=VECTOR('',#1704,0.147487846606168);
#1706=LINE('',#1703,#1705);
#1707=EDGE_CURVE('',#1671,#1702,#1706,.T.);
#1708=ORIENTED_EDGE('',*,*,#1707,.F.);
#1709=ORIENTED_EDGE('',*,*,#1691,.T.);
#1710=CARTESIAN_POINT('',(-0.077702027453085,0.966746107011983,-11.100000000000001));
#1711=VERTEX_POINT('',#1710);
#1712=CARTESIAN_POINT('',(-0.077702027453085,0.966746107011983,-11.100000000000001));
#1713=DIRECTION('',(-1.0,0.0,0.0));
#1714=VECTOR('',#1713,0.147487846606168);
#1715=LINE('',#1712,#1714);
#1716=EDGE_CURVE('',#1711,#1680,#1715,.T.);
#1717=ORIENTED_EDGE('',*,*,#1716,.F.);
#1718=CARTESIAN_POINT('',(-0.077702027453085,0.966746107011983,-11.0));
#1719=DIRECTION('',(0.0,0.0,-1.0));
#1720=VECTOR('',#1719,0.1);
#1721=LINE('',#1718,#1720);
#1722=EDGE_CURVE('',#1702,#1711,#1721,.T.);
#1723=ORIENTED_EDGE('',*,*,#1722,.F.);
#1724=EDGE_LOOP('',(#1708,#1709,#1717,#1723));
#1725=FACE_OUTER_BOUND('',#1724,.T.);
#1726=ADVANCED_FACE('',(#1725),#1700,.T.);
#1727=CARTESIAN_POINT('',(0.177565399365283,1.966746121913144,-11.0));
#1728=DIRECTION('',(0.968929722653949,-0.247336193384111,0.0));
#1729=DIRECTION('',(-0.247336193384111,-0.968929722653949,0.0));
#1730=AXIS2_PLACEMENT_3D('',#1727,#1728,#1729);
#1731=PLANE('',#1730);
#1732=CARTESIAN_POINT('',(0.177565399365283,1.966746121913144,-11.0));
#1733=VERTEX_POINT('',#1732);
#1734=CARTESIAN_POINT('',(-0.077702027453085,0.966746107011983,-11.0));
#1735=DIRECTION('',(0.247336193384111,0.968929722653949,0.0));
#1736=VECTOR('',#1735,1.032066610736339);
#1737=LINE('',#1734,#1736);
#1738=EDGE_CURVE('',#1702,#1733,#1737,.T.);
#1739=ORIENTED_EDGE('',*,*,#1738,.F.);
#1740=ORIENTED_EDGE('',*,*,#1722,.T.);
#1741=CARTESIAN_POINT('',(0.177565399365283,1.966746121913144,-11.100000000000001));
#1742=VERTEX_POINT('',#1741);
#1743=CARTESIAN_POINT('',(0.177565399365283,1.966746121913144,-11.100000000000001));
#1744=DIRECTION('',(-0.247336193384111,-0.968929722653948,0.0));
#1745=VECTOR('',#1744,1.032066610736339);
#1746=LINE('',#1743,#1745);
#1747=EDGE_CURVE('',#1742,#1711,#1746,.T.);
#1748=ORIENTED_EDGE('',*,*,#1747,.F.);
#1749=CARTESIAN_POINT('',(0.177565399365283,1.966746121913144,-11.0));
#1750=DIRECTION('',(0.0,0.0,-1.0));
#1751=VECTOR('',#1750,0.1);
#1752=LINE('',#1749,#1751);
#1753=EDGE_CURVE('',#1733,#1742,#1752,.T.);
#1754=ORIENTED_EDGE('',*,*,#1753,.F.);
#1755=EDGE_LOOP('',(#1739,#1740,#1748,#1754));
#1756=FACE_OUTER_BOUND('',#1755,.T.);
#1757=ADVANCED_FACE('',(#1756),#1731,.T.);
#1758=CARTESIAN_POINT('',(0.040612398945269,1.966746121913144,-11.0));
#1759=DIRECTION('',(0.0,1.0,0.0));
#1760=DIRECTION('',(1.0,0.0,0.0));
#1761=AXIS2_PLACEMENT_3D('',#1758,#1759,#1760);
#1762=PLANE('',#1761);
#1763=CARTESIAN_POINT('',(0.040612398945269,1.966746121913144,-11.0));
#1764=VERTEX_POINT('',#1763);
#1765=CARTESIAN_POINT('',(0.177565399365283,1.966746121913144,-11.0));
#1766=DIRECTION('',(-1.0,0.0,0.0));
#1767=VECTOR('',#1766,0.136953000420014);
#1768=LINE('',#1765,#1767);
#1769=EDGE_CURVE('',#1733,#1764,#1768,.T.);
#1770=ORIENTED_EDGE('',*,*,#1769,.F.);
#1771=ORIENTED_EDGE('',*,*,#1753,.T.);
#1772=CARTESIAN_POINT('',(0.040612398945269,1.966746121913144,-11.100000000000001));
#1773=VERTEX_POINT('',#1772);
#1774=CARTESIAN_POINT('',(0.040612398945269,1.966746121913144,-11.100000000000001));
#1775=DIRECTION('',(1.0,0.0,0.0));
#1776=VECTOR('',#1775,0.136953000420014);
#1777=LINE('',#1774,#1776);
#1778=EDGE_CURVE('',#1773,#1742,#1777,.T.);
#1779=ORIENTED_EDGE('',*,*,#1778,.F.);
#1780=CARTESIAN_POINT('',(0.040612398945269,1.966746121913144,-11.0));
#1781=DIRECTION('',(0.0,0.0,-1.0));
#1782=VECTOR('',#1781,0.1);
#1783=LINE('',#1780,#1782);
#1784=EDGE_CURVE('',#1764,#1773,#1783,.T.);
#1785=ORIENTED_EDGE('',*,*,#1784,.F.);
#1786=EDGE_LOOP('',(#1770,#1771,#1779,#1785));
#1787=FACE_OUTER_BOUND('',#1786,.T.);
#1788=ADVANCED_FACE('',(#1787),#1762,.T.);
#1789=CARTESIAN_POINT('',(-0.160360051375223,1.137734764341112,-11.0));
#1790=DIRECTION('',(-0.971850105688705,0.235600025621504,0.0));
#1791=DIRECTION('',(0.235600025621504,0.971850105688705,0.0));
#1792=AXIS2_PLACEMENT_3D('',#1789,#1790,#1791);
#1793=PLANE('',#1792);
#1794=CARTESIAN_POINT('',(-0.160360051375223,1.137734764341112,-11.0));
#1795=VERTEX_POINT('',#1794);
#1796=CARTESIAN_POINT('',(0.040612398945269,1.966746121913144,-11.0));
#1797=DIRECTION('',(-0.235600025621504,-0.971850105688705,0.0));
#1798=VECTOR('',#1797,0.853023889918241);
#1799=LINE('',#1796,#1798);
#1800=EDGE_CURVE('',#1764,#1795,#1799,.T.);
#1801=ORIENTED_EDGE('',*,*,#1800,.F.);
#1802=ORIENTED_EDGE('',*,*,#1784,.T.);
#1803=CARTESIAN_POINT('',(-0.160360051375223,1.137734764341112,-11.100000000000001));
#1804=VERTEX_POINT('',#1803);
#1805=CARTESIAN_POINT('',(-0.160360051375223,1.137734764341112,-11.100000000000001));
#1806=DIRECTION('',(0.235600025621504,0.971850105688705,0.0));
#1807=VECTOR('',#1806,0.853023889918241);
#1808=LINE('',#1805,#1807);
#1809=EDGE_CURVE('',#1804,#1773,#1808,.T.);
#1810=ORIENTED_EDGE('',*,*,#1809,.F.);
#1811=CARTESIAN_POINT('',(-0.160360051375223,1.137734764341112,-11.0));
#1812=DIRECTION('',(0.0,0.0,-1.0));
#1813=VECTOR('',#1812,0.1);
#1814=LINE('',#1811,#1813);
#1815=EDGE_CURVE('',#1795,#1804,#1814,.T.);
#1816=ORIENTED_EDGE('',*,*,#1815,.F.);
#1817=EDGE_LOOP('',(#1801,#1802,#1810,#1816));
#1818=FACE_OUTER_BOUND('',#1817,.T.);
#1819=ADVANCED_FACE('',(#1818),#1793,.T.);
#1820=CARTESIAN_POINT('',(-0.359711756128616,1.966746121913144,-11.0));
#1821=DIRECTION('',(0.972283680550705,0.233804286818645,0.0));
#1822=DIRECTION('',(0.233804286818645,-0.972283680550705,0.0));
#1823=AXIS2_PLACEMENT_3D('',#1820,#1821,#1822);
#1824=PLANE('',#1823);
#1825=CARTESIAN_POINT('',(-0.359711756128616,1.966746121913144,-11.0));
#1826=VERTEX_POINT('',#1825);
#1827=CARTESIAN_POINT('',(-0.160360051375223,1.137734764341112,-11.0));
#1828=DIRECTION('',(-0.233804286818645,0.972283680550705,0.0));
#1829=VECTOR('',#1828,0.85264349711442);
#1830=LINE('',#1827,#1829);
#1831=EDGE_CURVE('',#1795,#1826,#1830,.T.);
#1832=ORIENTED_EDGE('',*,*,#1831,.F.);
#1833=ORIENTED_EDGE('',*,*,#1815,.T.);
#1834=CARTESIAN_POINT('',(-0.359711756128616,1.966746121913144,-11.100000000000001));
#1835=VERTEX_POINT('',#1834);
#1836=CARTESIAN_POINT('',(-0.359711756128616,1.966746121913144,-11.100000000000001));
#1837=DIRECTION('',(0.233804286818645,-0.972283680550705,0.0));
#1838=VECTOR('',#1837,0.85264349711442);
#1839=LINE('',#1836,#1838);
#1840=EDGE_CURVE('',#1835,#1804,#1839,.T.);
#1841=ORIENTED_EDGE('',*,*,#1840,.F.);
#1842=CARTESIAN_POINT('',(-0.359711756128616,1.966746121913144,-11.0));
#1843=DIRECTION('',(0.0,0.0,-1.0));
#1844=VECTOR('',#1843,0.1);
#1845=LINE('',#1842,#1844);
#1846=EDGE_CURVE('',#1826,#1835,#1845,.T.);
#1847=ORIENTED_EDGE('',*,*,#1846,.F.);
#1848=EDGE_LOOP('',(#1832,#1833,#1841,#1847));
#1849=FACE_OUTER_BOUND('',#1848,.T.);
#1850=ADVANCED_FACE('',(#1849),#1824,.T.);
#1851=CARTESIAN_POINT('',(-0.495044010981528,1.966746121913144,-11.0));
#1852=DIRECTION('',(0.0,1.0,0.0));
#1853=DIRECTION('',(1.0,0.0,0.0));
#1854=AXIS2_PLACEMENT_3D('',#1851,#1852,#1853);
#1855=PLANE('',#1854);
#1856=CARTESIAN_POINT('',(-0.495044010981528,1.966746121913144,-11.0));
#1857=VERTEX_POINT('',#1856);
#1858=CARTESIAN_POINT('',(-0.359711756128616,1.966746121913144,-11.0));
#1859=DIRECTION('',(-1.0,0.0,0.0));
#1860=VECTOR('',#1859,0.135332254852912);
#1861=LINE('',#1858,#1860);
#1862=EDGE_CURVE('',#1826,#1857,#1861,.T.);
#1863=ORIENTED_EDGE('',*,*,#1862,.F.);
#1864=ORIENTED_EDGE('',*,*,#1846,.T.);
#1865=CARTESIAN_POINT('',(-0.495044010981528,1.966746121913144,-11.100000000000001));
#1866=VERTEX_POINT('',#1865);
#1867=CARTESIAN_POINT('',(-0.495044010981528,1.966746121913144,-11.100000000000001));
#1868=DIRECTION('',(1.0,0.0,0.0));
#1869=VECTOR('',#1868,0.135332254852912);
#1870=LINE('',#1867,#1869);
#1871=EDGE_CURVE('',#1866,#1835,#1870,.T.);
#1872=ORIENTED_EDGE('',*,*,#1871,.F.);
#1873=CARTESIAN_POINT('',(-0.495044010981528,1.966746121913144,-11.0));
#1874=DIRECTION('',(0.0,0.0,-1.0));
#1875=VECTOR('',#1874,0.1);
#1876=LINE('',#1873,#1875);
#1877=EDGE_CURVE('',#1857,#1866,#1876,.T.);
#1878=ORIENTED_EDGE('',*,*,#1877,.F.);
#1879=EDGE_LOOP('',(#1863,#1864,#1872,#1878));
#1880=FACE_OUTER_BOUND('',#1879,.T.);
#1881=ADVANCED_FACE('',(#1880),#1855,.T.);
#1882=CARTESIAN_POINT('',(-0.69601646130202,1.128010290938507,-11.0));
#1883=DIRECTION('',(-0.9724725248194,0.233017571164455,0.0));
#1884=DIRECTION('',(0.233017571164455,0.9724725248194,0.0));
#1885=AXIS2_PLACEMENT_3D('',#1882,#1883,#1884);
#1886=PLANE('',#1885);
#1887=CARTESIAN_POINT('',(-0.69601646130202,1.128010290938507,-11.0));
#1888=VERTEX_POINT('',#1887);
#1889=CARTESIAN_POINT('',(-0.495044010981528,1.966746121913144,-11.0));
#1890=DIRECTION('',(-0.233017571164455,-0.9724725248194,0.0));
#1891=VECTOR('',#1890,0.862477663449053);
#1892=LINE('',#1889,#1891);
#1893=EDGE_CURVE('',#1857,#1888,#1892,.T.);
#1894=ORIENTED_EDGE('',*,*,#1893,.F.);
#1895=ORIENTED_EDGE('',*,*,#1877,.T.);
#1896=CARTESIAN_POINT('',(-0.69601646130202,1.128010290938507,-11.100000000000001));
#1897=VERTEX_POINT('',#1896);
#1898=CARTESIAN_POINT('',(-0.69601646130202,1.128010290938507,-11.100000000000001));
#1899=DIRECTION('',(0.233017571164455,0.9724725248194,0.0));
#1900=VECTOR('',#1899,0.862477663449053);
#1901=LINE('',#1898,#1900);
#1902=EDGE_CURVE('',#1897,#1866,#1901,.T.);
#1903=ORIENTED_EDGE('',*,*,#1902,.F.);
#1904=CARTESIAN_POINT('',(-0.69601646130202,1.128010290938507,-11.0));
#1905=DIRECTION('',(0.0,0.0,-1.0));
#1906=VECTOR('',#1905,0.1);
#1907=LINE('',#1904,#1906);
#1908=EDGE_CURVE('',#1888,#1897,#1907,.T.);
#1909=ORIENTED_EDGE('',*,*,#1908,.F.);
#1910=EDGE_LOOP('',(#1894,#1895,#1903,#1909));
#1911=FACE_OUTER_BOUND('',#1910,.T.);
#1912=ADVANCED_FACE('',(#1911),#1886,.T.);
#1913=CARTESIAN_POINT('',(-0.896178538838963,1.966746121913144,-11.0));
#1914=DIRECTION('',(0.972685078628271,0.232128709585685,0.0));
#1915=DIRECTION('',(0.232128709585684,-0.972685078628271,0.0));
#1916=AXIS2_PLACEMENT_3D('',#1913,#1914,#1915);
#1917=PLANE('',#1916);
#1918=CARTESIAN_POINT('',(-0.896178538838963,1.966746121913144,-11.0));
#1919=VERTEX_POINT('',#1918);
#1920=CARTESIAN_POINT('',(-0.69601646130202,1.128010290938507,-11.0));
#1921=DIRECTION('',(-0.232128709585684,0.972685078628271,0.0));
#1922=VECTOR('',#1921,0.862289192466553);
#1923=LINE('',#1920,#1922);
#1924=EDGE_CURVE('',#1888,#1919,#1923,.T.);
#1925=ORIENTED_EDGE('',*,*,#1924,.F.);
#1926=ORIENTED_EDGE('',*,*,#1908,.T.);
#1927=CARTESIAN_POINT('',(-0.896178538838963,1.966746121913144,-11.100000000000001));
#1928=VERTEX_POINT('',#1927);
#1929=CARTESIAN_POINT('',(-0.896178538838963,1.966746121913144,-11.100000000000001));
#1930=DIRECTION('',(0.232128709585684,-0.972685078628271,0.0));
#1931=VECTOR('',#1930,0.862289192466553);
#1932=LINE('',#1929,#1931);
#1933=EDGE_CURVE('',#1928,#1897,#1932,.T.);
#1934=ORIENTED_EDGE('',*,*,#1933,.F.);
#1935=CARTESIAN_POINT('',(-0.896178538838963,1.966746121913144,-11.0));
#1936=DIRECTION('',(0.0,0.0,-1.0));
#1937=VECTOR('',#1936,0.1);
#1938=LINE('',#1935,#1937);
#1939=EDGE_CURVE('',#1919,#1928,#1938,.T.);
#1940=ORIENTED_EDGE('',*,*,#1939,.F.);
#1941=EDGE_LOOP('',(#1925,#1926,#1934,#1940));
#1942=FACE_OUTER_BOUND('',#1941,.T.);
#1943=ADVANCED_FACE('',(#1942),#1917,.T.);
#1944=CARTESIAN_POINT('',(-1.026648556990573,1.966746121913144,-11.0));
#1945=DIRECTION('',(0.0,1.0,0.0));
#1946=DIRECTION('',(1.0,0.0,0.0));
#1947=AXIS2_PLACEMENT_3D('',#1944,#1945,#1946);
#1948=PLANE('',#1947);
#1949=CARTESIAN_POINT('',(-1.026648556990573,1.966746121913144,-11.0));
#1950=VERTEX_POINT('',#1949);
#1951=CARTESIAN_POINT('',(-0.896178538838963,1.966746121913144,-11.0));
#1952=DIRECTION('',(-1.0,0.0,0.0));
#1953=VECTOR('',#1952,0.130470018151609);
#1954=LINE('',#1951,#1953);
#1955=EDGE_CURVE('',#1919,#1950,#1954,.T.);
#1956=ORIENTED_EDGE('',*,*,#1955,.F.);
#1957=ORIENTED_EDGE('',*,*,#1939,.T.);
#1958=CARTESIAN_POINT('',(-1.026648556990573,1.966746121913144,-11.100000000000001));
#1959=VERTEX_POINT('',#1958);
#1960=CARTESIAN_POINT('',(-1.026648556990573,1.966746121913144,-11.100000000000001));
#1961=DIRECTION('',(1.0,0.0,0.0));
#1962=VECTOR('',#1961,0.130470018151609);
#1963=LINE('',#1960,#1962);
#1964=EDGE_CURVE('',#1959,#1928,#1963,.T.);
#1965=ORIENTED_EDGE('',*,*,#1964,.F.);
#1966=CARTESIAN_POINT('',(-1.026648556990573,1.966746121913144,-11.0));
#1967=DIRECTION('',(0.0,0.0,-1.0));
#1968=VECTOR('',#1967,0.1);
#1969=LINE('',#1966,#1968);
#1970=EDGE_CURVE('',#1950,#1959,#1969,.T.);
#1971=ORIENTED_EDGE('',*,*,#1970,.F.);
#1972=EDGE_LOOP('',(#1956,#1957,#1965,#1971));
#1973=FACE_OUTER_BOUND('',#1972,.T.);
#1974=ADVANCED_FACE('',(#1973),#1948,.T.);
#1975=CARTESIAN_POINT('',(-0.775432994089957,0.966746107011983,-11.0));
#1976=DIRECTION('',(-0.969864470878424,-0.243645045358437,0.0));
#1977=DIRECTION('',(-0.243645045358437,0.969864470878424,0.0));
#1978=AXIS2_PLACEMENT_3D('',#1975,#1976,#1977);
#1979=PLANE('',#1978);
#1980=CARTESIAN_POINT('',(-1.026648556990573,1.966746121913144,-11.0));
#1981=DIRECTION('',(0.243645045358437,-0.969864470878424,0.0));
#1982=VECTOR('',#1981,1.031071912548196);
#1983=LINE('',#1980,#1982);
#1984=EDGE_CURVE('',#1950,#1600,#1983,.T.);
#1985=ORIENTED_EDGE('',*,*,#1984,.F.);
#1986=ORIENTED_EDGE('',*,*,#1970,.T.);
#1987=CARTESIAN_POINT('',(-0.775432994089957,0.966746107011983,-11.100000000000001));
#1988=DIRECTION('',(-0.243645045358437,0.969864470878424,0.0));
#1989=VECTOR('',#1988,1.031071912548196);
#1990=LINE('',#1987,#1989);
#1991=EDGE_CURVE('',#1610,#1959,#1990,.T.);
#1992=ORIENTED_EDGE('',*,*,#1991,.F.);
#1993=ORIENTED_EDGE('',*,*,#1615,.F.);
#1994=EDGE_LOOP('',(#1985,#1986,#1992,#1993));
#1995=FACE_OUTER_BOUND('',#1994,.T.);
#1996=ADVANCED_FACE('',(#1995),#1979,.T.);
#1997=CARTESIAN_POINT('',(-0.42659280092786,1.491136270286213,-11.100000000000001));
#1998=DIRECTION('',(0.0,0.0,1.0));
#1999=DIRECTION('',(1.0,0.0,0.0));
#2000=AXIS2_PLACEMENT_3D('',#1997,#1998,#1999);
#2001=PLANE('',#2000);
#2002=ORIENTED_EDGE('',*,*,#1991,.T.);
#2003=ORIENTED_EDGE('',*,*,#1964,.T.);
#2004=ORIENTED_EDGE('',*,*,#1933,.T.);
#2005=ORIENTED_EDGE('',*,*,#1902,.T.);
#2006=ORIENTED_EDGE('',*,*,#1871,.T.);
#2007=ORIENTED_EDGE('',*,*,#1840,.T.);
#2008=ORIENTED_EDGE('',*,*,#1809,.T.);
#2009=ORIENTED_EDGE('',*,*,#1778,.T.);
#2010=ORIENTED_EDGE('',*,*,#1747,.T.);
#2011=ORIENTED_EDGE('',*,*,#1716,.T.);
#2012=ORIENTED_EDGE('',*,*,#1685,.T.);
#2013=ORIENTED_EDGE('',*,*,#1654,.T.);
#2014=ORIENTED_EDGE('',*,*,#1623,.T.);
#2015=EDGE_LOOP('',(#2002,#2003,#2004,#2005,#2006,#2007,#2008,#2009,#2010,#2011,#2012,#2013,#2014));
#2016=FACE_OUTER_BOUND('',#2015,.T.);
#2017=ADVANCED_FACE('',(#2016),#2001,.F.);
#2018=CARTESIAN_POINT('',(0.415814997729093,1.512937363124935,-11.0));
#2019=CARTESIAN_POINT('',(0.385831204737729,1.542921156116299,-11.0));
#2020=CARTESIAN_POINT('',(0.359088902880567,1.613423588285181,-11.0));
#2021=CARTESIAN_POINT('',(0.359088902880567,1.661235582514653,-11.0));
#2022=CARTESIAN_POINT('',(0.415814997729093,1.512937363124935,-11.100000000000001));
#2023=CARTESIAN_POINT('',(0.385831204737729,1.542921156116299,-11.100000000000001));
#2024=CARTESIAN_POINT('',(0.359088902880567,1.613423588285181,-11.100000000000001));
#2025=CARTESIAN_POINT('',(0.359088902880567,1.661235582514653,-11.100000000000001));
#2026=B_SPLINE_SURFACE_WITH_KNOTS('',2,1,((#2018,#2022),(#2019,#2023),(#2020,#2024),(#2021,#2025)),.UNSPECIFIED.,.F.,.F.,.F.,(3,1,3),(2,2),(0.0,1.0,2.0),(0.0,0.01),.UNSPECIFIED.);
#2027=CARTESIAN_POINT('',(0.415814997729093,1.512937363124935,-11.0));
#2028=VERTEX_POINT('',#2027);
#2029=CARTESIAN_POINT('',(0.359088902880567,1.661235582514653,-11.0));
#2030=VERTEX_POINT('',#2029);
#2031=CARTESIAN_POINT('',(0.415814997729093,1.512937363124935,-11.0));
#2032=CARTESIAN_POINT('',(0.385831204737729,1.542921156116299,-11.0));
#2033=CARTESIAN_POINT('',(0.359088902880567,1.613423588285181,-11.0));
#2034=CARTESIAN_POINT('',(0.359088902880567,1.661235582514653,-11.0));
#2035=QUASI_UNIFORM_CURVE('',2,(#2031,#2032,#2033,#2034),.UNSPECIFIED.,.F.,.U.);
#2036=EDGE_CURVE('',#2028,#2030,#2035,.T.);
#2037=ORIENTED_EDGE('',*,*,#2036,.F.);
#2038=CARTESIAN_POINT('',(0.415814997729093,1.512937363124935,-11.100000000000001));
#2039=VERTEX_POINT('',#2038);
#2040=CARTESIAN_POINT('',(0.415814997729093,1.512937363124935,-11.0));
#2041=DIRECTION('',(0.0,0.0,-1.0));
#2042=VECTOR('',#2041,0.1);
#2043=LINE('',#2040,#2042);
#2044=EDGE_CURVE('',#2028,#2039,#2043,.T.);
#2045=ORIENTED_EDGE('',*,*,#2044,.T.);
#2046=CARTESIAN_POINT('',(0.359088902880567,1.661235582514653,-11.100000000000001));
#2047=VERTEX_POINT('',#2046);
#2048=CARTESIAN_POINT('',(0.359088902880567,1.661235582514653,-11.100000000000001));
#2049=CARTESIAN_POINT('',(0.359088902880567,1.613423588285181,-11.100000000000001));
#2050=CARTESIAN_POINT('',(0.385831204737729,1.542921156116299,-11.100000000000001));
#2051=CARTESIAN_POINT('',(0.415814997729093,1.512937363124935,-11.100000000000001));
#2052=QUASI_UNIFORM_CURVE('',2,(#2048,#2049,#2050,#2051),.UNSPECIFIED.,.F.,.U.);
#2053=EDGE_CURVE('',#2047,#2039,#2052,.T.);
#2054=ORIENTED_EDGE('',*,*,#2053,.F.);
#2055=CARTESIAN_POINT('',(0.359088902880567,1.661235582514653,-11.0));
#2056=DIRECTION('',(0.0,0.0,-1.0));
#2057=VECTOR('',#2056,0.1);
#2058=LINE('',#2055,#2057);
#2059=EDGE_CURVE('',#2030,#2047,#2058,.T.);
#2060=ORIENTED_EDGE('',*,*,#2059,.F.);
#2061=EDGE_LOOP('',(#2037,#2045,#2054,#2060));
#2062=FACE_OUTER_BOUND('',#2061,.T.);
#2063=ADVANCED_FACE('',(#2062),#2026,.F.);
#2064=CARTESIAN_POINT('',(0.628943039802841,1.452969777142207,-11.0));
#2065=CARTESIAN_POINT('',(0.547905761447803,1.452969777142207,-11.0));
#2066=CARTESIAN_POINT('',(0.448229909071107,1.478901706215819,-11.0));
#2067=CARTESIAN_POINT('',(0.415814997729093,1.512937363124935,-11.0));
#2068=CARTESIAN_POINT('',(0.628943039802841,1.452969777142207,-11.100000000000001));
#2069=CARTESIAN_POINT('',(0.547905761447803,1.452969777142207,-11.100000000000001));
#2070=CARTESIAN_POINT('',(0.448229909071107,1.478901706215819,-11.100000000000001));
#2071=CARTESIAN_POINT('',(0.415814997729093,1.512937363124935,-11.100000000000001));
#2072=B_SPLINE_SURFACE_WITH_KNOTS('',2,1,((#2064,#2068),(#2065,#2069),(#2066,#2070),(#2067,#2071)),.UNSPECIFIED.,.F.,.F.,.F.,(3,1,3),(2,2),(0.0,1.0,2.0),(0.0,0.01),.UNSPECIFIED.);
#2073=CARTESIAN_POINT('',(0.628943039802841,1.452969777142207,-11.0));
#2074=VERTEX_POINT('',#2073);
#2075=CARTESIAN_POINT('',(0.628943039802841,1.452969777142207,-11.0));
#2076=CARTESIAN_POINT('',(0.547905761447803,1.452969777142207,-11.0));
#2077=CARTESIAN_POINT('',(0.448229909071107,1.478901706215819,-11.0));
#2078=CARTESIAN_POINT('',(0.415814997729093,1.512937363124935,-11.0));
#2079=QUASI_UNIFORM_CURVE('',2,(#2075,#2076,#2077,#2078),.UNSPECIFIED.,.F.,.U.);
#2080=EDGE_CURVE('',#2074,#2028,#2079,.T.);
#2081=ORIENTED_EDGE('',*,*,#2080,.F.);
#2082=CARTESIAN_POINT('',(0.628943039802841,1.452969777142207,-11.100000000000001));
#2083=VERTEX_POINT('',#2082);
#2084=CARTESIAN_POINT('',(0.628943039802841,1.452969777142207,-11.0));
#2085=DIRECTION('',(0.0,0.0,-1.0));
#2086=VECTOR('',#2085,0.1);
#2087=LINE('',#2084,#2086);
#2088=EDGE_CURVE('',#2074,#2083,#2087,.T.);
#2089=ORIENTED_EDGE('',*,*,#2088,.T.);
#2090=CARTESIAN_POINT('',(0.415814997729093,1.512937363124935,-11.100000000000001));
#2091=CARTESIAN_POINT('',(0.448229909071107,1.478901706215819,-11.100000000000001));
#2092=CARTESIAN_POINT('',(0.547905761447803,1.452969777142207,-11.100000000000001));
#2093=CARTESIAN_POINT('',(0.628943039802841,1.452969777142207,-11.100000000000001));
#2094=QUASI_UNIFORM_CURVE('',2,(#2090,#2091,#2092,#2093),.UNSPECIFIED.,.F.,.U.);
#2095=EDGE_CURVE('',#2039,#2083,#2094,.T.);
#2096=ORIENTED_EDGE('',*,*,#2095,.F.);
#2097=ORIENTED_EDGE('',*,*,#2044,.F.);
#2098=EDGE_LOOP('',(#2081,#2089,#2096,#2097));
#2099=FACE_OUTER_BOUND('',#2098,.T.);
#2100=ADVANCED_FACE('',(#2099),#2072,.F.);
#2101=CARTESIAN_POINT('',(0.719704791560483,1.452969777142207,-11.0));
#2102=DIRECTION('',(0.0,-1.0,0.0));
#2103=DIRECTION('',(-1.0,0.0,0.0));
#2104=AXIS2_PLACEMENT_3D('',#2101,#2102,#2103);
#2105=PLANE('',#2104);
#2106=CARTESIAN_POINT('',(0.719704791560483,1.452969777142207,-11.0));
#2107=VERTEX_POINT('',#2106);
#2108=CARTESIAN_POINT('',(0.719704791560483,1.452969777142207,-11.0));
#2109=DIRECTION('',(-1.0,0.0,0.0));
#2110=VECTOR('',#2109,0.090761751757642);
#2111=LINE('',#2108,#2110);
#2112=EDGE_CURVE('',#2107,#2074,#2111,.T.);
#2113=ORIENTED_EDGE('',*,*,#2112,.F.);
#2114=CARTESIAN_POINT('',(0.719704791560483,1.452969777142207,-11.100000000000001));
#2115=VERTEX_POINT('',#2114);
#2116=CARTESIAN_POINT('',(0.719704791560483,1.452969777142207,-11.0));
#2117=DIRECTION('',(0.0,0.0,-1.0));
#2118=VECTOR('',#2117,0.1);
#2119=LINE('',#2116,#2118);
#2120=EDGE_CURVE('',#2107,#2115,#2119,.T.);
#2121=ORIENTED_EDGE('',*,*,#2120,.T.);
#2122=CARTESIAN_POINT('',(0.628943039802841,1.452969777142207,-11.100000000000001));
#2123=DIRECTION('',(1.0,0.0,0.0));
#2124=VECTOR('',#2123,0.090761751757642);
#2125=LINE('',#2122,#2124);
#2126=EDGE_CURVE('',#2083,#2115,#2125,.T.);
#2127=ORIENTED_EDGE('',*,*,#2126,.F.);
#2128=ORIENTED_EDGE('',*,*,#2088,.F.);
#2129=EDGE_LOOP('',(#2113,#2121,#2127,#2128));
#2130=FACE_OUTER_BOUND('',#2129,.T.);
#2131=ADVANCED_FACE('',(#2130),#2105,.F.);
#2132=CARTESIAN_POINT('',(0.719704791560483,1.851673186648991,-11.0));
#2133=DIRECTION('',(1.0,0.0,0.0));
#2134=DIRECTION('',(0.0,-1.0,0.0));
#2135=AXIS2_PLACEMENT_3D('',#2132,#2133,#2134);
#2136=PLANE('',#2135);
#2137=CARTESIAN_POINT('',(0.719704791560483,1.851673186648991,-11.0));
#2138=VERTEX_POINT('',#2137);
#2139=CARTESIAN_POINT('',(0.719704791560483,1.851673186648991,-11.0));
#2140=DIRECTION('',(0.0,-1.0,0.0));
#2141=VECTOR('',#2140,0.398703409506784);
#2142=LINE('',#2139,#2141);
#2143=EDGE_CURVE('',#2138,#2107,#2142,.T.);
#2144=ORIENTED_EDGE('',*,*,#2143,.F.);
#2145=CARTESIAN_POINT('',(0.719704791560483,1.851673186648991,-11.100000000000001));
#2146=VERTEX_POINT('',#2145);
#2147=CARTESIAN_POINT('',(0.719704791560483,1.851673186648991,-11.0));
#2148=DIRECTION('',(0.0,0.0,-1.0));
#2149=VECTOR('',#2148,0.1);
#2150=LINE('',#2147,#2149);
#2151=EDGE_CURVE('',#2138,#2146,#2150,.T.);
#2152=ORIENTED_EDGE('',*,*,#2151,.T.);
#2153=CARTESIAN_POINT('',(0.719704791560483,1.452969777142207,-11.100000000000001));
#2154=DIRECTION('',(0.0,1.0,0.0));
#2155=VECTOR('',#2154,0.398703409506784);
#2156=LINE('',#2153,#2155);
#2157=EDGE_CURVE('',#2115,#2146,#2156,.T.);
#2158=ORIENTED_EDGE('',*,*,#2157,.F.);
#2159=ORIENTED_EDGE('',*,*,#2120,.F.);
#2160=EDGE_LOOP('',(#2144,#2152,#2158,#2159));
#2161=FACE_OUTER_BOUND('',#2160,.T.);
#2162=ADVANCED_FACE('',(#2161),#2136,.F.);
#2163=CARTESIAN_POINT('',(0.609494092997631,1.851673186648991,-11.0));
#2164=DIRECTION('',(0.0,1.0,0.0));
#2165=DIRECTION('',(1.0,0.0,0.0));
#2166=AXIS2_PLACEMENT_3D('',#2163,#2164,#2165);
#2167=PLANE('',#2166);
#2168=CARTESIAN_POINT('',(0.609494092997631,1.851673186648991,-11.0));
#2169=VERTEX_POINT('',#2168);
#2170=CARTESIAN_POINT('',(0.609494092997631,1.851673186648991,-11.0));
#2171=DIRECTION('',(1.0,0.0,0.0));
#2172=VECTOR('',#2171,0.110210698562851);
#2173=LINE('',#2170,#2172);
#2174=EDGE_CURVE('',#2169,#2138,#2173,.T.);
#2175=ORIENTED_EDGE('',*,*,#2174,.F.);
#2176=CARTESIAN_POINT('',(0.609494092997631,1.851673186648991,-11.100000000000001));
#2177=VERTEX_POINT('',#2176);
#2178=CARTESIAN_POINT('',(0.609494092997631,1.851673186648991,-11.0));
#2179=DIRECTION('',(0.0,0.0,-1.0));
#2180=VECTOR('',#2179,0.1);
#2181=LINE('',#2178,#2180);
#2182=EDGE_CURVE('',#2169,#2177,#2181,.T.);
#2183=ORIENTED_EDGE('',*,*,#2182,.T.);
#2184=CARTESIAN_POINT('',(0.719704791560483,1.851673186648991,-11.100000000000001));
#2185=DIRECTION('',(-1.0,0.0,0.0));
#2186=VECTOR('',#2185,0.110210698562851);
#2187=LINE('',#2184,#2186);
#2188=EDGE_CURVE('',#2146,#2177,#2187,.T.);
#2189=ORIENTED_EDGE('',*,*,#2188,.F.);
#2190=ORIENTED_EDGE('',*,*,#2151,.F.);
#2191=EDGE_LOOP('',(#2175,#2183,#2189,#2190));
#2192=FACE_OUTER_BOUND('',#2191,.T.);
#2193=ADVANCED_FACE('',(#2192),#2167,.F.);
#2194=CARTESIAN_POINT('',(0.43121208061655,1.813585665822123,-11.0));
#2195=CARTESIAN_POINT('',(0.462816619175014,1.834655358194433,-11.0));
#2196=CARTESIAN_POINT('',(0.547095388664253,1.851673186648991,-11.0));
#2197=CARTESIAN_POINT('',(0.609494092997631,1.851673186648991,-11.0));
#2198=CARTESIAN_POINT('',(0.43121208061655,1.813585665822123,-11.100000000000001));
#2199=CARTESIAN_POINT('',(0.462816619175014,1.834655358194433,-11.100000000000001));
#2200=CARTESIAN_POINT('',(0.547095388664253,1.851673186648991,-11.100000000000001));
#2201=CARTESIAN_POINT('',(0.609494092997631,1.851673186648991,-11.100000000000001));
#2202=B_SPLINE_SURFACE_WITH_KNOTS('',2,1,((#2194,#2198),(#2195,#2199),(#2196,#2200),(#2197,#2201)),.UNSPECIFIED.,.F.,.F.,.F.,(3,1,3),(2,2),(0.0,1.0,2.0),(0.0,0.01),.UNSPECIFIED.);
#2203=CARTESIAN_POINT('',(0.43121208061655,1.813585665822123,-11.0));
#2204=VERTEX_POINT('',#2203);
#2205=CARTESIAN_POINT('',(0.43121208061655,1.813585665822123,-11.0));
#2206=CARTESIAN_POINT('',(0.462816619175014,1.834655358194433,-11.0));
#2207=CARTESIAN_POINT('',(0.547095388664253,1.851673186648991,-11.0));
#2208=CARTESIAN_POINT('',(0.609494092997631,1.851673186648991,-11.0));
#2209=QUASI_UNIFORM_CURVE('',2,(#2205,#2206,#2207,#2208),.UNSPECIFIED.,.F.,.U.);
#2210=EDGE_CURVE('',#2204,#2169,#2209,.T.);
#2211=ORIENTED_EDGE('',*,*,#2210,.F.);
#2212=CARTESIAN_POINT('',(0.43121208061655,1.813585665822123,-11.100000000000001));
#2213=VERTEX_POINT('',#2212);
#2214=CARTESIAN_POINT('',(0.43121208061655,1.813585665822123,-11.0));
#2215=DIRECTION('',(0.0,0.0,-1.0));
#2216=VECTOR('',#2215,0.1);
#2217=LINE('',#2214,#2216);
#2218=EDGE_CURVE('',#2204,#2213,#2217,.T.);
#2219=ORIENTED_EDGE('',*,*,#2218,.T.);
#2220=CARTESIAN_POINT('',(0.609494092997631,1.851673186648991,-11.100000000000001));
#2221=CARTESIAN_POINT('',(0.547095388664253,1.851673186648991,-11.100000000000001));
#2222=CARTESIAN_POINT('',(0.462816619175014,1.834655358194433,-11.100000000000001));
#2223=CARTESIAN_POINT('',(0.43121208061655,1.813585665822123,-11.100000000000001));
#2224=QUASI_UNIFORM_CURVE('',2,(#2220,#2221,#2222,#2223),.UNSPECIFIED.,.F.,.U.);
#2225=EDGE_CURVE('',#2177,#2213,#2224,.T.);
#2226=ORIENTED_EDGE('',*,*,#2225,.F.);
#2227=ORIENTED_EDGE('',*,*,#2182,.F.);
#2228=EDGE_LOOP('',(#2211,#2219,#2226,#2227));
#2229=FACE_OUTER_BOUND('',#2228,.T.);
#2230=ADVANCED_FACE('',(#2229),#2202,.F.);
#2231=CARTESIAN_POINT('',(0.359088902880567,1.661235582514653,-11.0));
#2232=CARTESIAN_POINT('',(0.359088902880567,1.713099440661877,-11.0));
#2233=CARTESIAN_POINT('',(0.394745305356783,1.789274482315612,-11.0));
#2234=CARTESIAN_POINT('',(0.43121208061655,1.813585665822123,-11.0));
#2235=CARTESIAN_POINT('',(0.359088902880567,1.661235582514653,-11.100000000000001));
#2236=CARTESIAN_POINT('',(0.359088902880567,1.713099440661877,-11.100000000000001));
#2237=CARTESIAN_POINT('',(0.394745305356783,1.789274482315612,-11.100000000000001));
#2238=CARTESIAN_POINT('',(0.43121208061655,1.813585665822123,-11.100000000000001));
#2239=B_SPLINE_SURFACE_WITH_KNOTS('',2,1,((#2231,#2235),(#2232,#2236),(#2233,#2237),(#2234,#2238)),.UNSPECIFIED.,.F.,.F.,.F.,(3,1,3),(2,2),(0.0,1.0,2.0),(0.0,0.01),.UNSPECIFIED.);
#2240=CARTESIAN_POINT('',(0.359088902880567,1.661235582514653,-11.0));
#2241=CARTESIAN_POINT('',(0.359088902880567,1.713099440661877,-11.0));
#2242=CARTESIAN_POINT('',(0.394745305356783,1.789274482315612,-11.0));
#2243=CARTESIAN_POINT('',(0.43121208061655,1.813585665822123,-11.0));
#2244=QUASI_UNIFORM_CURVE('',2,(#2240,#2241,#2242,#2243),.UNSPECIFIED.,.F.,.U.);
#2245=EDGE_CURVE('',#2030,#2204,#2244,.T.);
#2246=ORIENTED_EDGE('',*,*,#2245,.F.);
#2247=ORIENTED_EDGE('',*,*,#2059,.T.);
#2248=CARTESIAN_POINT('',(0.43121208061655,1.813585665822123,-11.100000000000001));
#2249=CARTESIAN_POINT('',(0.394745305356783,1.789274482315612,-11.100000000000001));
#2250=CARTESIAN_POINT('',(0.359088902880567,1.713099440661877,-11.100000000000001));
#2251=CARTESIAN_POINT('',(0.359088902880567,1.661235582514653,-11.100000000000001));
#2252=QUASI_UNIFORM_CURVE('',2,(#2248,#2249,#2250,#2251),.UNSPECIFIED.,.F.,.U.);
#2253=EDGE_CURVE('',#2213,#2047,#2252,.T.);
#2254=ORIENTED_EDGE('',*,*,#2253,.F.);
#2255=ORIENTED_EDGE('',*,*,#2218,.F.);
#2256=EDGE_LOOP('',(#2246,#2247,#2254,#2255));
#2257=FACE_OUTER_BOUND('',#2256,.T.);
#2258=ADVANCED_FACE('',(#2257),#2239,.F.);
#2259=CARTESIAN_POINT('',(0.60706297464698,1.339517587445155,-11.0));
#2260=CARTESIAN_POINT('',(0.500093767218331,1.339517587445155,-11.0));
#2261=CARTESIAN_POINT('',(0.359899275664116,1.392191818375929,-11.0));
#2262=CARTESIAN_POINT('',(0.308035417516892,1.443245303739603,-11.0));
#2263=CARTESIAN_POINT('',(0.60706297464698,1.339517587445155,-11.100000000000001));
#2264=CARTESIAN_POINT('',(0.500093767218331,1.339517587445155,-11.100000000000001));
#2265=CARTESIAN_POINT('',(0.359899275664116,1.392191818375929,-11.100000000000001));
#2266=CARTESIAN_POINT('',(0.308035417516892,1.443245303739603,-11.100000000000001));
#2267=B_SPLINE_SURFACE_WITH_KNOTS('',2,1,((#2259,#2263),(#2260,#2264),(#2261,#2265),(#2262,#2266)),.UNSPECIFIED.,.F.,.F.,.F.,(3,1,3),(2,2),(-2.0,-1.0,0.0),(0.0,0.01),.UNSPECIFIED.);
#2268=CARTESIAN_POINT('',(0.308035417516892,1.443245303739602,-11.0));
#2269=VERTEX_POINT('',#2268);
#2270=CARTESIAN_POINT('',(0.60706297464698,1.339517587445155,-11.0));
#2271=VERTEX_POINT('',#2270);
#2272=CARTESIAN_POINT('',(0.308035417516892,1.443245303739603,-11.0));
#2273=CARTESIAN_POINT('',(0.359899275664116,1.392191818375929,-11.0));
#2274=CARTESIAN_POINT('',(0.500093767218331,1.339517587445155,-11.0));
#2275=CARTESIAN_POINT('',(0.60706297464698,1.339517587445155,-11.0));
#2276=QUASI_UNIFORM_CURVE('',2,(#2272,#2273,#2274,#2275),.UNSPECIFIED.,.F.,.U.);
#2277=EDGE_CURVE('',#2269,#2271,#2276,.T.);
#2278=ORIENTED_EDGE('',*,*,#2277,.F.);
#2279=CARTESIAN_POINT('',(0.308035417516892,1.443245303739602,-11.100000000000001));
#2280=VERTEX_POINT('',#2279);
#2281=CARTESIAN_POINT('',(0.308035417516892,1.443245303739602,-11.0));
#2282=DIRECTION('',(0.0,0.0,-1.0));
#2283=VECTOR('',#2282,0.1);
#2284=LINE('',#2281,#2283);
#2285=EDGE_CURVE('',#2269,#2280,#2284,.T.);
#2286=ORIENTED_EDGE('',*,*,#2285,.T.);
#2287=CARTESIAN_POINT('',(0.60706297464698,1.339517587445155,-11.100000000000001));
#2288=VERTEX_POINT('',#2287);
#2289=CARTESIAN_POINT('',(0.60706297464698,1.339517587445155,-11.100000000000001));
#2290=CARTESIAN_POINT('',(0.500093767218331,1.339517587445155,-11.100000000000001));
#2291=CARTESIAN_POINT('',(0.359899275664116,1.392191818375929,-11.100000000000001));
#2292=CARTESIAN_POINT('',(0.308035417516892,1.443245303739603,-11.100000000000001));
#2293=QUASI_UNIFORM_CURVE('',2,(#2289,#2290,#2291,#2292),.UNSPECIFIED.,.F.,.U.);
#2294=EDGE_CURVE('',#2288,#2280,#2293,.T.);
#2295=ORIENTED_EDGE('',*,*,#2294,.F.);
#2296=CARTESIAN_POINT('',(0.60706297464698,1.339517587445155,-11.0));
#2297=DIRECTION('',(0.0,0.0,-1.0));
#2298=VECTOR('',#2297,0.1);
#2299=LINE('',#2296,#2298);
#2300=EDGE_CURVE('',#2271,#2288,#2299,.T.);
#2301=ORIENTED_EDGE('',*,*,#2300,.F.);
#2302=EDGE_LOOP('',(#2278,#2286,#2295,#2301));
#2303=FACE_OUTER_BOUND('',#2302,.T.);
#2304=ADVANCED_FACE('',(#2303),#2267,.T.);
#2305=CARTESIAN_POINT('',(0.719704791560483,1.339517587445155,-11.0));
#2306=DIRECTION('',(0.0,-1.0,0.0));
#2307=DIRECTION('',(-1.0,0.0,0.0));
#2308=AXIS2_PLACEMENT_3D('',#2305,#2306,#2307);
#2309=PLANE('',#2308);
#2310=CARTESIAN_POINT('',(0.719704791560483,1.339517587445155,-11.0));
#2311=VERTEX_POINT('',#2310);
#2312=CARTESIAN_POINT('',(0.60706297464698,1.339517587445155,-11.0));
#2313=DIRECTION('',(1.0,0.0,0.0));
#2314=VECTOR('',#2313,0.112641816913502);
#2315=LINE('',#2312,#2314);
#2316=EDGE_CURVE('',#2271,#2311,#2315,.T.);
#2317=ORIENTED_EDGE('',*,*,#2316,.F.);
#2318=ORIENTED_EDGE('',*,*,#2300,.T.);
#2319=CARTESIAN_POINT('',(0.719704791560483,1.339517587445155,-11.100000000000001));
#2320=VERTEX_POINT('',#2319);
#2321=CARTESIAN_POINT('',(0.719704791560483,1.339517587445155,-11.100000000000001));
#2322=DIRECTION('',(-1.0,0.0,0.0));
#2323=VECTOR('',#2322,0.112641816913502);
#2324=LINE('',#2321,#2323);
#2325=EDGE_CURVE('',#2320,#2288,#2324,.T.);
#2326=ORIENTED_EDGE('',*,*,#2325,.F.);
#2327=CARTESIAN_POINT('',(0.719704791560483,1.339517587445155,-11.0));
#2328=DIRECTION('',(0.0,0.0,-1.0));
#2329=VECTOR('',#2328,0.1);
#2330=LINE('',#2327,#2329);
#2331=EDGE_CURVE('',#2311,#2320,#2330,.T.);
#2332=ORIENTED_EDGE('',*,*,#2331,.F.);
#2333=EDGE_LOOP('',(#2317,#2318,#2326,#2332));
#2334=FACE_OUTER_BOUND('',#2333,.T.);
#2335=ADVANCED_FACE('',(#2334),#2309,.T.);
#2336=CARTESIAN_POINT('',(0.719704791560483,0.966746107011983,-11.0));
#2337=DIRECTION('',(-1.0,0.0,0.0));
#2338=DIRECTION('',(0.0,1.0,0.0));
#2339=AXIS2_PLACEMENT_3D('',#2336,#2337,#2338);
#2340=PLANE('',#2339);
#2341=CARTESIAN_POINT('',(0.719704791560483,0.966746107011983,-11.0));
#2342=VERTEX_POINT('',#2341);
#2343=CARTESIAN_POINT('',(0.719704791560483,1.339517587445155,-11.0));
#2344=DIRECTION('',(0.0,-1.0,0.0));
#2345=VECTOR('',#2344,0.372771480433172);
#2346=LINE('',#2343,#2345);
#2347=EDGE_CURVE('',#2311,#2342,#2346,.T.);
#2348=ORIENTED_EDGE('',*,*,#2347,.F.);
#2349=ORIENTED_EDGE('',*,*,#2331,.T.);
#2350=CARTESIAN_POINT('',(0.719704791560483,0.966746107011983,-11.100000000000001));
#2351=VERTEX_POINT('',#2350);
#2352=CARTESIAN_POINT('',(0.719704791560483,0.966746107011983,-11.100000000000001));
#2353=DIRECTION('',(0.0,1.0,0.0));
#2354=VECTOR('',#2353,0.372771480433172);
#2355=LINE('',#2352,#2354);
#2356=EDGE_CURVE('',#2351,#2320,#2355,.T.);
#2357=ORIENTED_EDGE('',*,*,#2356,.F.);
#2358=CARTESIAN_POINT('',(0.719704791560483,0.966746107011983,-11.0));
#2359=DIRECTION('',(0.0,0.0,-1.0));
#2360=VECTOR('',#2359,0.1);
#2361=LINE('',#2358,#2360);
#2362=EDGE_CURVE('',#2342,#2351,#2361,.T.);
#2363=ORIENTED_EDGE('',*,*,#2362,.F.);
#2364=EDGE_LOOP('',(#2348,#2349,#2357,#2363));
#2365=FACE_OUTER_BOUND('',#2364,.T.);
#2366=ADVANCED_FACE('',(#2365),#2340,.T.);
#2367=CARTESIAN_POINT('',(0.852605928062744,0.966746107011983,-11.0));
#2368=DIRECTION('',(0.0,-1.0,0.0));
#2369=DIRECTION('',(-1.0,0.0,0.0));
#2370=AXIS2_PLACEMENT_3D('',#2367,#2368,#2369);
#2371=PLANE('',#2370);
#2372=CARTESIAN_POINT('',(0.852605928062744,0.966746107011983,-11.0));
#2373=VERTEX_POINT('',#2372);
#2374=CARTESIAN_POINT('',(0.719704791560483,0.966746107011983,-11.0));
#2375=DIRECTION('',(1.0,0.0,0.0));
#2376=VECTOR('',#2375,0.132901136502261);
#2377=LINE('',#2374,#2376);
#2378=EDGE_CURVE('',#2342,#2373,#2377,.T.);
#2379=ORIENTED_EDGE('',*,*,#2378,.F.);
#2380=ORIENTED_EDGE('',*,*,#2362,.T.);
#2381=CARTESIAN_POINT('',(0.852605928062744,0.966746107011983,-11.100000000000001));
#2382=VERTEX_POINT('',#2381);
#2383=CARTESIAN_POINT('',(0.852605928062744,0.966746107011983,-11.100000000000001));
#2384=DIRECTION('',(-1.0,0.0,0.0));
#2385=VECTOR('',#2384,0.132901136502261);
#2386=LINE('',#2383,#2385);
#2387=EDGE_CURVE('',#2382,#2351,#2386,.T.);
#2388=ORIENTED_EDGE('',*,*,#2387,.F.);
#2389=CARTESIAN_POINT('',(0.852605928062744,0.966746107011983,-11.0));
#2390=DIRECTION('',(0.0,0.0,-1.0));
#2391=VECTOR('',#2390,0.1);
#2392=LINE('',#2389,#2391);
#2393=EDGE_CURVE('',#2373,#2382,#2392,.T.);
#2394=ORIENTED_EDGE('',*,*,#2393,.F.);
#2395=EDGE_LOOP('',(#2379,#2380,#2388,#2394));
#2396=FACE_OUTER_BOUND('',#2395,.T.);
#2397=ADVANCED_FACE('',(#2396),#2371,.T.);
#2398=CARTESIAN_POINT('',(0.852605928062744,1.966746121913144,-11.0));
#2399=DIRECTION('',(1.0,0.0,0.0));
#2400=DIRECTION('',(0.0,-1.0,0.0));
#2401=AXIS2_PLACEMENT_3D('',#2398,#2399,#2400);
#2402=PLANE('',#2401);
#2403=CARTESIAN_POINT('',(0.852605928062744,1.966746121913144,-11.0));
#2404=VERTEX_POINT('',#2403);
#2405=CARTESIAN_POINT('',(0.852605928062744,0.966746107011983,-11.0));
#2406=DIRECTION('',(0.0,1.0,0.0));
#2407=VECTOR('',#2406,1.000000014901161);
#2408=LINE('',#2405,#2407);
#2409=EDGE_CURVE('',#2373,#2404,#2408,.T.);
#2410=ORIENTED_EDGE('',*,*,#2409,.F.);
#2411=ORIENTED_EDGE('',*,*,#2393,.T.);
#2412=CARTESIAN_POINT('',(0.852605928062744,1.966746121913144,-11.100000000000001));
#2413=VERTEX_POINT('',#2412);
#2414=CARTESIAN_POINT('',(0.852605928062744,1.966746121913144,-11.100000000000001));
#2415=DIRECTION('',(0.0,-1.0,0.0));
#2416=VECTOR('',#2415,1.000000014901161);
#2417=LINE('',#2414,#2416);
#2418=EDGE_CURVE('',#2413,#2382,#2417,.T.);
#2419=ORIENTED_EDGE('',*,*,#2418,.F.);
#2420=CARTESIAN_POINT('',(0.852605928062744,1.966746121913144,-11.0));
#2421=DIRECTION('',(0.0,0.0,-1.0));
#2422=VECTOR('',#2421,0.1);
#2423=LINE('',#2420,#2422);
#2424=EDGE_CURVE('',#2404,#2413,#2423,.T.);
#2425=ORIENTED_EDGE('',*,*,#2424,.F.);
#2426=EDGE_LOOP('',(#2410,#2411,#2419,#2425));
#2427=FACE_OUTER_BOUND('',#2426,.T.);
#2428=ADVANCED_FACE('',(#2427),#2402,.T.);
#2429=CARTESIAN_POINT('',(0.601390365162128,1.966746121913144,-11.0));
#2430=DIRECTION('',(0.0,1.0,0.0));
#2431=DIRECTION('',(1.0,0.0,0.0));
#2432=AXIS2_PLACEMENT_3D('',#2429,#2430,#2431);
#2433=PLANE('',#2432);
#2434=CARTESIAN_POINT('',(0.601390365162128,1.966746121913144,-11.0));
#2435=VERTEX_POINT('',#2434);
#2436=CARTESIAN_POINT('',(0.852605928062744,1.966746121913144,-11.0));
#2437=DIRECTION('',(-1.0,0.0,0.0));
#2438=VECTOR('',#2437,0.251215562900616);
#2439=LINE('',#2436,#2438);
#2440=EDGE_CURVE('',#2404,#2435,#2439,.T.);
#2441=ORIENTED_EDGE('',*,*,#2440,.F.);
#2442=ORIENTED_EDGE('',*,*,#2424,.T.);
#2443=CARTESIAN_POINT('',(0.601390365162128,1.966746121913144,-11.100000000000001));
#2444=VERTEX_POINT('',#2443);
#2445=CARTESIAN_POINT('',(0.601390365162128,1.966746121913144,-11.100000000000001));
#2446=DIRECTION('',(1.0,0.0,0.0));
#2447=VECTOR('',#2446,0.251215562900616);
#2448=LINE('',#2445,#2447);
#2449=EDGE_CURVE('',#2444,#2413,#2448,.T.);
#2450=ORIENTED_EDGE('',*,*,#2449,.F.);
#2451=CARTESIAN_POINT('',(0.601390365162128,1.966746121913144,-11.0));
#2452=DIRECTION('',(0.0,0.0,-1.0));
#2453=VECTOR('',#2452,0.1);
#2454=LINE('',#2451,#2453);
#2455=EDGE_CURVE('',#2435,#2444,#2454,.T.);
#2456=ORIENTED_EDGE('',*,*,#2455,.F.);
#2457=EDGE_LOOP('',(#2441,#2442,#2450,#2456));
#2458=FACE_OUTER_BOUND('',#2457,.T.);
#2459=ADVANCED_FACE('',(#2458),#2433,.T.);
#2460=CARTESIAN_POINT('',(0.339639956075357,1.904347417579765,-11.0));
#2461=CARTESIAN_POINT('',(0.387451950304829,1.937572701705331,-11.0));
#2462=CARTESIAN_POINT('',(0.512249358971587,1.966746121913144,-11.0));
#2463=CARTESIAN_POINT('',(0.601390365162128,1.966746121913144,-11.0));
#2464=CARTESIAN_POINT('',(0.339639956075357,1.904347417579765,-11.100000000000001));
#2465=CARTESIAN_POINT('',(0.387451950304829,1.937572701705331,-11.100000000000001));
#2466=CARTESIAN_POINT('',(0.512249358971587,1.966746121913144,-11.100000000000001));
#2467=CARTESIAN_POINT('',(0.601390365162128,1.966746121913144,-11.100000000000001));
#2468=B_SPLINE_SURFACE_WITH_KNOTS('',2,1,((#2460,#2464),(#2461,#2465),(#2462,#2466),(#2463,#2467)),.UNSPECIFIED.,.F.,.F.,.F.,(3,1,3),(2,2),(-2.0,-1.0,0.0),(0.0,0.01),.UNSPECIFIED.);
#2469=CARTESIAN_POINT('',(0.339639956075357,1.904347417579765,-11.0));
#2470=VERTEX_POINT('',#2469);
#2471=CARTESIAN_POINT('',(0.601390365162128,1.966746121913144,-11.0));
#2472=CARTESIAN_POINT('',(0.512249358971587,1.966746121913144,-11.0));
#2473=CARTESIAN_POINT('',(0.387451950304829,1.937572701705331,-11.0));
#2474=CARTESIAN_POINT('',(0.339639956075357,1.904347417579765,-11.0));
#2475=QUASI_UNIFORM_CURVE('',2,(#2471,#2472,#2473,#2474),.UNSPECIFIED.,.F.,.U.);
#2476=EDGE_CURVE('',#2435,#2470,#2475,.T.);
#2477=ORIENTED_EDGE('',*,*,#2476,.F.);
#2478=ORIENTED_EDGE('',*,*,#2455,.T.);
#2479=CARTESIAN_POINT('',(0.339639956075357,1.904347417579765,-11.100000000000001));
#2480=VERTEX_POINT('',#2479);
#2481=CARTESIAN_POINT('',(0.339639956075357,1.904347417579765,-11.100000000000001));
#2482=CARTESIAN_POINT('',(0.387451950304829,1.937572701705331,-11.100000000000001));
#2483=CARTESIAN_POINT('',(0.512249358971587,1.966746121913144,-11.100000000000001));
#2484=CARTESIAN_POINT('',(0.601390365162128,1.966746121913144,-11.100000000000001));
#2485=QUASI_UNIFORM_CURVE('',2,(#2481,#2482,#2483,#2484),.UNSPECIFIED.,.F.,.U.);
#2486=EDGE_CURVE('',#2480,#2444,#2485,.T.);
#2487=ORIENTED_EDGE('',*,*,#2486,.F.);
#2488=CARTESIAN_POINT('',(0.339639956075357,1.904347417579765,-11.0));
#2489=DIRECTION('',(0.0,0.0,-1.0));
#2490=VECTOR('',#2489,0.1);
#2491=LINE('',#2488,#2490);
#2492=EDGE_CURVE('',#2470,#2480,#2491,.T.);
#2493=ORIENTED_EDGE('',*,*,#2492,.F.);
#2494=EDGE_LOOP('',(#2477,#2478,#2487,#2493));
#2495=FACE_OUTER_BOUND('',#2494,.T.);
#2496=ADVANCED_FACE('',(#2495),#2468,.T.);
#2497=CARTESIAN_POINT('',(0.220515156893453,1.665287446432405,-11.0));
#2498=CARTESIAN_POINT('',(0.220515156893453,1.748755843138093,-11.0));
#2499=CARTESIAN_POINT('',(0.283724234010381,1.866259896752898,-11.0));
#2500=CARTESIAN_POINT('',(0.339639956075357,1.904347417579765,-11.0));
#2501=CARTESIAN_POINT('',(0.220515156893453,1.665287446432405,-11.100000000000001));
#2502=CARTESIAN_POINT('',(0.220515156893453,1.748755843138093,-11.100000000000001));
#2503=CARTESIAN_POINT('',(0.283724234010381,1.866259896752898,-11.100000000000001));
#2504=CARTESIAN_POINT('',(0.339639956075357,1.904347417579765,-11.100000000000001));
#2505=B_SPLINE_SURFACE_WITH_KNOTS('',2,1,((#2497,#2501),(#2498,#2502),(#2499,#2503),(#2500,#2504)),.UNSPECIFIED.,.F.,.F.,.F.,(3,1,3),(2,2),(-2.0,-1.0,0.0),(0.0,0.01),.UNSPECIFIED.);
#2506=CARTESIAN_POINT('',(0.220515156893453,1.665287446432405,-11.0));
#2507=VERTEX_POINT('',#2506);
#2508=CARTESIAN_POINT('',(0.339639956075357,1.904347417579765,-11.0));
#2509=CARTESIAN_POINT('',(0.283724234010381,1.866259896752898,-11.0));
#2510=CARTESIAN_POINT('',(0.220515156893453,1.748755843138093,-11.0));
#2511=CARTESIAN_POINT('',(0.220515156893453,1.665287446432405,-11.0));
#2512=QUASI_UNIFORM_CURVE('',2,(#2508,#2509,#2510,#2511),.UNSPECIFIED.,.F.,.U.);
#2513=EDGE_CURVE('',#2470,#2507,#2512,.T.);
#2514=ORIENTED_EDGE('',*,*,#2513,.F.);
#2515=ORIENTED_EDGE('',*,*,#2492,.T.);
#2516=CARTESIAN_POINT('',(0.220515156893453,1.665287446432405,-11.100000000000001));
#2517=VERTEX_POINT('',#2516);
#2518=CARTESIAN_POINT('',(0.220515156893453,1.665287446432405,-11.100000000000001));
#2519=CARTESIAN_POINT('',(0.220515156893453,1.748755843138093,-11.100000000000001));
#2520=CARTESIAN_POINT('',(0.283724234010381,1.866259896752898,-11.100000000000001));
#2521=CARTESIAN_POINT('',(0.339639956075357,1.904347417579765,-11.100000000000001));
#2522=QUASI_UNIFORM_CURVE('',2,(#2518,#2519,#2520,#2521),.UNSPECIFIED.,.F.,.U.);
#2523=EDGE_CURVE('',#2517,#2480,#2522,.T.);
#2524=ORIENTED_EDGE('',*,*,#2523,.F.);
#2525=CARTESIAN_POINT('',(0.220515156893453,1.665287446432405,-11.0));
#2526=DIRECTION('',(0.0,0.0,-1.0));
#2527=VECTOR('',#2526,0.1);
#2528=LINE('',#2525,#2527);
#2529=EDGE_CURVE('',#2507,#2517,#2528,.T.);
#2530=ORIENTED_EDGE('',*,*,#2529,.F.);
#2531=EDGE_LOOP('',(#2514,#2515,#2524,#2530));
#2532=FACE_OUTER_BOUND('',#2531,.T.);
#2533=ADVANCED_FACE('',(#2532),#2505,.T.);
#2534=CARTESIAN_POINT('',(0.308035417516892,1.443245303739603,-11.0));
#2535=CARTESIAN_POINT('',(0.266706405555823,1.483763942917121,-11.0));
#2536=CARTESIAN_POINT('',(0.220515156893453,1.600457623748375,-11.0));
#2537=CARTESIAN_POINT('',(0.220515156893453,1.665287446432405,-11.0));
#2538=CARTESIAN_POINT('',(0.308035417516892,1.443245303739603,-11.100000000000001));
#2539=CARTESIAN_POINT('',(0.266706405555823,1.483763942917121,-11.100000000000001));
#2540=CARTESIAN_POINT('',(0.220515156893453,1.600457623748375,-11.100000000000001));
#2541=CARTESIAN_POINT('',(0.220515156893453,1.665287446432405,-11.100000000000001));
#2542=B_SPLINE_SURFACE_WITH_KNOTS('',2,1,((#2534,#2538),(#2535,#2539),(#2536,#2540),(#2537,#2541)),.UNSPECIFIED.,.F.,.F.,.F.,(3,1,3),(2,2),(-2.0,-1.0,0.0),(0.0,0.01),.UNSPECIFIED.);
#2543=CARTESIAN_POINT('',(0.220515156893453,1.665287446432405,-11.0));
#2544=CARTESIAN_POINT('',(0.220515156893453,1.600457623748375,-11.0));
#2545=CARTESIAN_POINT('',(0.266706405555823,1.483763942917121,-11.0));
#2546=CARTESIAN_POINT('',(0.308035417516892,1.443245303739603,-11.0));
#2547=QUASI_UNIFORM_CURVE('',2,(#2543,#2544,#2545,#2546),.UNSPECIFIED.,.F.,.U.);
#2548=EDGE_CURVE('',#2507,#2269,#2547,.T.);
#2549=ORIENTED_EDGE('',*,*,#2548,.F.);
#2550=ORIENTED_EDGE('',*,*,#2529,.T.);
#2551=CARTESIAN_POINT('',(0.308035417516892,1.443245303739603,-11.100000000000001));
#2552=CARTESIAN_POINT('',(0.266706405555823,1.483763942917121,-11.100000000000001));
#2553=CARTESIAN_POINT('',(0.220515156893453,1.600457623748375,-11.100000000000001));
#2554=CARTESIAN_POINT('',(0.220515156893453,1.665287446432405,-11.100000000000001));
#2555=QUASI_UNIFORM_CURVE('',2,(#2551,#2552,#2553,#2554),.UNSPECIFIED.,.F.,.U.);
#2556=EDGE_CURVE('',#2280,#2517,#2555,.T.);
#2557=ORIENTED_EDGE('',*,*,#2556,.F.);
#2558=ORIENTED_EDGE('',*,*,#2285,.F.);
#2559=EDGE_LOOP('',(#2549,#2550,#2557,#2558));
#2560=FACE_OUTER_BOUND('',#2559,.T.);
#2561=ADVANCED_FACE('',(#2560),#2542,.T.);
#2562=CARTESIAN_POINT('',(0.659551838065612,1.49888684315211,-11.100000000000001));
#2563=DIRECTION('',(0.0,0.0,1.0));
#2564=DIRECTION('',(1.0,0.0,0.0));
#2565=AXIS2_PLACEMENT_3D('',#2562,#2563,#2564);
#2566=PLANE('',#2565);
#2567=ORIENTED_EDGE('',*,*,#2556,.T.);
#2568=ORIENTED_EDGE('',*,*,#2523,.T.);
#2569=ORIENTED_EDGE('',*,*,#2486,.T.);
#2570=ORIENTED_EDGE('',*,*,#2449,.T.);
#2571=ORIENTED_EDGE('',*,*,#2418,.T.);
#2572=ORIENTED_EDGE('',*,*,#2387,.T.);
#2573=ORIENTED_EDGE('',*,*,#2356,.T.);
#2574=ORIENTED_EDGE('',*,*,#2325,.T.);
#2575=ORIENTED_EDGE('',*,*,#2294,.T.);
#2576=EDGE_LOOP('',(#2567,#2568,#2569,#2570,#2571,#2572,#2573,#2574,#2575));
#2577=FACE_OUTER_BOUND('',#2576,.T.);
#2578=ORIENTED_EDGE('',*,*,#2053,.T.);
#2579=ORIENTED_EDGE('',*,*,#2095,.T.);
#2580=ORIENTED_EDGE('',*,*,#2126,.T.);
#2581=ORIENTED_EDGE('',*,*,#2157,.T.);
#2582=ORIENTED_EDGE('',*,*,#2188,.T.);
#2583=ORIENTED_EDGE('',*,*,#2225,.T.);
#2584=ORIENTED_EDGE('',*,*,#2253,.T.);
#2585=EDGE_LOOP('',(#2578,#2579,#2580,#2581,#2582,#2583,#2584));
#2586=FACE_BOUND('',#2585,.T.);
#2587=ADVANCED_FACE('',(#2577,#2586),#2566,.F.);
#2588=CARTESIAN_POINT('',(1.328294752006813,1.056697485986074,-11.0));
#2589=CARTESIAN_POINT('',(1.273189402725388,1.056697485986074,-11.0));
#2590=CARTESIAN_POINT('',(1.201066224989404,1.109371716916849,-11.0));
#2591=CARTESIAN_POINT('',(1.180806905400645,1.162045947847623,-11.0));
#2592=CARTESIAN_POINT('',(1.328294752006813,1.056697485986074,-11.100000000000001));
#2593=CARTESIAN_POINT('',(1.273189402725388,1.056697485986074,-11.100000000000001));
#2594=CARTESIAN_POINT('',(1.201066224989404,1.109371716916849,-11.100000000000001));
#2595=CARTESIAN_POINT('',(1.180806905400645,1.162045947847623,-11.100000000000001));
#2596=B_SPLINE_SURFACE_WITH_KNOTS('',2,1,((#2588,#2592),(#2589,#2593),(#2590,#2594),(#2591,#2595)),.UNSPECIFIED.,.F.,.F.,.F.,(3,1,3),(2,2),(0.0,1.0,2.0),(0.0,0.01),.UNSPECIFIED.);
#2597=CARTESIAN_POINT('',(1.328294752006813,1.056697485986074,-11.0));
#2598=VERTEX_POINT('',#2597);
#2599=CARTESIAN_POINT('',(1.180806905400645,1.162045947847623,-11.0));
#2600=VERTEX_POINT('',#2599);
#2601=CARTESIAN_POINT('',(1.328294752006813,1.056697485986074,-11.0));
#2602=CARTESIAN_POINT('',(1.273189402725388,1.056697485986074,-11.0));
#2603=CARTESIAN_POINT('',(1.201066224989404,1.109371716916849,-11.0));
#2604=CARTESIAN_POINT('',(1.180806905400645,1.162045947847623,-11.0));
#2605=QUASI_UNIFORM_CURVE('',2,(#2601,#2602,#2603,#2604),.UNSPECIFIED.,.F.,.U.);
#2606=EDGE_CURVE('',#2598,#2600,#2605,.T.);
#2607=ORIENTED_EDGE('',*,*,#2606,.F.);
#2608=CARTESIAN_POINT('',(1.328294752006813,1.056697485986074,-11.100000000000001));
#2609=VERTEX_POINT('',#2608);
#2610=CARTESIAN_POINT('',(1.328294752006813,1.056697485986074,-11.0));
#2611=DIRECTION('',(0.0,0.0,-1.0));
#2612=VECTOR('',#2611,0.1);
#2613=LINE('',#2610,#2612);
#2614=EDGE_CURVE('',#2598,#2609,#2613,.T.);
#2615=ORIENTED_EDGE('',*,*,#2614,.T.);
#2616=CARTESIAN_POINT('',(1.180806905400645,1.162045947847623,-11.100000000000001));
#2617=VERTEX_POINT('',#2616);
#2618=CARTESIAN_POINT('',(1.180806905400645,1.162045947847623,-11.100000000000001));
#2619=CARTESIAN_POINT('',(1.201066224989404,1.109371716916849,-11.100000000000001));
#2620=CARTESIAN_POINT('',(1.273189402725388,1.056697485986074,-11.100000000000001));
#2621=CARTESIAN_POINT('',(1.328294752006813,1.056697485986074,-11.100000000000001));
#2622=QUASI_UNIFORM_CURVE('',2,(#2618,#2619,#2620,#2621),.UNSPECIFIED.,.F.,.U.);
#2623=EDGE_CURVE('',#2617,#2609,#2622,.T.);
#2624=ORIENTED_EDGE('',*,*,#2623,.F.);
#2625=CARTESIAN_POINT('',(1.180806905400645,1.162045947847623,-11.0));
#2626=DIRECTION('',(0.0,0.0,-1.0));
#2627=VECTOR('',#2626,0.1);
#2628=LINE('',#2625,#2627);
#2629=EDGE_CURVE('',#2600,#2617,#2628,.T.);
#2630=ORIENTED_EDGE('',*,*,#2629,.F.);
#2631=EDGE_LOOP('',(#2607,#2615,#2624,#2630));
#2632=FACE_OUTER_BOUND('',#2631,.T.);
#2633=ADVANCED_FACE('',(#2632),#2596,.F.);
#2634=CARTESIAN_POINT('',(1.478213716963632,1.164477066198274,-11.0));
#2635=CARTESIAN_POINT('',(1.458764770158424,1.11261320805105,-11.0));
#2636=CARTESIAN_POINT('',(1.38664159242244,1.056697485986074,-11.0));
#2637=CARTESIAN_POINT('',(1.328294752006813,1.056697485986074,-11.0));
#2638=CARTESIAN_POINT('',(1.478213716963632,1.164477066198274,-11.100000000000001));
#2639=CARTESIAN_POINT('',(1.458764770158424,1.11261320805105,-11.100000000000001));
#2640=CARTESIAN_POINT('',(1.38664159242244,1.056697485986074,-11.100000000000001));
#2641=CARTESIAN_POINT('',(1.328294752006813,1.056697485986074,-11.100000000000001));
#2642=B_SPLINE_SURFACE_WITH_KNOTS('',2,1,((#2634,#2638),(#2635,#2639),(#2636,#2640),(#2637,#2641)),.UNSPECIFIED.,.F.,.F.,.F.,(3,1,3),(2,2),(0.0,1.0,2.0),(0.0,0.01),.UNSPECIFIED.);
#2643=CARTESIAN_POINT('',(1.478213716963632,1.164477066198274,-11.0));
#2644=VERTEX_POINT('',#2643);
#2645=CARTESIAN_POINT('',(1.478213716963632,1.164477066198274,-11.0));
#2646=CARTESIAN_POINT('',(1.458764770158424,1.11261320805105,-11.0));
#2647=CARTESIAN_POINT('',(1.38664159242244,1.056697485986074,-11.0));
#2648=CARTESIAN_POINT('',(1.328294752006813,1.056697485986074,-11.0));
#2649=QUASI_UNIFORM_CURVE('',2,(#2645,#2646,#2647,#2648),.UNSPECIFIED.,.F.,.U.);
#2650=EDGE_CURVE('',#2644,#2598,#2649,.T.);
#2651=ORIENTED_EDGE('',*,*,#2650,.F.);
#2652=CARTESIAN_POINT('',(1.478213716963632,1.164477066198274,-11.100000000000001));
#2653=VERTEX_POINT('',#2652);
#2654=CARTESIAN_POINT('',(1.478213716963632,1.164477066198274,-11.0));
#2655=DIRECTION('',(0.0,0.0,-1.0));
#2656=VECTOR('',#2655,0.1);
#2657=LINE('',#2654,#2656);
#2658=EDGE_CURVE('',#2644,#2653,#2657,.T.);
#2659=ORIENTED_EDGE('',*,*,#2658,.T.);
#2660=CARTESIAN_POINT('',(1.328294752006813,1.056697485986074,-11.100000000000001));
#2661=CARTESIAN_POINT('',(1.38664159242244,1.056697485986074,-11.100000000000001));
#2662=CARTESIAN_POINT('',(1.458764770158424,1.11261320805105,-11.100000000000001));
#2663=CARTESIAN_POINT('',(1.478213716963632,1.164477066198274,-11.100000000000001));
#2664=QUASI_UNIFORM_CURVE('',2,(#2660,#2661,#2662,#2663),.UNSPECIFIED.,.F.,.U.);
#2665=EDGE_CURVE('',#2609,#2653,#2664,.T.);
#2666=ORIENTED_EDGE('',*,*,#2665,.F.);
#2667=ORIENTED_EDGE('',*,*,#2614,.F.);
#2668=EDGE_LOOP('',(#2651,#2659,#2666,#2667));
#2669=FACE_OUTER_BOUND('',#2668,.T.);
#2670=ADVANCED_FACE('',(#2669),#2642,.F.);
#2671=CARTESIAN_POINT('',(1.512249373872748,1.465935741679013,-11.0));
#2672=CARTESIAN_POINT('',(1.512249373872748,1.360587279817465,-11.0));
#2673=CARTESIAN_POINT('',(1.499283409335942,1.2195824154797,-11.0));
#2674=CARTESIAN_POINT('',(1.478213716963632,1.164477066198274,-11.0));
#2675=CARTESIAN_POINT('',(1.512249373872748,1.465935741679013,-11.100000000000001));
#2676=CARTESIAN_POINT('',(1.512249373872748,1.360587279817465,-11.100000000000001));
#2677=CARTESIAN_POINT('',(1.499283409335942,1.2195824154797,-11.100000000000001));
#2678=CARTESIAN_POINT('',(1.478213716963632,1.164477066198274,-11.100000000000001));
#2679=B_SPLINE_SURFACE_WITH_KNOTS('',2,1,((#2671,#2675),(#2672,#2676),(#2673,#2677),(#2674,#2678)),.UNSPECIFIED.,.F.,.F.,.F.,(3,1,3),(2,2),(0.0,1.0,2.0),(0.0,0.01),.UNSPECIFIED.);
#2680=CARTESIAN_POINT('',(1.512249373872748,1.465935741679013,-11.0));
#2681=VERTEX_POINT('',#2680);
#2682=CARTESIAN_POINT('',(1.512249373872748,1.465935741679013,-11.0));
#2683=CARTESIAN_POINT('',(1.512249373872748,1.360587279817465,-11.0));
#2684=CARTESIAN_POINT('',(1.499283409335942,1.2195824154797,-11.0));
#2685=CARTESIAN_POINT('',(1.478213716963632,1.164477066198274,-11.0));
#2686=QUASI_UNIFORM_CURVE('',2,(#2682,#2683,#2684,#2685),.UNSPECIFIED.,.F.,.U.);
#2687=EDGE_CURVE('',#2681,#2644,#2686,.T.);
#2688=ORIENTED_EDGE('',*,*,#2687,.F.);
#2689=CARTESIAN_POINT('',(1.512249373872748,1.465935741679013,-11.100000000000001));
#2690=VERTEX_POINT('',#2689);
#2691=CARTESIAN_POINT('',(1.512249373872748,1.465935741679013,-11.0));
#2692=DIRECTION('',(0.0,0.0,-1.0));
#2693=VECTOR('',#2692,0.1);
#2694=LINE('',#2691,#2693);
#2695=EDGE_CURVE('',#2681,#2690,#2694,.T.);
#2696=ORIENTED_EDGE('',*,*,#2695,.T.);
#2697=CARTESIAN_POINT('',(1.478213716963632,1.164477066198274,-11.100000000000001));
#2698=CARTESIAN_POINT('',(1.499283409335942,1.2195824154797,-11.100000000000001));
#2699=CARTESIAN_POINT('',(1.512249373872748,1.360587279817465,-11.100000000000001));
#2700=CARTESIAN_POINT('',(1.512249373872748,1.465935741679013,-11.100000000000001));
#2701=QUASI_UNIFORM_CURVE('',2,(#2697,#2698,#2699,#2700),.UNSPECIFIED.,.F.,.U.);
#2702=EDGE_CURVE('',#2653,#2690,#2701,.T.);
#2703=ORIENTED_EDGE('',*,*,#2702,.F.);
#2704=ORIENTED_EDGE('',*,*,#2658,.F.);
#2705=EDGE_LOOP('',(#2688,#2696,#2703,#2704));
#2706=FACE_OUTER_BOUND('',#2705,.T.);
#2707=ADVANCED_FACE('',(#2706),#2679,.F.);
#2708=CARTESIAN_POINT('',(1.477403344180082,1.770635908293954,-11.0));
#2709=CARTESIAN_POINT('',(1.497662663768842,1.71958242293028,-11.0));
#2710=CARTESIAN_POINT('',(1.512249373872748,1.563990848488608,-11.0));
#2711=CARTESIAN_POINT('',(1.512249373872748,1.465935741679013,-11.0));
#2712=CARTESIAN_POINT('',(1.477403344180082,1.770635908293954,-11.100000000000001));
#2713=CARTESIAN_POINT('',(1.497662663768842,1.71958242293028,-11.100000000000001));
#2714=CARTESIAN_POINT('',(1.512249373872748,1.563990848488608,-11.100000000000001));
#2715=CARTESIAN_POINT('',(1.512249373872748,1.465935741679013,-11.100000000000001));
#2716=B_SPLINE_SURFACE_WITH_KNOTS('',2,1,((#2708,#2712),(#2709,#2713),(#2710,#2714),(#2711,#2715)),.UNSPECIFIED.,.F.,.F.,.F.,(3,1,3),(2,2),(0.0,1.0,2.0),(0.0,0.01),.UNSPECIFIED.);
#2717=CARTESIAN_POINT('',(1.477403344180081,1.770635908293954,-11.0));
#2718=VERTEX_POINT('',#2717);
#2719=CARTESIAN_POINT('',(1.477403344180082,1.770635908293954,-11.0));
#2720=CARTESIAN_POINT('',(1.497662663768842,1.71958242293028,-11.0));
#2721=CARTESIAN_POINT('',(1.512249373872748,1.563990848488608,-11.0));
#2722=CARTESIAN_POINT('',(1.512249373872748,1.465935741679013,-11.0));
#2723=QUASI_UNIFORM_CURVE('',2,(#2719,#2720,#2721,#2722),.UNSPECIFIED.,.F.,.U.);
#2724=EDGE_CURVE('',#2718,#2681,#2723,.T.);
#2725=ORIENTED_EDGE('',*,*,#2724,.F.);
#2726=CARTESIAN_POINT('',(1.477403344180081,1.770635908293954,-11.100000000000001));
#2727=VERTEX_POINT('',#2726);
#2728=CARTESIAN_POINT('',(1.477403344180081,1.770635908293954,-11.0));
#2729=DIRECTION('',(0.0,0.0,-1.0));
#2730=VECTOR('',#2729,0.1);
#2731=LINE('',#2728,#2730);
#2732=EDGE_CURVE('',#2718,#2727,#2731,.T.);
#2733=ORIENTED_EDGE('',*,*,#2732,.T.);
#2734=CARTESIAN_POINT('',(1.512249373872748,1.465935741679013,-11.100000000000001));
#2735=CARTESIAN_POINT('',(1.512249373872748,1.563990848488608,-11.100000000000001));
#2736=CARTESIAN_POINT('',(1.497662663768842,1.71958242293028,-11.100000000000001));
#2737=CARTESIAN_POINT('',(1.477403344180082,1.770635908293954,-11.100000000000001));
#2738=QUASI_UNIFORM_CURVE('',2,(#2734,#2735,#2736,#2737),.UNSPECIFIED.,.F.,.U.);
#2739=EDGE_CURVE('',#2690,#2727,#2738,.T.);
#2740=ORIENTED_EDGE('',*,*,#2739,.F.);
#2741=ORIENTED_EDGE('',*,*,#2695,.F.);
#2742=EDGE_LOOP('',(#2725,#2733,#2740,#2741));
#2743=FACE_OUTER_BOUND('',#2742,.T.);
#2744=ADVANCED_FACE('',(#2743),#2716,.F.);
#2745=CARTESIAN_POINT('',(1.328294752006813,1.875984370155502,-11.0));
#2746=CARTESIAN_POINT('',(1.384210474071789,1.875984370155502,-11.0));
#2747=CARTESIAN_POINT('',(1.456333651807772,1.823310139224728,-11.0));
#2748=CARTESIAN_POINT('',(1.477403344180082,1.770635908293954,-11.0));
#2749=CARTESIAN_POINT('',(1.328294752006813,1.875984370155502,-11.100000000000001));
#2750=CARTESIAN_POINT('',(1.384210474071789,1.875984370155502,-11.100000000000001));
#2751=CARTESIAN_POINT('',(1.456333651807772,1.823310139224728,-11.100000000000001));
#2752=CARTESIAN_POINT('',(1.477403344180082,1.770635908293954,-11.100000000000001));
#2753=B_SPLINE_SURFACE_WITH_KNOTS('',2,1,((#2745,#2749),(#2746,#2750),(#2747,#2751),(#2748,#2752)),.UNSPECIFIED.,.F.,.F.,.F.,(3,1,3),(2,2),(0.0,1.0,2.0),(0.0,0.01),.UNSPECIFIED.);
#2754=CARTESIAN_POINT('',(1.328294752006813,1.875984370155502,-11.0));
#2755=VERTEX_POINT('',#2754);
#2756=CARTESIAN_POINT('',(1.328294752006813,1.875984370155502,-11.0));
#2757=CARTESIAN_POINT('',(1.384210474071789,1.875984370155502,-11.0));
#2758=CARTESIAN_POINT('',(1.456333651807772,1.823310139224728,-11.0));
#2759=CARTESIAN_POINT('',(1.477403344180082,1.770635908293954,-11.0));
#2760=QUASI_UNIFORM_CURVE('',2,(#2756,#2757,#2758,#2759),.UNSPECIFIED.,.F.,.U.);
#2761=EDGE_CURVE('',#2755,#2718,#2760,.T.);
#2762=ORIENTED_EDGE('',*,*,#2761,.F.);
#2763=CARTESIAN_POINT('',(1.328294752006813,1.875984370155502,-11.100000000000001));
#2764=VERTEX_POINT('',#2763);
#2765=CARTESIAN_POINT('',(1.328294752006813,1.875984370155502,-11.0));
#2766=DIRECTION('',(0.0,0.0,-1.0));
#2767=VECTOR('',#2766,0.1);
#2768=LINE('',#2765,#2767);
#2769=EDGE_CURVE('',#2755,#2764,#2768,.T.);
#2770=ORIENTED_EDGE('',*,*,#2769,.T.);
#2771=CARTESIAN_POINT('',(1.477403344180082,1.770635908293954,-11.100000000000001));
#2772=CARTESIAN_POINT('',(1.456333651807772,1.823310139224728,-11.100000000000001));
#2773=CARTESIAN_POINT('',(1.384210474071789,1.875984370155502,-11.100000000000001));
#2774=CARTESIAN_POINT('',(1.328294752006813,1.875984370155502,-11.100000000000001));
#2775=QUASI_UNIFORM_CURVE('',2,(#2771,#2772,#2773,#2774),.UNSPECIFIED.,.F.,.U.);
#2776=EDGE_CURVE('',#2727,#2764,#2775,.T.);
#2777=ORIENTED_EDGE('',*,*,#2776,.F.);
#2778=ORIENTED_EDGE('',*,*,#2732,.F.);
#2779=EDGE_LOOP('',(#2762,#2770,#2777,#2778));
#2780=FACE_OUTER_BOUND('',#2779,.T.);
#2781=ADVANCED_FACE('',(#2780),#2753,.F.);
#2782=CARTESIAN_POINT('',(1.181617278184196,1.772256653861055,-11.0));
#2783=CARTESIAN_POINT('',(1.201876597772955,1.823310139224728,-11.0));
#2784=CARTESIAN_POINT('',(1.272379029941837,1.875984370155502,-11.0));
#2785=CARTESIAN_POINT('',(1.328294752006813,1.875984370155502,-11.0));
#2786=CARTESIAN_POINT('',(1.181617278184196,1.772256653861055,-11.100000000000001));
#2787=CARTESIAN_POINT('',(1.201876597772955,1.823310139224728,-11.100000000000001));
#2788=CARTESIAN_POINT('',(1.272379029941837,1.875984370155502,-11.100000000000001));
#2789=CARTESIAN_POINT('',(1.328294752006813,1.875984370155502,-11.100000000000001));
#2790=B_SPLINE_SURFACE_WITH_KNOTS('',2,1,((#2782,#2786),(#2783,#2787),(#2784,#2788),(#2785,#2789)),.UNSPECIFIED.,.F.,.F.,.F.,(3,1,3),(2,2),(0.0,1.0,2.0),(0.0,0.01),.UNSPECIFIED.);
#2791=CARTESIAN_POINT('',(1.181617278184196,1.772256653861054,-11.0));
#2792=VERTEX_POINT('',#2791);
#2793=CARTESIAN_POINT('',(1.181617278184196,1.772256653861055,-11.0));
#2794=CARTESIAN_POINT('',(1.201876597772955,1.823310139224728,-11.0));
#2795=CARTESIAN_POINT('',(1.272379029941837,1.875984370155502,-11.0));
#2796=CARTESIAN_POINT('',(1.328294752006813,1.875984370155502,-11.0));
#2797=QUASI_UNIFORM_CURVE('',2,(#2793,#2794,#2795,#2796),.UNSPECIFIED.,.F.,.U.);
#2798=EDGE_CURVE('',#2792,#2755,#2797,.T.);
#2799=ORIENTED_EDGE('',*,*,#2798,.F.);
#2800=CARTESIAN_POINT('',(1.181617278184196,1.772256653861054,-11.100000000000001));
#2801=VERTEX_POINT('',#2800);
#2802=CARTESIAN_POINT('',(1.181617278184196,1.772256653861054,-11.0));
#2803=DIRECTION('',(0.0,0.0,-1.0));
#2804=VECTOR('',#2803,0.1);
#2805=LINE('',#2802,#2804);
#2806=EDGE_CURVE('',#2792,#2801,#2805,.T.);
#2807=ORIENTED_EDGE('',*,*,#2806,.T.);
#2808=CARTESIAN_POINT('',(1.328294752006813,1.875984370155502,-11.100000000000001));
#2809=CARTESIAN_POINT('',(1.272379029941837,1.875984370155502,-11.100000000000001));
#2810=CARTESIAN_POINT('',(1.201876597772955,1.823310139224728,-11.100000000000001));
#2811=CARTESIAN_POINT('',(1.181617278184196,1.772256653861055,-11.100000000000001));
#2812=QUASI_UNIFORM_CURVE('',2,(#2808,#2809,#2810,#2811),.UNSPECIFIED.,.F.,.U.);
#2813=EDGE_CURVE('',#2764,#2801,#2812,.T.);
#2814=ORIENTED_EDGE('',*,*,#2813,.F.);
#2815=ORIENTED_EDGE('',*,*,#2769,.F.);
#2816=EDGE_LOOP('',(#2799,#2807,#2814,#2815));
#2817=FACE_OUTER_BOUND('',#2816,.T.);
#2818=ADVANCED_FACE('',(#2817),#2790,.F.);
#2819=CARTESIAN_POINT('',(1.145150502924429,1.466746114462564,-11.0));
#2820=CARTESIAN_POINT('',(1.145150502924429,1.569663457973461,-11.0));
#2821=CARTESIAN_POINT('',(1.161357958595436,1.721203168497381,-11.0));
#2822=CARTESIAN_POINT('',(1.181617278184196,1.772256653861055,-11.0));
#2823=CARTESIAN_POINT('',(1.145150502924429,1.466746114462564,-11.100000000000001));
#2824=CARTESIAN_POINT('',(1.145150502924429,1.569663457973461,-11.100000000000001));
#2825=CARTESIAN_POINT('',(1.161357958595436,1.721203168497381,-11.100000000000001));
#2826=CARTESIAN_POINT('',(1.181617278184196,1.772256653861055,-11.100000000000001));
#2827=B_SPLINE_SURFACE_WITH_KNOTS('',2,1,((#2819,#2823),(#2820,#2824),(#2821,#2825),(#2822,#2826)),.UNSPECIFIED.,.F.,.F.,.F.,(3,1,3),(2,2),(0.0,1.0,2.0),(0.0,0.01),.UNSPECIFIED.);
#2828=CARTESIAN_POINT('',(1.145150502924429,1.466746114462564,-11.0));
#2829=VERTEX_POINT('',#2828);
#2830=CARTESIAN_POINT('',(1.145150502924429,1.466746114462564,-11.0));
#2831=CARTESIAN_POINT('',(1.145150502924429,1.569663457973461,-11.0));
#2832=CARTESIAN_POINT('',(1.161357958595436,1.721203168497381,-11.0));
#2833=CARTESIAN_POINT('',(1.181617278184196,1.772256653861055,-11.0));
#2834=QUASI_UNIFORM_CURVE('',2,(#2830,#2831,#2832,#2833),.UNSPECIFIED.,.F.,.U.);
#2835=EDGE_CURVE('',#2829,#2792,#2834,.T.);
#2836=ORIENTED_EDGE('',*,*,#2835,.F.);
#2837=CARTESIAN_POINT('',(1.145150502924429,1.466746114462564,-11.100000000000001));
#2838=VERTEX_POINT('',#2837);
#2839=CARTESIAN_POINT('',(1.145150502924429,1.466746114462564,-11.0));
#2840=DIRECTION('',(0.0,0.0,-1.0));
#2841=VECTOR('',#2840,0.1);
#2842=LINE('',#2839,#2841);
#2843=EDGE_CURVE('',#2829,#2838,#2842,.T.);
#2844=ORIENTED_EDGE('',*,*,#2843,.T.);
#2845=CARTESIAN_POINT('',(1.181617278184196,1.772256653861055,-11.100000000000001));
#2846=CARTESIAN_POINT('',(1.161357958595436,1.721203168497381,-11.100000000000001));
#2847=CARTESIAN_POINT('',(1.145150502924429,1.569663457973461,-11.100000000000001));
#2848=CARTESIAN_POINT('',(1.145150502924429,1.466746114462564,-11.100000000000001));
#2849=QUASI_UNIFORM_CURVE('',2,(#2845,#2846,#2847,#2848),.UNSPECIFIED.,.F.,.U.);
#2850=EDGE_CURVE('',#2801,#2838,#2849,.T.);
#2851=ORIENTED_EDGE('',*,*,#2850,.F.);
#2852=ORIENTED_EDGE('',*,*,#2806,.F.);
#2853=EDGE_LOOP('',(#2836,#2844,#2851,#2852));
#2854=FACE_OUTER_BOUND('',#2853,.T.);
#2855=ADVANCED_FACE('',(#2854),#2827,.F.);
#2856=CARTESIAN_POINT('',(1.180806905400645,1.162045947847623,-11.0));
#2857=CARTESIAN_POINT('',(1.161357958595436,1.211478687644196,-11.0));
#2858=CARTESIAN_POINT('',(1.145150502924429,1.363828770951666,-11.0));
#2859=CARTESIAN_POINT('',(1.145150502924429,1.466746114462564,-11.0));
#2860=CARTESIAN_POINT('',(1.180806905400645,1.162045947847623,-11.100000000000001));
#2861=CARTESIAN_POINT('',(1.161357958595436,1.211478687644196,-11.100000000000001));
#2862=CARTESIAN_POINT('',(1.145150502924429,1.363828770951666,-11.100000000000001));
#2863=CARTESIAN_POINT('',(1.145150502924429,1.466746114462564,-11.100000000000001));
#2864=B_SPLINE_SURFACE_WITH_KNOTS('',2,1,((#2856,#2860),(#2857,#2861),(#2858,#2862),(#2859,#2863)),.UNSPECIFIED.,.F.,.F.,.F.,(3,1,3),(2,2),(0.0,1.0,2.0),(0.0,0.01),.UNSPECIFIED.);
#2865=CARTESIAN_POINT('',(1.180806905400645,1.162045947847623,-11.0));
#2866=CARTESIAN_POINT('',(1.161357958595436,1.211478687644196,-11.0));
#2867=CARTESIAN_POINT('',(1.145150502924429,1.363828770951666,-11.0));
#2868=CARTESIAN_POINT('',(1.145150502924429,1.466746114462564,-11.0));
#2869=QUASI_UNIFORM_CURVE('',2,(#2865,#2866,#2867,#2868),.UNSPECIFIED.,.F.,.U.);
#2870=EDGE_CURVE('',#2600,#2829,#2869,.T.);
#2871=ORIENTED_EDGE('',*,*,#2870,.F.);
#2872=ORIENTED_EDGE('',*,*,#2629,.T.);
#2873=CARTESIAN_POINT('',(1.145150502924429,1.466746114462564,-11.100000000000001));
#2874=CARTESIAN_POINT('',(1.145150502924429,1.363828770951666,-11.100000000000001));
#2875=CARTESIAN_POINT('',(1.161357958595436,1.211478687644196,-11.100000000000001));
#2876=CARTESIAN_POINT('',(1.180806905400645,1.162045947847623,-11.100000000000001));
#2877=QUASI_UNIFORM_CURVE('',2,(#2873,#2874,#2875,#2876),.UNSPECIFIED.,.F.,.U.);
#2878=EDGE_CURVE('',#2838,#2617,#2877,.T.);
#2879=ORIENTED_EDGE('',*,*,#2878,.F.);
#2880=ORIENTED_EDGE('',*,*,#2843,.F.);
#2881=EDGE_LOOP('',(#2871,#2872,#2879,#2880));
#2882=FACE_OUTER_BOUND('',#2881,.T.);
#2883=ADVANCED_FACE('',(#2882),#2864,.F.);
#2884=CARTESIAN_POINT('',(1.648392001509211,1.465935741679013,-11.0));
#2885=CARTESIAN_POINT('',(1.648392001509211,1.202564587025142,-11.0));
#2886=CARTESIAN_POINT('',(1.49361079985109,0.945676414639673,-11.0));
#2887=CARTESIAN_POINT('',(1.328294752006813,0.945676414639673,-11.0));
#2888=CARTESIAN_POINT('',(1.648392001509211,1.465935741679013,-11.100000000000001));
#2889=CARTESIAN_POINT('',(1.648392001509211,1.202564587025142,-11.100000000000001));
#2890=CARTESIAN_POINT('',(1.49361079985109,0.945676414639673,-11.100000000000001));
#2891=CARTESIAN_POINT('',(1.328294752006813,0.945676414639673,-11.100000000000001));
#2892=B_SPLINE_SURFACE_WITH_KNOTS('',2,1,((#2884,#2888),(#2885,#2889),(#2886,#2890),(#2887,#2891)),.UNSPECIFIED.,.F.,.F.,.F.,(3,1,3),(2,2),(-2.0,-1.0,0.0),(0.0,0.01),.UNSPECIFIED.);
#2893=CARTESIAN_POINT('',(1.328294752006813,0.945676414639673,-11.0));
#2894=VERTEX_POINT('',#2893);
#2895=CARTESIAN_POINT('',(1.648392001509211,1.465935741679013,-11.0));
#2896=VERTEX_POINT('',#2895);
#2897=CARTESIAN_POINT('',(1.328294752006813,0.945676414639673,-11.0));
#2898=CARTESIAN_POINT('',(1.49361079985109,0.945676414639673,-11.0));
#2899=CARTESIAN_POINT('',(1.648392001509211,1.202564587025142,-11.0));
#2900=CARTESIAN_POINT('',(1.648392001509211,1.465935741679013,-11.0));
#2901=QUASI_UNIFORM_CURVE('',2,(#2897,#2898,#2899,#2900),.UNSPECIFIED.,.F.,.U.);
#2902=EDGE_CURVE('',#2894,#2896,#2901,.T.);
#2903=ORIENTED_EDGE('',*,*,#2902,.F.);
#2904=CARTESIAN_POINT('',(1.328294752006813,0.945676414639673,-11.100000000000001));
#2905=VERTEX_POINT('',#2904);
#2906=CARTESIAN_POINT('',(1.328294752006813,0.945676414639673,-11.0));
#2907=DIRECTION('',(0.0,0.0,-1.0));
#2908=VECTOR('',#2907,0.1);
#2909=LINE('',#2906,#2908);
#2910=EDGE_CURVE('',#2894,#2905,#2909,.T.);
#2911=ORIENTED_EDGE('',*,*,#2910,.T.);
#2912=CARTESIAN_POINT('',(1.648392001509211,1.465935741679013,-11.100000000000001));
#2913=VERTEX_POINT('',#2912);
#2914=CARTESIAN_POINT('',(1.648392001509211,1.465935741679013,-11.100000000000001));
#2915=CARTESIAN_POINT('',(1.648392001509211,1.202564587025142,-11.100000000000001));
#2916=CARTESIAN_POINT('',(1.49361079985109,0.945676414639673,-11.100000000000001));
#2917=CARTESIAN_POINT('',(1.328294752006813,0.945676414639673,-11.100000000000001));
#2918=QUASI_UNIFORM_CURVE('',2,(#2914,#2915,#2916,#2917),.UNSPECIFIED.,.F.,.U.);
#2919=EDGE_CURVE('',#2913,#2905,#2918,.T.);
#2920=ORIENTED_EDGE('',*,*,#2919,.F.);
#2921=CARTESIAN_POINT('',(1.648392001509211,1.465935741679013,-11.0));
#2922=DIRECTION('',(0.0,0.0,-1.0));
#2923=VECTOR('',#2922,0.1);
#2924=LINE('',#2921,#2923);
#2925=EDGE_CURVE('',#2896,#2913,#2924,.T.);
#2926=ORIENTED_EDGE('',*,*,#2925,.F.);
#2927=EDGE_LOOP('',(#2903,#2911,#2920,#2926));
#2928=FACE_OUTER_BOUND('',#2927,.T.);
#2929=ADVANCED_FACE('',(#2928),#2892,.T.);
#2930=CARTESIAN_POINT('',(1.328294752006813,1.987005441501903,-11.0));
#2931=CARTESIAN_POINT('',(1.491990054283989,1.987005441501903,-11.0));
#2932=CARTESIAN_POINT('',(1.648392001509211,1.736600251384838,-11.0));
#2933=CARTESIAN_POINT('',(1.648392001509211,1.465935741679013,-11.0));
#2934=CARTESIAN_POINT('',(1.328294752006813,1.987005441501903,-11.100000000000001));
#2935=CARTESIAN_POINT('',(1.491990054283989,1.987005441501903,-11.100000000000001));
#2936=CARTESIAN_POINT('',(1.648392001509211,1.736600251384838,-11.100000000000001));
#2937=CARTESIAN_POINT('',(1.648392001509211,1.465935741679013,-11.100000000000001));
#2938=B_SPLINE_SURFACE_WITH_KNOTS('',2,1,((#2930,#2934),(#2931,#2935),(#2932,#2936),(#2933,#2937)),.UNSPECIFIED.,.F.,.F.,.F.,(3,1,3),(2,2),(-2.0,-1.0,0.0),(0.0,0.01),.UNSPECIFIED.);
#2939=CARTESIAN_POINT('',(1.328294752006813,1.987005441501903,-11.0));
#2940=VERTEX_POINT('',#2939);
#2941=CARTESIAN_POINT('',(1.648392001509211,1.465935741679013,-11.0));
#2942=CARTESIAN_POINT('',(1.648392001509211,1.736600251384838,-11.0));
#2943=CARTESIAN_POINT('',(1.491990054283989,1.987005441501903,-11.0));
#2944=CARTESIAN_POINT('',(1.328294752006813,1.987005441501903,-11.0));
#2945=QUASI_UNIFORM_CURVE('',2,(#2941,#2942,#2943,#2944),.UNSPECIFIED.,.F.,.U.);
#2946=EDGE_CURVE('',#2896,#2940,#2945,.T.);
#2947=ORIENTED_EDGE('',*,*,#2946,.F.);
#2948=ORIENTED_EDGE('',*,*,#2925,.T.);
#2949=CARTESIAN_POINT('',(1.328294752006813,1.987005441501903,-11.100000000000001));
#2950=VERTEX_POINT('',#2949);
#2951=CARTESIAN_POINT('',(1.328294752006813,1.987005441501903,-11.100000000000001));
#2952=CARTESIAN_POINT('',(1.491990054283989,1.987005441501903,-11.100000000000001));
#2953=CARTESIAN_POINT('',(1.648392001509211,1.736600251384838,-11.100000000000001));
#2954=CARTESIAN_POINT('',(1.648392001509211,1.465935741679013,-11.100000000000001));
#2955=QUASI_UNIFORM_CURVE('',2,(#2951,#2952,#2953,#2954),.UNSPECIFIED.,.F.,.U.);
#2956=EDGE_CURVE('',#2950,#2913,#2955,.T.);
#2957=ORIENTED_EDGE('',*,*,#2956,.F.);
#2958=CARTESIAN_POINT('',(1.328294752006813,1.987005441501903,-11.0));
#2959=DIRECTION('',(0.0,0.0,-1.0));
#2960=VECTOR('',#2959,0.1);
#2961=LINE('',#2958,#2960);
#2962=EDGE_CURVE('',#2940,#2950,#2961,.T.);
#2963=ORIENTED_EDGE('',*,*,#2962,.F.);
#2964=EDGE_LOOP('',(#2947,#2948,#2957,#2963));
#2965=FACE_OUTER_BOUND('',#2964,.T.);
#2966=ADVANCED_FACE('',(#2965),#2938,.T.);
#2967=CARTESIAN_POINT('',(1.009007875287966,1.466746114462564,-11.0));
#2968=CARTESIAN_POINT('',(1.009007875287966,1.727686150765784,-11.0));
#2969=CARTESIAN_POINT('',(1.163789076946087,1.987005441501903,-11.0));
#2970=CARTESIAN_POINT('',(1.328294752006813,1.987005441501903,-11.0));
#2971=CARTESIAN_POINT('',(1.009007875287966,1.466746114462564,-11.100000000000001));
#2972=CARTESIAN_POINT('',(1.009007875287966,1.727686150765784,-11.100000000000001));
#2973=CARTESIAN_POINT('',(1.163789076946087,1.987005441501903,-11.100000000000001));
#2974=CARTESIAN_POINT('',(1.328294752006813,1.987005441501903,-11.100000000000001));
#2975=B_SPLINE_SURFACE_WITH_KNOTS('',2,1,((#2967,#2971),(#2968,#2972),(#2969,#2973),(#2970,#2974)),.UNSPECIFIED.,.F.,.F.,.F.,(3,1,3),(2,2),(-2.0,-1.0,0.0),(0.0,0.01),.UNSPECIFIED.);
#2976=CARTESIAN_POINT('',(1.009007875287966,1.466746114462564,-11.0));
#2977=VERTEX_POINT('',#2976);
#2978=CARTESIAN_POINT('',(1.328294752006813,1.987005441501903,-11.0));
#2979=CARTESIAN_POINT('',(1.163789076946087,1.987005441501903,-11.0));
#2980=CARTESIAN_POINT('',(1.009007875287966,1.727686150765784,-11.0));
#2981=CARTESIAN_POINT('',(1.009007875287966,1.466746114462564,-11.0));
#2982=QUASI_UNIFORM_CURVE('',2,(#2978,#2979,#2980,#2981),.UNSPECIFIED.,.F.,.U.);
#2983=EDGE_CURVE('',#2940,#2977,#2982,.T.);
#2984=ORIENTED_EDGE('',*,*,#2983,.F.);
#2985=ORIENTED_EDGE('',*,*,#2962,.T.);
#2986=CARTESIAN_POINT('',(1.009007875287966,1.466746114462564,-11.100000000000001));
#2987=VERTEX_POINT('',#2986);
#2988=CARTESIAN_POINT('',(1.009007875287966,1.466746114462564,-11.100000000000001));
#2989=CARTESIAN_POINT('',(1.009007875287966,1.727686150765784,-11.100000000000001));
#2990=CARTESIAN_POINT('',(1.163789076946087,1.987005441501903,-11.100000000000001));
#2991=CARTESIAN_POINT('',(1.328294752006813,1.987005441501903,-11.100000000000001));
#2992=QUASI_UNIFORM_CURVE('',2,(#2988,#2989,#2990,#2991),.UNSPECIFIED.,.F.,.U.);
#2993=EDGE_CURVE('',#2987,#2950,#2992,.T.);
#2994=ORIENTED_EDGE('',*,*,#2993,.F.);
#2995=CARTESIAN_POINT('',(1.009007875287966,1.466746114462564,-11.0));
#2996=DIRECTION('',(0.0,0.0,-1.0));
#2997=VECTOR('',#2996,0.1);
#2998=LINE('',#2995,#2997);
#2999=EDGE_CURVE('',#2977,#2987,#2998,.T.);
#3000=ORIENTED_EDGE('',*,*,#2999,.F.);
#3001=EDGE_LOOP('',(#2984,#2985,#2994,#3000));
#3002=FACE_OUTER_BOUND('',#3001,.T.);
#3003=ADVANCED_FACE('',(#3002),#2975,.T.);
#3004=CARTESIAN_POINT('',(1.328294752006813,0.945676414639673,-11.0));
#3005=CARTESIAN_POINT('',(1.165409822513188,0.945676414639673,-11.0));
#3006=CARTESIAN_POINT('',(1.009007875287966,1.197702350323839,-11.0));
#3007=CARTESIAN_POINT('',(1.009007875287966,1.466746114462564,-11.0));
#3008=CARTESIAN_POINT('',(1.328294752006813,0.945676414639673,-11.100000000000001));
#3009=CARTESIAN_POINT('',(1.165409822513188,0.945676414639673,-11.100000000000001));
#3010=CARTESIAN_POINT('',(1.009007875287966,1.197702350323839,-11.100000000000001));
#3011=CARTESIAN_POINT('',(1.009007875287966,1.466746114462564,-11.100000000000001));
#3012=B_SPLINE_SURFACE_WITH_KNOTS('',2,1,((#3004,#3008),(#3005,#3009),(#3006,#3010),(#3007,#3011)),.UNSPECIFIED.,.F.,.F.,.F.,(3,1,3),(2,2),(-2.0,-1.0,0.0),(0.0,0.01),.UNSPECIFIED.);
#3013=CARTESIAN_POINT('',(1.009007875287966,1.466746114462564,-11.0));
#3014=CARTESIAN_POINT('',(1.009007875287966,1.197702350323839,-11.0));
#3015=CARTESIAN_POINT('',(1.165409822513188,0.945676414639673,-11.0));
#3016=CARTESIAN_POINT('',(1.328294752006813,0.945676414639673,-11.0));
#3017=QUASI_UNIFORM_CURVE('',2,(#3013,#3014,#3015,#3016),.UNSPECIFIED.,.F.,.U.);
#3018=EDGE_CURVE('',#2977,#2894,#3017,.T.);
#3019=ORIENTED_EDGE('',*,*,#3018,.F.);
#3020=ORIENTED_EDGE('',*,*,#2999,.T.);
#3021=CARTESIAN_POINT('',(1.328294752006813,0.945676414639673,-11.100000000000001));
#3022=CARTESIAN_POINT('',(1.165409822513188,0.945676414639673,-11.100000000000001));
#3023=CARTESIAN_POINT('',(1.009007875287966,1.197702350323839,-11.100000000000001));
#3024=CARTESIAN_POINT('',(1.009007875287966,1.466746114462564,-11.100000000000001));
#3025=QUASI_UNIFORM_CURVE('',2,(#3021,#3022,#3023,#3024),.UNSPECIFIED.,.F.,.U.);
#3026=EDGE_CURVE('',#2905,#2987,#3025,.T.);
#3027=ORIENTED_EDGE('',*,*,#3026,.F.);
#3028=ORIENTED_EDGE('',*,*,#2910,.F.);
#3029=EDGE_LOOP('',(#3019,#3020,#3027,#3028));
#3030=FACE_OUTER_BOUND('',#3029,.T.);
#3031=ADVANCED_FACE('',(#3030),#3012,.T.);
#3032=CARTESIAN_POINT('',(1.328852493987245,1.466307847635942,-11.100000000000003));
#3033=DIRECTION('',(0.0,0.0,1.0));
#3034=DIRECTION('',(1.0,0.0,0.0));
#3035=AXIS2_PLACEMENT_3D('',#3032,#3033,#3034);
#3036=PLANE('',#3035);
#3037=ORIENTED_EDGE('',*,*,#3026,.T.);
#3038=ORIENTED_EDGE('',*,*,#2993,.T.);
#3039=ORIENTED_EDGE('',*,*,#2956,.T.);
#3040=ORIENTED_EDGE('',*,*,#2919,.T.);
#3041=EDGE_LOOP('',(#3037,#3038,#3039,#3040));
#3042=FACE_OUTER_BOUND('',#3041,.T.);
#3043=ORIENTED_EDGE('',*,*,#2623,.T.);
#3044=ORIENTED_EDGE('',*,*,#2665,.T.);
#3045=ORIENTED_EDGE('',*,*,#2702,.T.);
#3046=ORIENTED_EDGE('',*,*,#2739,.T.);
#3047=ORIENTED_EDGE('',*,*,#2776,.T.);
#3048=ORIENTED_EDGE('',*,*,#2813,.T.);
#3049=ORIENTED_EDGE('',*,*,#2850,.T.);
#3050=ORIENTED_EDGE('',*,*,#2878,.T.);
#3051=EDGE_LOOP('',(#3043,#3044,#3045,#3046,#3047,#3048,#3049,#3050));
#3052=FACE_BOUND('',#3051,.T.);
#3053=ADVANCED_FACE('',(#3042,#3052),#3036,.F.);
#3054=CARTESIAN_POINT('',(2.066544357821204,1.055076740418974,-11.0));
#3055=CARTESIAN_POINT('',(1.985507079466167,1.055076740418974,-11.0));
#3056=CARTESIAN_POINT('',(1.885831227089471,1.170149675683127,-11.0));
#3057=CARTESIAN_POINT('',(1.885831227089471,1.28522261094728,-11.0));
#3058=CARTESIAN_POINT('',(2.066544357821204,1.055076740418974,-11.100000000000001));
#3059=CARTESIAN_POINT('',(1.985507079466167,1.055076740418974,-11.100000000000001));
#3060=CARTESIAN_POINT('',(1.885831227089471,1.170149675683127,-11.100000000000001));
#3061=CARTESIAN_POINT('',(1.885831227089471,1.28522261094728,-11.100000000000001));
#3062=B_SPLINE_SURFACE_WITH_KNOTS('',2,1,((#3054,#3058),(#3055,#3059),(#3056,#3060),(#3057,#3061)),.UNSPECIFIED.,.F.,.F.,.F.,(3,1,3),(2,2),(0.0,1.0,2.0),(0.0,0.01),.UNSPECIFIED.);
#3063=CARTESIAN_POINT('',(2.066544357821204,1.055076740418974,-11.0));
#3064=VERTEX_POINT('',#3063);
#3065=CARTESIAN_POINT('',(1.885831227089471,1.28522261094728,-11.0));
#3066=VERTEX_POINT('',#3065);
#3067=CARTESIAN_POINT('',(2.066544357821204,1.055076740418974,-11.0));
#3068=CARTESIAN_POINT('',(1.985507079466167,1.055076740418974,-11.0));
#3069=CARTESIAN_POINT('',(1.885831227089471,1.170149675683127,-11.0));
#3070=CARTESIAN_POINT('',(1.885831227089471,1.28522261094728,-11.0));
#3071=QUASI_UNIFORM_CURVE('',2,(#3067,#3068,#3069,#3070),.UNSPECIFIED.,.F.,.U.);
#3072=EDGE_CURVE('',#3064,#3066,#3071,.T.);
#3073=ORIENTED_EDGE('',*,*,#3072,.F.);
#3074=CARTESIAN_POINT('',(2.066544357821204,1.055076740418974,-11.100000000000001));
#3075=VERTEX_POINT('',#3074);
#3076=CARTESIAN_POINT('',(2.066544357821204,1.055076740418974,-11.0));
#3077=DIRECTION('',(0.0,0.0,-1.0));
#3078=VECTOR('',#3077,0.1);
#3079=LINE('',#3076,#3078);
#3080=EDGE_CURVE('',#3064,#3075,#3079,.T.);
#3081=ORIENTED_EDGE('',*,*,#3080,.T.);
#3082=CARTESIAN_POINT('',(1.885831227089471,1.28522261094728,-11.100000000000001));
#3083=VERTEX_POINT('',#3082);
#3084=CARTESIAN_POINT('',(1.885831227089471,1.28522261094728,-11.100000000000001));
#3085=CARTESIAN_POINT('',(1.885831227089471,1.170149675683127,-11.100000000000001));
#3086=CARTESIAN_POINT('',(1.985507079466167,1.055076740418974,-11.100000000000001));
#3087=CARTESIAN_POINT('',(2.066544357821204,1.055076740418974,-11.100000000000001));
#3088=QUASI_UNIFORM_CURVE('',2,(#3084,#3085,#3086,#3087),.UNSPECIFIED.,.F.,.U.);
#3089=EDGE_CURVE('',#3083,#3075,#3088,.T.);
#3090=ORIENTED_EDGE('',*,*,#3089,.F.);
#3091=CARTESIAN_POINT('',(1.885831227089471,1.28522261094728,-11.0));
#3092=DIRECTION('',(0.0,0.0,-1.0));
#3093=VECTOR('',#3092,0.1);
#3094=LINE('',#3091,#3093);
#3095=EDGE_CURVE('',#3066,#3083,#3094,.T.);
#3096=ORIENTED_EDGE('',*,*,#3095,.F.);
#3097=EDGE_LOOP('',(#3073,#3081,#3090,#3096));
#3098=FACE_OUTER_BOUND('',#3097,.T.);
#3099=ADVANCED_FACE('',(#3098),#3062,.F.);
#3100=CARTESIAN_POINT('',(2.191341766487961,1.1118028352675,-11.0));
#3101=CARTESIAN_POINT('',(2.162978719063698,1.080198296709035,-11.0));
#3102=CARTESIAN_POINT('',(2.101390387513869,1.055076740418974,-11.0));
#3103=CARTESIAN_POINT('',(2.066544357821204,1.055076740418974,-11.0));
#3104=CARTESIAN_POINT('',(2.191341766487961,1.1118028352675,-11.100000000000001));
#3105=CARTESIAN_POINT('',(2.162978719063698,1.080198296709035,-11.100000000000001));
#3106=CARTESIAN_POINT('',(2.101390387513869,1.055076740418974,-11.100000000000001));
#3107=CARTESIAN_POINT('',(2.066544357821204,1.055076740418974,-11.100000000000001));
#3108=B_SPLINE_SURFACE_WITH_KNOTS('',2,1,((#3100,#3104),(#3101,#3105),(#3102,#3106),(#3103,#3107)),.UNSPECIFIED.,.F.,.F.,.F.,(3,1,3),(2,2),(0.0,1.0,2.0),(0.0,0.01),.UNSPECIFIED.);
#3109=CARTESIAN_POINT('',(2.191341766487961,1.1118028352675,-11.0));
#3110=VERTEX_POINT('',#3109);
#3111=CARTESIAN_POINT('',(2.191341766487961,1.1118028352675,-11.0));
#3112=CARTESIAN_POINT('',(2.162978719063698,1.080198296709035,-11.0));
#3113=CARTESIAN_POINT('',(2.101390387513869,1.055076740418974,-11.0));
#3114=CARTESIAN_POINT('',(2.066544357821204,1.055076740418974,-11.0));
#3115=QUASI_UNIFORM_CURVE('',2,(#3111,#3112,#3113,#3114),.UNSPECIFIED.,.F.,.U.);
#3116=EDGE_CURVE('',#3110,#3064,#3115,.T.);
#3117=ORIENTED_EDGE('',*,*,#3116,.F.);
#3118=CARTESIAN_POINT('',(2.191341766487961,1.1118028352675,-11.100000000000001));
#3119=VERTEX_POINT('',#3118);
#3120=CARTESIAN_POINT('',(2.191341766487961,1.1118028352675,-11.0));
#3121=DIRECTION('',(0.0,0.0,-1.0));
#3122=VECTOR('',#3121,0.1);
#3123=LINE('',#3120,#3122);
#3124=EDGE_CURVE('',#3110,#3119,#3123,.T.);
#3125=ORIENTED_EDGE('',*,*,#3124,.T.);
#3126=CARTESIAN_POINT('',(2.066544357821204,1.055076740418974,-11.100000000000001));
#3127=CARTESIAN_POINT('',(2.101390387513869,1.055076740418974,-11.100000000000001));
#3128=CARTESIAN_POINT('',(2.162978719063698,1.080198296709035,-11.100000000000001));
#3129=CARTESIAN_POINT('',(2.191341766487961,1.1118028352675,-11.100000000000001));
#3130=QUASI_UNIFORM_CURVE('',2,(#3126,#3127,#3128,#3129),.UNSPECIFIED.,.F.,.U.);
#3131=EDGE_CURVE('',#3075,#3119,#3130,.T.);
#3132=ORIENTED_EDGE('',*,*,#3131,.F.);
#3133=ORIENTED_EDGE('',*,*,#3080,.F.);
#3134=EDGE_LOOP('',(#3117,#3125,#3132,#3133));
#3135=FACE_OUTER_BOUND('',#3134,.T.);
#3136=ADVANCED_FACE('',(#3135),#3108,.F.);
#3137=CARTESIAN_POINT('',(2.262654571440395,1.375984362704922,-11.0));
#3138=CARTESIAN_POINT('',(2.262654571440395,1.272256646410474,-11.0));
#3139=CARTESIAN_POINT('',(2.222135932262876,1.145028119393065,-11.0));
#3140=CARTESIAN_POINT('',(2.191341766487961,1.1118028352675,-11.0));
#3141=CARTESIAN_POINT('',(2.262654571440395,1.375984362704922,-11.100000000000001));
#3142=CARTESIAN_POINT('',(2.262654571440395,1.272256646410474,-11.100000000000001));
#3143=CARTESIAN_POINT('',(2.222135932262876,1.145028119393065,-11.100000000000001));
#3144=CARTESIAN_POINT('',(2.191341766487961,1.1118028352675,-11.100000000000001));
#3145=B_SPLINE_SURFACE_WITH_KNOTS('',2,1,((#3137,#3141),(#3138,#3142),(#3139,#3143),(#3140,#3144)),.UNSPECIFIED.,.F.,.F.,.F.,(3,1,3),(2,2),(0.0,1.0,2.0),(0.0,0.01),.UNSPECIFIED.);
#3146=CARTESIAN_POINT('',(2.262654571440395,1.375984362704922,-11.0));
#3147=VERTEX_POINT('',#3146);
#3148=CARTESIAN_POINT('',(2.262654571440395,1.375984362704922,-11.0));
#3149=CARTESIAN_POINT('',(2.262654571440395,1.272256646410474,-11.0));
#3150=CARTESIAN_POINT('',(2.222135932262876,1.145028119393065,-11.0));
#3151=CARTESIAN_POINT('',(2.191341766487961,1.1118028352675,-11.0));
#3152=QUASI_UNIFORM_CURVE('',2,(#3148,#3149,#3150,#3151),.UNSPECIFIED.,.F.,.U.);
#3153=EDGE_CURVE('',#3147,#3110,#3152,.T.);
#3154=ORIENTED_EDGE('',*,*,#3153,.F.);
#3155=CARTESIAN_POINT('',(2.262654571440395,1.375984362704922,-11.100000000000001));
#3156=VERTEX_POINT('',#3155);
#3157=CARTESIAN_POINT('',(2.262654571440395,1.375984362704922,-11.0));
#3158=DIRECTION('',(0.0,0.0,-1.0));
#3159=VECTOR('',#3158,0.1);
#3160=LINE('',#3157,#3159);
#3161=EDGE_CURVE('',#3147,#3156,#3160,.T.);
#3162=ORIENTED_EDGE('',*,*,#3161,.T.);
#3163=CARTESIAN_POINT('',(2.191341766487961,1.1118028352675,-11.100000000000001));
#3164=CARTESIAN_POINT('',(2.222135932262876,1.145028119393065,-11.100000000000001));
#3165=CARTESIAN_POINT('',(2.262654571440395,1.272256646410474,-11.100000000000001));
#3166=CARTESIAN_POINT('',(2.262654571440395,1.375984362704922,-11.100000000000001));
#3167=QUASI_UNIFORM_CURVE('',2,(#3163,#3164,#3165,#3166),.UNSPECIFIED.,.F.,.U.);
#3168=EDGE_CURVE('',#3119,#3156,#3167,.T.);
#3169=ORIENTED_EDGE('',*,*,#3168,.F.);
#3170=ORIENTED_EDGE('',*,*,#3124,.F.);
#3171=EDGE_LOOP('',(#3154,#3162,#3169,#3170));
#3172=FACE_OUTER_BOUND('',#3171,.T.);
#3173=ADVANCED_FACE('',(#3172),#3145,.F.);
#3174=CARTESIAN_POINT('',(2.260223453089743,1.439193439821851,-11.0));
#3175=CARTESIAN_POINT('',(2.261033825873293,1.424606729717944,-11.0));
#3176=CARTESIAN_POINT('',(2.262654571440395,1.397054055077232,-11.0));
#3177=CARTESIAN_POINT('',(2.262654571440395,1.375984362704922,-11.0));
#3178=CARTESIAN_POINT('',(2.260223453089743,1.439193439821851,-11.100000000000001));
#3179=CARTESIAN_POINT('',(2.261033825873293,1.424606729717944,-11.100000000000001));
#3180=CARTESIAN_POINT('',(2.262654571440395,1.397054055077232,-11.100000000000001));
#3181=CARTESIAN_POINT('',(2.262654571440395,1.375984362704922,-11.100000000000001));
#3182=B_SPLINE_SURFACE_WITH_KNOTS('',2,1,((#3174,#3178),(#3175,#3179),(#3176,#3180),(#3177,#3181)),.UNSPECIFIED.,.F.,.F.,.F.,(3,1,3),(2,2),(0.0,1.0,2.0),(0.0,0.01),.UNSPECIFIED.);
#3183=CARTESIAN_POINT('',(2.260223453089743,1.439193439821851,-11.0));
#3184=VERTEX_POINT('',#3183);
#3185=CARTESIAN_POINT('',(2.260223453089743,1.439193439821851,-11.0));
#3186=CARTESIAN_POINT('',(2.261033825873293,1.424606729717944,-11.0));
#3187=CARTESIAN_POINT('',(2.262654571440395,1.397054055077232,-11.0));
#3188=CARTESIAN_POINT('',(2.262654571440395,1.375984362704922,-11.0));
#3189=QUASI_UNIFORM_CURVE('',2,(#3185,#3186,#3187,#3188),.UNSPECIFIED.,.F.,.U.);
#3190=EDGE_CURVE('',#3184,#3147,#3189,.T.);
#3191=ORIENTED_EDGE('',*,*,#3190,.F.);
#3192=CARTESIAN_POINT('',(2.260223453089743,1.439193439821851,-11.100000000000001));
#3193=VERTEX_POINT('',#3192);
#3194=CARTESIAN_POINT('',(2.260223453089743,1.439193439821851,-11.0));
#3195=DIRECTION('',(0.0,0.0,-1.0));
#3196=VECTOR('',#3195,0.1);
#3197=LINE('',#3194,#3196);
#3198=EDGE_CURVE('',#3184,#3193,#3197,.T.);
#3199=ORIENTED_EDGE('',*,*,#3198,.T.);
#3200=CARTESIAN_POINT('',(2.262654571440395,1.375984362704922,-11.100000000000001));
#3201=CARTESIAN_POINT('',(2.262654571440395,1.397054055077232,-11.100000000000001));
#3202=CARTESIAN_POINT('',(2.261033825873293,1.424606729717944,-11.100000000000001));
#3203=CARTESIAN_POINT('',(2.260223453089743,1.439193439821851,-11.100000000000001));
#3204=QUASI_UNIFORM_CURVE('',2,(#3200,#3201,#3202,#3203),.UNSPECIFIED.,.F.,.U.);
#3205=EDGE_CURVE('',#3156,#3193,#3204,.T.);
#3206=ORIENTED_EDGE('',*,*,#3205,.F.);
#3207=ORIENTED_EDGE('',*,*,#3161,.F.);
#3208=EDGE_LOOP('',(#3191,#3199,#3206,#3207));
#3209=FACE_OUTER_BOUND('',#3208,.T.);
#3210=ADVANCED_FACE('',(#3209),#3182,.F.);
#3211=CARTESIAN_POINT('',(2.081941440708661,1.494298789103276,-11.0));
#3212=CARTESIAN_POINT('',(2.128943062154582,1.494298789103276,-11.0));
#3213=CARTESIAN_POINT('',(2.217273695561573,1.465935741679013,-11.0));
#3214=CARTESIAN_POINT('',(2.260223453089743,1.439193439821851,-11.0));
#3215=CARTESIAN_POINT('',(2.081941440708661,1.494298789103276,-11.100000000000001));
#3216=CARTESIAN_POINT('',(2.128943062154582,1.494298789103276,-11.100000000000001));
#3217=CARTESIAN_POINT('',(2.217273695561573,1.465935741679013,-11.100000000000001));
#3218=CARTESIAN_POINT('',(2.260223453089743,1.439193439821851,-11.100000000000001));
#3219=B_SPLINE_SURFACE_WITH_KNOTS('',2,1,((#3211,#3215),(#3212,#3216),(#3213,#3217),(#3214,#3218)),.UNSPECIFIED.,.F.,.F.,.F.,(3,1,3),(2,2),(0.0,1.0,2.0),(0.0,0.01),.UNSPECIFIED.);
#3220=CARTESIAN_POINT('',(2.081941440708661,1.494298789103276,-11.0));
#3221=VERTEX_POINT('',#3220);
#3222=CARTESIAN_POINT('',(2.081941440708661,1.494298789103276,-11.0));
#3223=CARTESIAN_POINT('',(2.128943062154582,1.494298789103276,-11.0));
#3224=CARTESIAN_POINT('',(2.217273695561573,1.465935741679013,-11.0));
#3225=CARTESIAN_POINT('',(2.260223453089743,1.439193439821851,-11.0));
#3226=QUASI_UNIFORM_CURVE('',2,(#3222,#3223,#3224,#3225),.UNSPECIFIED.,.F.,.U.);
#3227=EDGE_CURVE('',#3221,#3184,#3226,.T.);
#3228=ORIENTED_EDGE('',*,*,#3227,.F.);
#3229=CARTESIAN_POINT('',(2.081941440708661,1.494298789103276,-11.100000000000001));
#3230=VERTEX_POINT('',#3229);
#3231=CARTESIAN_POINT('',(2.081941440708661,1.494298789103276,-11.0));
#3232=DIRECTION('',(0.0,0.0,-1.0));
#3233=VECTOR('',#3232,0.1);
#3234=LINE('',#3231,#3233);
#3235=EDGE_CURVE('',#3221,#3230,#3234,.T.);
#3236=ORIENTED_EDGE('',*,*,#3235,.T.);
#3237=CARTESIAN_POINT('',(2.260223453089743,1.439193439821851,-11.100000000000001));
#3238=CARTESIAN_POINT('',(2.217273695561573,1.465935741679013,-11.100000000000001));
#3239=CARTESIAN_POINT('',(2.128943062154582,1.494298789103276,-11.100000000000001));
#3240=CARTESIAN_POINT('',(2.081941440708661,1.494298789103276,-11.100000000000001));
#3241=QUASI_UNIFORM_CURVE('',2,(#3237,#3238,#3239,#3240),.UNSPECIFIED.,.F.,.U.);
#3242=EDGE_CURVE('',#3193,#3230,#3241,.T.);
#3243=ORIENTED_EDGE('',*,*,#3242,.F.);
#3244=ORIENTED_EDGE('',*,*,#3198,.F.);
#3245=EDGE_LOOP('',(#3228,#3236,#3243,#3244));
#3246=FACE_OUTER_BOUND('',#3245,.T.);
#3247=ADVANCED_FACE('',(#3246),#3219,.F.);
#3248=CARTESIAN_POINT('',(1.953902540907702,1.45945275941061,-11.0));
#3249=CARTESIAN_POINT('',(1.980644842764864,1.48052245178292,-11.0));
#3250=CARTESIAN_POINT('',(2.047095411015994,1.494298789103276,-11.0));
#3251=CARTESIAN_POINT('',(2.081941440708661,1.494298789103276,-11.0));
#3252=CARTESIAN_POINT('',(1.953902540907702,1.45945275941061,-11.100000000000001));
#3253=CARTESIAN_POINT('',(1.980644842764864,1.48052245178292,-11.100000000000001));
#3254=CARTESIAN_POINT('',(2.047095411015994,1.494298789103276,-11.100000000000001));
#3255=CARTESIAN_POINT('',(2.081941440708661,1.494298789103276,-11.100000000000001));
#3256=B_SPLINE_SURFACE_WITH_KNOTS('',2,1,((#3248,#3252),(#3249,#3253),(#3250,#3254),(#3251,#3255)),.UNSPECIFIED.,.F.,.F.,.F.,(3,1,3),(2,2),(0.0,1.0,2.0),(0.0,0.01),.UNSPECIFIED.);
#3257=CARTESIAN_POINT('',(1.953902540907702,1.45945275941061,-11.0));
#3258=VERTEX_POINT('',#3257);
#3259=CARTESIAN_POINT('',(1.953902540907702,1.45945275941061,-11.0));
#3260=CARTESIAN_POINT('',(1.980644842764864,1.48052245178292,-11.0));
#3261=CARTESIAN_POINT('',(2.047095411015994,1.494298789103276,-11.0));
#3262=CARTESIAN_POINT('',(2.081941440708661,1.494298789103276,-11.0));
#3263=QUASI_UNIFORM_CURVE('',2,(#3259,#3260,#3261,#3262),.UNSPECIFIED.,.F.,.U.);
#3264=EDGE_CURVE('',#3258,#3221,#3263,.T.);
#3265=ORIENTED_EDGE('',*,*,#3264,.F.);
#3266=CARTESIAN_POINT('',(1.953902540907702,1.45945275941061,-11.100000000000001));
#3267=VERTEX_POINT('',#3266);
#3268=CARTESIAN_POINT('',(1.953902540907702,1.45945275941061,-11.0));
#3269=DIRECTION('',(0.0,0.0,-1.0));
#3270=VECTOR('',#3269,0.1);
#3271=LINE('',#3268,#3270);
#3272=EDGE_CURVE('',#3258,#3267,#3271,.T.);
#3273=ORIENTED_EDGE('',*,*,#3272,.T.);
#3274=CARTESIAN_POINT('',(2.081941440708661,1.494298789103276,-11.100000000000001));
#3275=CARTESIAN_POINT('',(2.047095411015994,1.494298789103276,-11.100000000000001));
#3276=CARTESIAN_POINT('',(1.980644842764864,1.48052245178292,-11.100000000000001));
#3277=CARTESIAN_POINT('',(1.953902540907702,1.45945275941061,-11.100000000000001));
#3278=QUASI_UNIFORM_CURVE('',2,(#3274,#3275,#3276,#3277),.UNSPECIFIED.,.F.,.U.);
#3279=EDGE_CURVE('',#3230,#3267,#3278,.T.);
#3280=ORIENTED_EDGE('',*,*,#3279,.F.);
#3281=ORIENTED_EDGE('',*,*,#3235,.F.);
#3282=EDGE_LOOP('',(#3265,#3273,#3280,#3281));
#3283=FACE_OUTER_BOUND('',#3282,.T.);
#3284=ADVANCED_FACE('',(#3283),#3256,.F.);
#3285=CARTESIAN_POINT('',(1.885831227089471,1.28522261094728,-11.0));
#3286=CARTESIAN_POINT('',(1.885831227089471,1.346810942497108,-11.0));
#3287=CARTESIAN_POINT('',(1.918246138431485,1.430279339202797,-11.0));
#3288=CARTESIAN_POINT('',(1.953902540907702,1.45945275941061,-11.0));
#3289=CARTESIAN_POINT('',(1.885831227089471,1.28522261094728,-11.100000000000001));
#3290=CARTESIAN_POINT('',(1.885831227089471,1.346810942497108,-11.100000000000001));
#3291=CARTESIAN_POINT('',(1.918246138431485,1.430279339202797,-11.100000000000001));
#3292=CARTESIAN_POINT('',(1.953902540907702,1.45945275941061,-11.100000000000001));
#3293=B_SPLINE_SURFACE_WITH_KNOTS('',2,1,((#3285,#3289),(#3286,#3290),(#3287,#3291),(#3288,#3292)),.UNSPECIFIED.,.F.,.F.,.F.,(3,1,3),(2,2),(0.0,1.0,2.0),(0.0,0.01),.UNSPECIFIED.);
#3294=CARTESIAN_POINT('',(1.885831227089471,1.28522261094728,-11.0));
#3295=CARTESIAN_POINT('',(1.885831227089471,1.346810942497108,-11.0));
#3296=CARTESIAN_POINT('',(1.918246138431485,1.430279339202797,-11.0));
#3297=CARTESIAN_POINT('',(1.953902540907702,1.45945275941061,-11.0));
#3298=QUASI_UNIFORM_CURVE('',2,(#3294,#3295,#3296,#3297),.UNSPECIFIED.,.F.,.U.);
#3299=EDGE_CURVE('',#3066,#3258,#3298,.T.);
#3300=ORIENTED_EDGE('',*,*,#3299,.F.);
#3301=ORIENTED_EDGE('',*,*,#3095,.T.);
#3302=CARTESIAN_POINT('',(1.953902540907702,1.45945275941061,-11.100000000000001));
#3303=CARTESIAN_POINT('',(1.918246138431485,1.430279339202797,-11.100000000000001));
#3304=CARTESIAN_POINT('',(1.885831227089471,1.346810942497108,-11.100000000000001));
#3305=CARTESIAN_POINT('',(1.885831227089471,1.28522261094728,-11.100000000000001));
#3306=QUASI_UNIFORM_CURVE('',2,(#3302,#3303,#3304,#3305),.UNSPECIFIED.,.F.,.U.);
#3307=EDGE_CURVE('',#3267,#3083,#3306,.T.);
#3308=ORIENTED_EDGE('',*,*,#3307,.F.);
#3309=ORIENTED_EDGE('',*,*,#3272,.F.);
#3310=EDGE_LOOP('',(#3300,#3301,#3308,#3309));
#3311=FACE_OUTER_BOUND('',#3310,.T.);
#3312=ADVANCED_FACE('',(#3311),#3293,.F.);
#3313=CARTESIAN_POINT('',(2.067354730604754,0.945676414639673,-11.0));
#3314=CARTESIAN_POINT('',(2.000093789570073,0.945676414639673,-11.0));
#3315=CARTESIAN_POINT('',(1.888262345440122,0.993488408869145,-11.0));
#3316=CARTESIAN_POINT('',(1.843691842344851,1.039679657531516,-11.0));
#3317=CARTESIAN_POINT('',(2.067354730604754,0.945676414639673,-11.100000000000001));
#3318=CARTESIAN_POINT('',(2.000093789570073,0.945676414639673,-11.100000000000001));
#3319=CARTESIAN_POINT('',(1.888262345440122,0.993488408869145,-11.100000000000001));
#3320=CARTESIAN_POINT('',(1.843691842344851,1.039679657531516,-11.100000000000001));
#3321=B_SPLINE_SURFACE_WITH_KNOTS('',2,1,((#3313,#3317),(#3314,#3318),(#3315,#3319),(#3316,#3320)),.UNSPECIFIED.,.F.,.F.,.F.,(3,1,3),(2,2),(-2.0,-1.0,0.0),(0.0,0.01),.UNSPECIFIED.);
#3322=CARTESIAN_POINT('',(1.843691842344851,1.039679657531517,-11.0));
#3323=VERTEX_POINT('',#3322);
#3324=CARTESIAN_POINT('',(2.067354730604755,0.945676414639673,-11.0));
#3325=VERTEX_POINT('',#3324);
#3326=CARTESIAN_POINT('',(1.843691842344851,1.039679657531516,-11.0));
#3327=CARTESIAN_POINT('',(1.888262345440122,0.993488408869145,-11.0));
#3328=CARTESIAN_POINT('',(2.000093789570073,0.945676414639673,-11.0));
#3329=CARTESIAN_POINT('',(2.067354730604754,0.945676414639673,-11.0));
#3330=QUASI_UNIFORM_CURVE('',2,(#3326,#3327,#3328,#3329),.UNSPECIFIED.,.F.,.U.);
#3331=EDGE_CURVE('',#3323,#3325,#3330,.T.);
#3332=ORIENTED_EDGE('',*,*,#3331,.F.);
#3333=CARTESIAN_POINT('',(1.843691842344851,1.039679657531517,-11.100000000000001));
#3334=VERTEX_POINT('',#3333);
#3335=CARTESIAN_POINT('',(1.843691842344851,1.039679657531517,-11.0));
#3336=DIRECTION('',(0.0,0.0,-1.0));
#3337=VECTOR('',#3336,0.1);
#3338=LINE('',#3335,#3337);
#3339=EDGE_CURVE('',#3323,#3334,#3338,.T.);
#3340=ORIENTED_EDGE('',*,*,#3339,.T.);
#3341=CARTESIAN_POINT('',(2.067354730604755,0.945676414639673,-11.100000000000001));
#3342=VERTEX_POINT('',#3341);
#3343=CARTESIAN_POINT('',(2.067354730604754,0.945676414639673,-11.100000000000001));
#3344=CARTESIAN_POINT('',(2.000093789570073,0.945676414639673,-11.100000000000001));
#3345=CARTESIAN_POINT('',(1.888262345440122,0.993488408869145,-11.100000000000001));
#3346=CARTESIAN_POINT('',(1.843691842344851,1.039679657531516,-11.100000000000001));
#3347=QUASI_UNIFORM_CURVE('',2,(#3343,#3344,#3345,#3346),.UNSPECIFIED.,.F.,.U.);
#3348=EDGE_CURVE('',#3342,#3334,#3347,.T.);
#3349=ORIENTED_EDGE('',*,*,#3348,.F.);
#3350=CARTESIAN_POINT('',(2.067354730604755,0.945676414639673,-11.0));
#3351=DIRECTION('',(0.0,0.0,-1.0));
#3352=VECTOR('',#3351,0.1);
#3353=LINE('',#3350,#3352);
#3354=EDGE_CURVE('',#3325,#3342,#3353,.T.);
#3355=ORIENTED_EDGE('',*,*,#3354,.F.);
#3356=EDGE_LOOP('',(#3332,#3340,#3349,#3355));
#3357=FACE_OUTER_BOUND('',#3356,.T.);
#3358=ADVANCED_FACE('',(#3357),#3321,.T.);
#3359=CARTESIAN_POINT('',(2.287776127730456,1.036438166397315,-11.0));
#3360=CARTESIAN_POINT('',(2.245636742985836,0.991057290518494,-11.0));
#3361=CARTESIAN_POINT('',(2.134615671639435,0.945676414639673,-11.0));
#3362=CARTESIAN_POINT('',(2.067354730604754,0.945676414639673,-11.0));
#3363=CARTESIAN_POINT('',(2.287776127730456,1.036438166397315,-11.100000000000001));
#3364=CARTESIAN_POINT('',(2.245636742985836,0.991057290518494,-11.100000000000001));
#3365=CARTESIAN_POINT('',(2.134615671639435,0.945676414639673,-11.100000000000001));
#3366=CARTESIAN_POINT('',(2.067354730604754,0.945676414639673,-11.100000000000001));
#3367=B_SPLINE_SURFACE_WITH_KNOTS('',2,1,((#3359,#3363),(#3360,#3364),(#3361,#3365),(#3362,#3366)),.UNSPECIFIED.,.F.,.F.,.F.,(3,1,3),(2,2),(-2.0,-1.0,0.0),(0.0,0.01),.UNSPECIFIED.);
#3368=CARTESIAN_POINT('',(2.287776127730456,1.036438166397315,-11.0));
#3369=VERTEX_POINT('',#3368);
#3370=CARTESIAN_POINT('',(2.067354730604754,0.945676414639673,-11.0));
#3371=CARTESIAN_POINT('',(2.134615671639435,0.945676414639673,-11.0));
#3372=CARTESIAN_POINT('',(2.245636742985836,0.991057290518494,-11.0));
#3373=CARTESIAN_POINT('',(2.287776127730456,1.036438166397315,-11.0));
#3374=QUASI_UNIFORM_CURVE('',2,(#3370,#3371,#3372,#3373),.UNSPECIFIED.,.F.,.U.);
#3375=EDGE_CURVE('',#3325,#3369,#3374,.T.);
#3376=ORIENTED_EDGE('',*,*,#3375,.F.);
#3377=ORIENTED_EDGE('',*,*,#3354,.T.);
#3378=CARTESIAN_POINT('',(2.287776127730456,1.036438166397315,-11.100000000000001));
#3379=VERTEX_POINT('',#3378);
#3380=CARTESIAN_POINT('',(2.287776127730456,1.036438166397315,-11.100000000000001));
#3381=CARTESIAN_POINT('',(2.245636742985836,0.991057290518494,-11.100000000000001));
#3382=CARTESIAN_POINT('',(2.134615671639435,0.945676414639673,-11.100000000000001));
#3383=CARTESIAN_POINT('',(2.067354730604754,0.945676414639673,-11.100000000000001));
#3384=QUASI_UNIFORM_CURVE('',2,(#3380,#3381,#3382,#3383),.UNSPECIFIED.,.F.,.U.);
#3385=EDGE_CURVE('',#3379,#3342,#3384,.T.);
#3386=ORIENTED_EDGE('',*,*,#3385,.F.);
#3387=CARTESIAN_POINT('',(2.287776127730456,1.036438166397315,-11.0));
#3388=DIRECTION('',(0.0,0.0,-1.0));
#3389=VECTOR('',#3388,0.1);
#3390=LINE('',#3387,#3389);
#3391=EDGE_CURVE('',#3369,#3379,#3390,.T.);
#3392=ORIENTED_EDGE('',*,*,#3391,.F.);
#3393=EDGE_LOOP('',(#3376,#3377,#3386,#3392));
#3394=FACE_OUTER_BOUND('',#3393,.T.);
#3395=ADVANCED_FACE('',(#3394),#3367,.T.);
#3396=CARTESIAN_POINT('',(2.397986826293307,1.405968155696286,-11.0));
#3397=CARTESIAN_POINT('',(2.397986826293307,1.273067019194024,-11.0));
#3398=CARTESIAN_POINT('',(2.33963998587768,1.09073314289519,-11.0));
#3399=CARTESIAN_POINT('',(2.287776127730456,1.036438166397315,-11.0));
#3400=CARTESIAN_POINT('',(2.397986826293307,1.405968155696286,-11.100000000000001));
#3401=CARTESIAN_POINT('',(2.397986826293307,1.273067019194024,-11.100000000000001));
#3402=CARTESIAN_POINT('',(2.33963998587768,1.09073314289519,-11.100000000000001));
#3403=CARTESIAN_POINT('',(2.287776127730456,1.036438166397315,-11.100000000000001));
#3404=B_SPLINE_SURFACE_WITH_KNOTS('',2,1,((#3396,#3400),(#3397,#3401),(#3398,#3402),(#3399,#3403)),.UNSPECIFIED.,.F.,.F.,.F.,(3,1,3),(2,2),(-2.0,-1.0,0.0),(0.0,0.01),.UNSPECIFIED.);
#3405=CARTESIAN_POINT('',(2.397986826293307,1.405968155696286,-11.0));
#3406=VERTEX_POINT('',#3405);
#3407=CARTESIAN_POINT('',(2.287776127730456,1.036438166397315,-11.0));
#3408=CARTESIAN_POINT('',(2.33963998587768,1.09073314289519,-11.0));
#3409=CARTESIAN_POINT('',(2.397986826293307,1.273067019194024,-11.0));
#3410=CARTESIAN_POINT('',(2.397986826293307,1.405968155696286,-11.0));
#3411=QUASI_UNIFORM_CURVE('',2,(#3407,#3408,#3409,#3410),.UNSPECIFIED.,.F.,.U.);
#3412=EDGE_CURVE('',#3369,#3406,#3411,.T.);
#3413=ORIENTED_EDGE('',*,*,#3412,.F.);
#3414=ORIENTED_EDGE('',*,*,#3391,.T.);
#3415=CARTESIAN_POINT('',(2.397986826293307,1.405968155696286,-11.100000000000001));
#3416=VERTEX_POINT('',#3415);
#3417=CARTESIAN_POINT('',(2.397986826293307,1.405968155696286,-11.100000000000001));
#3418=CARTESIAN_POINT('',(2.397986826293307,1.273067019194024,-11.100000000000001));
#3419=CARTESIAN_POINT('',(2.33963998587768,1.09073314289519,-11.100000000000001));
#3420=CARTESIAN_POINT('',(2.287776127730456,1.036438166397315,-11.100000000000001));
#3421=QUASI_UNIFORM_CURVE('',2,(#3417,#3418,#3419,#3420),.UNSPECIFIED.,.F.,.U.);
#3422=EDGE_CURVE('',#3416,#3379,#3421,.T.);
#3423=ORIENTED_EDGE('',*,*,#3422,.F.);
#3424=CARTESIAN_POINT('',(2.397986826293307,1.405968155696286,-11.0));
#3425=DIRECTION('',(0.0,0.0,-1.0));
#3426=VECTOR('',#3425,0.1);
#3427=LINE('',#3424,#3426);
#3428=EDGE_CURVE('',#3406,#3416,#3427,.T.);
#3429=ORIENTED_EDGE('',*,*,#3428,.F.);
#3430=EDGE_LOOP('',(#3413,#3414,#3423,#3429));
#3431=FACE_OUTER_BOUND('',#3430,.T.);
#3432=ADVANCED_FACE('',(#3431),#3404,.T.);
#3433=CARTESIAN_POINT('',(2.288586500514006,1.824120512008278,-11.0));
#3434=CARTESIAN_POINT('',(2.344502222578982,1.746324724787443,-11.0));
#3435=CARTESIAN_POINT('',(2.397986826293307,1.536438173847896,-11.0));
#3436=CARTESIAN_POINT('',(2.397986826293307,1.405968155696286,-11.0));
#3437=CARTESIAN_POINT('',(2.288586500514006,1.824120512008278,-11.100000000000001));
#3438=CARTESIAN_POINT('',(2.344502222578982,1.746324724787443,-11.100000000000001));
#3439=CARTESIAN_POINT('',(2.397986826293307,1.536438173847896,-11.100000000000001));
#3440=CARTESIAN_POINT('',(2.397986826293307,1.405968155696286,-11.100000000000001));
#3441=B_SPLINE_SURFACE_WITH_KNOTS('',2,1,((#3433,#3437),(#3434,#3438),(#3435,#3439),(#3436,#3440)),.UNSPECIFIED.,.F.,.F.,.F.,(3,1,3),(2,2),(-2.0,-1.0,0.0),(0.0,0.01),.UNSPECIFIED.);
#3442=CARTESIAN_POINT('',(2.288586500514006,1.824120512008278,-11.0));
#3443=VERTEX_POINT('',#3442);
#3444=CARTESIAN_POINT('',(2.397986826293307,1.405968155696286,-11.0));
#3445=CARTESIAN_POINT('',(2.397986826293307,1.536438173847896,-11.0));
#3446=CARTESIAN_POINT('',(2.344502222578982,1.746324724787443,-11.0));
#3447=CARTESIAN_POINT('',(2.288586500514006,1.824120512008278,-11.0));
#3448=QUASI_UNIFORM_CURVE('',2,(#3444,#3445,#3446,#3447),.UNSPECIFIED.,.F.,.U.);
#3449=EDGE_CURVE('',#3406,#3443,#3448,.T.);
#3450=ORIENTED_EDGE('',*,*,#3449,.F.);
#3451=ORIENTED_EDGE('',*,*,#3428,.T.);
#3452=CARTESIAN_POINT('',(2.288586500514006,1.824120512008278,-11.100000000000001));
#3453=VERTEX_POINT('',#3452);
#3454=CARTESIAN_POINT('',(2.288586500514006,1.824120512008278,-11.100000000000001));
#3455=CARTESIAN_POINT('',(2.344502222578982,1.746324724787443,-11.100000000000001));
#3456=CARTESIAN_POINT('',(2.397986826293307,1.536438173847896,-11.100000000000001));
#3457=CARTESIAN_POINT('',(2.397986826293307,1.405968155696286,-11.100000000000001));
#3458=QUASI_UNIFORM_CURVE('',2,(#3454,#3455,#3456,#3457),.UNSPECIFIED.,.F.,.U.);
#3459=EDGE_CURVE('',#3453,#3416,#3458,.T.);
#3460=ORIENTED_EDGE('',*,*,#3459,.F.);
#3461=CARTESIAN_POINT('',(2.288586500514006,1.824120512008278,-11.0));
#3462=DIRECTION('',(0.0,0.0,-1.0));
#3463=VECTOR('',#3462,0.1);
#3464=LINE('',#3461,#3463);
#3465=EDGE_CURVE('',#3443,#3453,#3464,.T.);
#3466=ORIENTED_EDGE('',*,*,#3465,.F.);
#3467=EDGE_LOOP('',(#3450,#3451,#3460,#3466));
#3468=FACE_OUTER_BOUND('',#3467,.T.);
#3469=ADVANCED_FACE('',(#3468),#3441,.T.);
#3470=CARTESIAN_POINT('',(1.94985067698995,1.985384695934803,-11.0));
#3471=CARTESIAN_POINT('',(2.062492493903452,1.985384695934803,-11.0));
#3472=CARTESIAN_POINT('',(2.234291524016131,1.900295553662013,-11.0));
#3473=CARTESIAN_POINT('',(2.288586500514006,1.824120512008278,-11.0));
#3474=CARTESIAN_POINT('',(1.94985067698995,1.985384695934803,-11.100000000000001));
#3475=CARTESIAN_POINT('',(2.062492493903452,1.985384695934803,-11.100000000000001));
#3476=CARTESIAN_POINT('',(2.234291524016131,1.900295553662013,-11.100000000000001));
#3477=CARTESIAN_POINT('',(2.288586500514006,1.824120512008278,-11.100000000000001));
#3478=B_SPLINE_SURFACE_WITH_KNOTS('',2,1,((#3470,#3474),(#3471,#3475),(#3472,#3476),(#3473,#3477)),.UNSPECIFIED.,.F.,.F.,.F.,(3,1,3),(2,2),(-2.0,-1.0,0.0),(0.0,0.01),.UNSPECIFIED.);
#3479=CARTESIAN_POINT('',(1.94985067698995,1.985384695934803,-11.0));
#3480=VERTEX_POINT('',#3479);
#3481=CARTESIAN_POINT('',(2.288586500514006,1.824120512008278,-11.0));
#3482=CARTESIAN_POINT('',(2.234291524016131,1.900295553662013,-11.0));
#3483=CARTESIAN_POINT('',(2.062492493903452,1.985384695934803,-11.0));
#3484=CARTESIAN_POINT('',(1.94985067698995,1.985384695934803,-11.0));
#3485=QUASI_UNIFORM_CURVE('',2,(#3481,#3482,#3483,#3484),.UNSPECIFIED.,.F.,.U.);
#3486=EDGE_CURVE('',#3443,#3480,#3485,.T.);
#3487=ORIENTED_EDGE('',*,*,#3486,.F.);
#3488=ORIENTED_EDGE('',*,*,#3465,.T.);
#3489=CARTESIAN_POINT('',(1.94985067698995,1.985384695934803,-11.100000000000001));
#3490=VERTEX_POINT('',#3489);
#3491=CARTESIAN_POINT('',(1.94985067698995,1.985384695934803,-11.100000000000001));
#3492=CARTESIAN_POINT('',(2.062492493903452,1.985384695934803,-11.100000000000001));
#3493=CARTESIAN_POINT('',(2.234291524016131,1.900295553662013,-11.100000000000001));
#3494=CARTESIAN_POINT('',(2.288586500514006,1.824120512008278,-11.100000000000001));
#3495=QUASI_UNIFORM_CURVE('',2,(#3491,#3492,#3493,#3494),.UNSPECIFIED.,.F.,.U.);
#3496=EDGE_CURVE('',#3490,#3453,#3495,.T.);
#3497=ORIENTED_EDGE('',*,*,#3496,.F.);
#3498=CARTESIAN_POINT('',(1.94985067698995,1.985384695934803,-11.0));
#3499=DIRECTION('',(0.0,0.0,-1.0));
#3500=VECTOR('',#3499,0.1);
#3501=LINE('',#3498,#3500);
#3502=EDGE_CURVE('',#3480,#3490,#3501,.T.);
#3503=ORIENTED_EDGE('',*,*,#3502,.F.);
#3504=EDGE_LOOP('',(#3487,#3488,#3497,#3503));
#3505=FACE_OUTER_BOUND('',#3504,.T.);
#3506=ADVANCED_FACE('',(#3505),#3478,.T.);
#3507=CARTESIAN_POINT('',(1.836398487292897,1.971608358614446,-11.0));
#3508=CARTESIAN_POINT('',(1.858278552448758,1.9789017136664,-11.0));
#3509=CARTESIAN_POINT('',(1.916625392864385,1.985384695934803,-11.0));
#3510=CARTESIAN_POINT('',(1.94985067698995,1.985384695934803,-11.0));
#3511=CARTESIAN_POINT('',(1.836398487292897,1.971608358614446,-11.100000000000001));
#3512=CARTESIAN_POINT('',(1.858278552448758,1.9789017136664,-11.100000000000001));
#3513=CARTESIAN_POINT('',(1.916625392864385,1.985384695934803,-11.100000000000001));
#3514=CARTESIAN_POINT('',(1.94985067698995,1.985384695934803,-11.100000000000001));
#3515=B_SPLINE_SURFACE_WITH_KNOTS('',2,1,((#3507,#3511),(#3508,#3512),(#3509,#3513),(#3510,#3514)),.UNSPECIFIED.,.F.,.F.,.F.,(3,1,3),(2,2),(-2.0,-1.0,0.0),(0.0,0.01),.UNSPECIFIED.);
#3516=CARTESIAN_POINT('',(1.836398487292897,1.971608358614446,-11.0));
#3517=VERTEX_POINT('',#3516);
#3518=CARTESIAN_POINT('',(1.94985067698995,1.985384695934803,-11.0));
#3519=CARTESIAN_POINT('',(1.916625392864385,1.985384695934803,-11.0));
#3520=CARTESIAN_POINT('',(1.858278552448758,1.9789017136664,-11.0));
#3521=CARTESIAN_POINT('',(1.836398487292897,1.971608358614446,-11.0));
#3522=QUASI_UNIFORM_CURVE('',2,(#3518,#3519,#3520,#3521),.UNSPECIFIED.,.F.,.U.);
#3523=EDGE_CURVE('',#3480,#3517,#3522,.T.);
#3524=ORIENTED_EDGE('',*,*,#3523,.F.);
#3525=ORIENTED_EDGE('',*,*,#3502,.T.);
#3526=CARTESIAN_POINT('',(1.836398487292897,1.971608358614446,-11.100000000000001));
#3527=VERTEX_POINT('',#3526);
#3528=CARTESIAN_POINT('',(1.836398487292897,1.971608358614446,-11.100000000000001));
#3529=CARTESIAN_POINT('',(1.858278552448758,1.9789017136664,-11.100000000000001));
#3530=CARTESIAN_POINT('',(1.916625392864385,1.985384695934803,-11.100000000000001));
#3531=CARTESIAN_POINT('',(1.94985067698995,1.985384695934803,-11.100000000000001));
#3532=QUASI_UNIFORM_CURVE('',2,(#3528,#3529,#3530,#3531),.UNSPECIFIED.,.F.,.U.);
#3533=EDGE_CURVE('',#3527,#3490,#3532,.T.);
#3534=ORIENTED_EDGE('',*,*,#3533,.F.);
#3535=CARTESIAN_POINT('',(1.836398487292897,1.971608358614446,-11.0));
#3536=DIRECTION('',(0.0,0.0,-1.0));
#3537=VECTOR('',#3536,0.1);
#3538=LINE('',#3535,#3537);
#3539=EDGE_CURVE('',#3517,#3527,#3538,.T.);
#3540=ORIENTED_EDGE('',*,*,#3539,.F.);
#3541=EDGE_LOOP('',(#3524,#3525,#3534,#3540));
#3542=FACE_OUTER_BOUND('',#3541,.T.);
#3543=ADVANCED_FACE('',(#3542),#3515,.T.);
#3544=CARTESIAN_POINT('',(1.836398487292897,1.842759086029937,-11.0));
#3545=DIRECTION('',(-1.0,0.0,0.0));
#3546=DIRECTION('',(0.0,1.0,0.0));
#3547=AXIS2_PLACEMENT_3D('',#3544,#3545,#3546);
#3548=PLANE('',#3547);
#3549=CARTESIAN_POINT('',(1.836398487292897,1.842759086029937,-11.0));
#3550=VERTEX_POINT('',#3549);
#3551=CARTESIAN_POINT('',(1.836398487292897,1.971608358614446,-11.0));
#3552=DIRECTION('',(0.0,-1.0,0.0));
#3553=VECTOR('',#3552,0.128849272584509);
#3554=LINE('',#3551,#3553);
#3555=EDGE_CURVE('',#3517,#3550,#3554,.T.);
#3556=ORIENTED_EDGE('',*,*,#3555,.F.);
#3557=ORIENTED_EDGE('',*,*,#3539,.T.);
#3558=CARTESIAN_POINT('',(1.836398487292897,1.842759086029937,-11.100000000000001));
#3559=VERTEX_POINT('',#3558);
#3560=CARTESIAN_POINT('',(1.836398487292897,1.842759086029937,-11.100000000000001));
#3561=DIRECTION('',(0.0,1.0,0.0));
#3562=VECTOR('',#3561,0.128849272584509);
#3563=LINE('',#3560,#3562);
#3564=EDGE_CURVE('',#3559,#3527,#3563,.T.);
#3565=ORIENTED_EDGE('',*,*,#3564,.F.);
#3566=CARTESIAN_POINT('',(1.836398487292897,1.842759086029937,-11.0));
#3567=DIRECTION('',(0.0,0.0,-1.0));
#3568=VECTOR('',#3567,0.1);
#3569=LINE('',#3566,#3568);
#3570=EDGE_CURVE('',#3550,#3559,#3569,.T.);
#3571=ORIENTED_EDGE('',*,*,#3570,.F.);
#3572=EDGE_LOOP('',(#3556,#3557,#3565,#3571));
#3573=FACE_OUTER_BOUND('',#3572,.T.);
#3574=ADVANCED_FACE('',(#3573),#3548,.T.);
#3575=CARTESIAN_POINT('',(1.84207109677775,1.842759086029937,-11.0));
#3576=DIRECTION('',(0.0,-1.0,0.0));
#3577=DIRECTION('',(-1.0,0.0,0.0));
#3578=AXIS2_PLACEMENT_3D('',#3575,#3576,#3577);
#3579=PLANE('',#3578);
#3580=CARTESIAN_POINT('',(1.84207109677775,1.842759086029937,-11.0));
#3581=VERTEX_POINT('',#3580);
#3582=CARTESIAN_POINT('',(1.836398487292897,1.842759086029937,-11.0));
#3583=DIRECTION('',(1.0,0.0,0.0));
#3584=VECTOR('',#3583,0.005672609484852);
#3585=LINE('',#3582,#3584);
#3586=EDGE_CURVE('',#3550,#3581,#3585,.T.);
#3587=ORIENTED_EDGE('',*,*,#3586,.F.);
#3588=ORIENTED_EDGE('',*,*,#3570,.T.);
#3589=CARTESIAN_POINT('',(1.84207109677775,1.842759086029937,-11.100000000000001));
#3590=VERTEX_POINT('',#3589);
#3591=CARTESIAN_POINT('',(1.84207109677775,1.842759086029937,-11.100000000000001));
#3592=DIRECTION('',(-1.0,0.0,0.0));
#3593=VECTOR('',#3592,0.005672609484852);
#3594=LINE('',#3591,#3593);
#3595=EDGE_CURVE('',#3590,#3559,#3594,.T.);
#3596=ORIENTED_EDGE('',*,*,#3595,.F.);
#3597=CARTESIAN_POINT('',(1.84207109677775,1.842759086029937,-11.0));
#3598=DIRECTION('',(0.0,0.0,-1.0));
#3599=VECTOR('',#3598,0.1);
#3600=LINE('',#3597,#3599);
#3601=EDGE_CURVE('',#3581,#3590,#3600,.T.);
#3602=ORIENTED_EDGE('',*,*,#3601,.F.);
#3603=EDGE_LOOP('',(#3587,#3588,#3596,#3602));
#3604=FACE_OUTER_BOUND('',#3603,.T.);
#3605=ADVANCED_FACE('',(#3604),#3579,.T.);
#3606=CARTESIAN_POINT('',(1.967678878228059,1.869501387887099,-11.0));
#3607=CARTESIAN_POINT('',(1.928780984617641,1.869501387887099,-11.0));
#3608=CARTESIAN_POINT('',(1.860709670799409,1.852483559432541,-11.0));
#3609=CARTESIAN_POINT('',(1.84207109677775,1.842759086029937,-11.0));
#3610=CARTESIAN_POINT('',(1.967678878228059,1.869501387887099,-11.100000000000001));
#3611=CARTESIAN_POINT('',(1.928780984617641,1.869501387887099,-11.100000000000001));
#3612=CARTESIAN_POINT('',(1.860709670799409,1.852483559432541,-11.100000000000001));
#3613=CARTESIAN_POINT('',(1.84207109677775,1.842759086029937,-11.100000000000001));
#3614=B_SPLINE_SURFACE_WITH_KNOTS('',2,1,((#3606,#3610),(#3607,#3611),(#3608,#3612),(#3609,#3613)),.UNSPECIFIED.,.F.,.F.,.F.,(3,1,3),(2,2),(-2.0,-1.0,0.0),(0.0,0.01),.UNSPECIFIED.);
#3615=CARTESIAN_POINT('',(1.967678878228059,1.869501387887099,-11.0));
#3616=VERTEX_POINT('',#3615);
#3617=CARTESIAN_POINT('',(1.84207109677775,1.842759086029937,-11.0));
#3618=CARTESIAN_POINT('',(1.860709670799409,1.852483559432541,-11.0));
#3619=CARTESIAN_POINT('',(1.928780984617641,1.869501387887099,-11.0));
#3620=CARTESIAN_POINT('',(1.967678878228059,1.869501387887099,-11.0));
#3621=QUASI_UNIFORM_CURVE('',2,(#3617,#3618,#3619,#3620),.UNSPECIFIED.,.F.,.U.);
#3622=EDGE_CURVE('',#3581,#3616,#3621,.T.);
#3623=ORIENTED_EDGE('',*,*,#3622,.F.);
#3624=ORIENTED_EDGE('',*,*,#3601,.T.);
#3625=CARTESIAN_POINT('',(1.967678878228059,1.869501387887099,-11.100000000000001));
#3626=VERTEX_POINT('',#3625);
#3627=CARTESIAN_POINT('',(1.967678878228059,1.869501387887099,-11.100000000000001));
#3628=CARTESIAN_POINT('',(1.928780984617641,1.869501387887099,-11.100000000000001));
#3629=CARTESIAN_POINT('',(1.860709670799409,1.852483559432541,-11.100000000000001));
#3630=CARTESIAN_POINT('',(1.84207109677775,1.842759086029937,-11.100000000000001));
#3631=QUASI_UNIFORM_CURVE('',2,(#3627,#3628,#3629,#3630),.UNSPECIFIED.,.F.,.U.);
#3632=EDGE_CURVE('',#3626,#3590,#3631,.T.);
#3633=ORIENTED_EDGE('',*,*,#3632,.F.);
#3634=CARTESIAN_POINT('',(1.967678878228059,1.869501387887099,-11.0));
#3635=DIRECTION('',(0.0,0.0,-1.0));
#3636=VECTOR('',#3635,0.1);
#3637=LINE('',#3634,#3636);
#3638=EDGE_CURVE('',#3616,#3626,#3637,.T.);
#3639=ORIENTED_EDGE('',*,*,#3638,.F.);
#3640=EDGE_LOOP('',(#3623,#3624,#3633,#3639));
#3641=FACE_OUTER_BOUND('',#3640,.T.);
#3642=ADVANCED_FACE('',(#3641),#3614,.T.);
#3643=CARTESIAN_POINT('',(2.260223453089743,1.535627801064345,-11.0));
#3644=CARTESIAN_POINT('',(2.245636742985836,1.700943848908622,-11.0));
#3645=CARTESIAN_POINT('',(2.092476286894816,1.869501387887099,-11.0));
#3646=CARTESIAN_POINT('',(1.967678878228059,1.869501387887099,-11.0));
#3647=CARTESIAN_POINT('',(2.260223453089743,1.535627801064345,-11.100000000000001));
#3648=CARTESIAN_POINT('',(2.245636742985836,1.700943848908622,-11.100000000000001));
#3649=CARTESIAN_POINT('',(2.092476286894816,1.869501387887099,-11.100000000000001));
#3650=CARTESIAN_POINT('',(1.967678878228059,1.869501387887099,-11.100000000000001));
#3651=B_SPLINE_SURFACE_WITH_KNOTS('',2,1,((#3643,#3647),(#3644,#3648),(#3645,#3649),(#3646,#3650)),.UNSPECIFIED.,.F.,.F.,.F.,(3,1,3),(2,2),(-2.0,-1.0,0.0),(0.0,0.01),.UNSPECIFIED.);
#3652=CARTESIAN_POINT('',(2.260223453089743,1.535627801064345,-11.0));
#3653=VERTEX_POINT('',#3652);
#3654=CARTESIAN_POINT('',(1.967678878228059,1.869501387887099,-11.0));
#3655=CARTESIAN_POINT('',(2.092476286894816,1.869501387887099,-11.0));
#3656=CARTESIAN_POINT('',(2.245636742985836,1.700943848908622,-11.0));
#3657=CARTESIAN_POINT('',(2.260223453089743,1.535627801064345,-11.0));
#3658=QUASI_UNIFORM_CURVE('',2,(#3654,#3655,#3656,#3657),.UNSPECIFIED.,.F.,.U.);
#3659=EDGE_CURVE('',#3616,#3653,#3658,.T.);
#3660=ORIENTED_EDGE('',*,*,#3659,.F.);
#3661=ORIENTED_EDGE('',*,*,#3638,.T.);
#3662=CARTESIAN_POINT('',(2.260223453089743,1.535627801064345,-11.100000000000001));
#3663=VERTEX_POINT('',#3662);
#3664=CARTESIAN_POINT('',(2.260223453089743,1.535627801064345,-11.100000000000001));
#3665=CARTESIAN_POINT('',(2.245636742985836,1.700943848908622,-11.100000000000001));
#3666=CARTESIAN_POINT('',(2.092476286894816,1.869501387887099,-11.100000000000001));
#3667=CARTESIAN_POINT('',(1.967678878228059,1.869501387887099,-11.100000000000001));
#3668=QUASI_UNIFORM_CURVE('',2,(#3664,#3665,#3666,#3667),.UNSPECIFIED.,.F.,.U.);
#3669=EDGE_CURVE('',#3663,#3626,#3668,.T.);
#3670=ORIENTED_EDGE('',*,*,#3669,.F.);
#3671=CARTESIAN_POINT('',(2.260223453089743,1.535627801064345,-11.0));
#3672=DIRECTION('',(0.0,0.0,-1.0));
#3673=VECTOR('',#3672,0.1);
#3674=LINE('',#3671,#3673);
#3675=EDGE_CURVE('',#3653,#3663,#3674,.T.);
#3676=ORIENTED_EDGE('',*,*,#3675,.F.);
#3677=EDGE_LOOP('',(#3660,#3661,#3670,#3676));
#3678=FACE_OUTER_BOUND('',#3677,.T.);
#3679=ADVANCED_FACE('',(#3678),#3651,.T.);
#3680=CARTESIAN_POINT('',(2.051957647717297,1.605319860449677,-11.0));
#3681=CARTESIAN_POINT('',(2.111925233700025,1.605319860449677,-11.0));
#3682=CARTESIAN_POINT('',(2.212411458860271,1.568853085189911,-11.0));
#3683=CARTESIAN_POINT('',(2.260223453089743,1.535627801064345,-11.0));
#3684=CARTESIAN_POINT('',(2.051957647717297,1.605319860449677,-11.100000000000001));
#3685=CARTESIAN_POINT('',(2.111925233700025,1.605319860449677,-11.100000000000001));
#3686=CARTESIAN_POINT('',(2.212411458860271,1.568853085189911,-11.100000000000001));
#3687=CARTESIAN_POINT('',(2.260223453089743,1.535627801064345,-11.100000000000001));
#3688=B_SPLINE_SURFACE_WITH_KNOTS('',2,1,((#3680,#3684),(#3681,#3685),(#3682,#3686),(#3683,#3687)),.UNSPECIFIED.,.F.,.F.,.F.,(3,1,3),(2,2),(-2.0,-1.0,0.0),(0.0,0.01),.UNSPECIFIED.);
#3689=CARTESIAN_POINT('',(2.051957647717297,1.605319860449677,-11.0));
#3690=VERTEX_POINT('',#3689);
#3691=CARTESIAN_POINT('',(2.260223453089743,1.535627801064345,-11.0));
#3692=CARTESIAN_POINT('',(2.212411458860271,1.568853085189911,-11.0));
#3693=CARTESIAN_POINT('',(2.111925233700025,1.605319860449677,-11.0));
#3694=CARTESIAN_POINT('',(2.051957647717297,1.605319860449677,-11.0));
#3695=QUASI_UNIFORM_CURVE('',2,(#3691,#3692,#3693,#3694),.UNSPECIFIED.,.F.,.U.);
#3696=EDGE_CURVE('',#3653,#3690,#3695,.T.);
#3697=ORIENTED_EDGE('',*,*,#3696,.F.);
#3698=ORIENTED_EDGE('',*,*,#3675,.T.);
#3699=CARTESIAN_POINT('',(2.051957647717297,1.605319860449677,-11.100000000000001));
#3700=VERTEX_POINT('',#3699);
#3701=CARTESIAN_POINT('',(2.051957647717297,1.605319860449677,-11.100000000000001));
#3702=CARTESIAN_POINT('',(2.111925233700025,1.605319860449677,-11.100000000000001));
#3703=CARTESIAN_POINT('',(2.212411458860271,1.568853085189911,-11.100000000000001));
#3704=CARTESIAN_POINT('',(2.260223453089743,1.535627801064345,-11.100000000000001));
#3705=QUASI_UNIFORM_CURVE('',2,(#3701,#3702,#3703,#3704),.UNSPECIFIED.,.F.,.U.);
#3706=EDGE_CURVE('',#3700,#3663,#3705,.T.);
#3707=ORIENTED_EDGE('',*,*,#3706,.F.);
#3708=CARTESIAN_POINT('',(2.051957647717297,1.605319860449677,-11.0));
#3709=DIRECTION('',(0.0,0.0,-1.0));
#3710=VECTOR('',#3709,0.1);
#3711=LINE('',#3708,#3710);
#3712=EDGE_CURVE('',#3690,#3700,#3711,.T.);
#3713=ORIENTED_EDGE('',*,*,#3712,.F.);
#3714=EDGE_LOOP('',(#3697,#3698,#3707,#3713));
#3715=FACE_OUTER_BOUND('',#3714,.T.);
#3716=ADVANCED_FACE('',(#3715),#3688,.T.);
#3717=CARTESIAN_POINT('',(1.858278552448758,1.5461626472505,-11.0));
#3718=CARTESIAN_POINT('',(1.90609054667823,1.581819049726716,-11.0));
#3719=CARTESIAN_POINT('',(1.99361080730167,1.605319860449677,-11.0));
#3720=CARTESIAN_POINT('',(2.051957647717297,1.605319860449677,-11.0));
#3721=CARTESIAN_POINT('',(1.858278552448758,1.5461626472505,-11.100000000000001));
#3722=CARTESIAN_POINT('',(1.90609054667823,1.581819049726716,-11.100000000000001));
#3723=CARTESIAN_POINT('',(1.99361080730167,1.605319860449677,-11.100000000000001));
#3724=CARTESIAN_POINT('',(2.051957647717297,1.605319860449677,-11.100000000000001));
#3725=B_SPLINE_SURFACE_WITH_KNOTS('',2,1,((#3717,#3721),(#3718,#3722),(#3719,#3723),(#3720,#3724)),.UNSPECIFIED.,.F.,.F.,.F.,(3,1,3),(2,2),(-2.0,-1.0,0.0),(0.0,0.01),.UNSPECIFIED.);
#3726=CARTESIAN_POINT('',(1.858278552448758,1.5461626472505,-11.0));
#3727=VERTEX_POINT('',#3726);
#3728=CARTESIAN_POINT('',(2.051957647717297,1.605319860449677,-11.0));
#3729=CARTESIAN_POINT('',(1.99361080730167,1.605319860449677,-11.0));
#3730=CARTESIAN_POINT('',(1.90609054667823,1.581819049726716,-11.0));
#3731=CARTESIAN_POINT('',(1.858278552448758,1.5461626472505,-11.0));
#3732=QUASI_UNIFORM_CURVE('',2,(#3728,#3729,#3730,#3731),.UNSPECIFIED.,.F.,.U.);
#3733=EDGE_CURVE('',#3690,#3727,#3732,.T.);
#3734=ORIENTED_EDGE('',*,*,#3733,.F.);
#3735=ORIENTED_EDGE('',*,*,#3712,.T.);
#3736=CARTESIAN_POINT('',(1.858278552448758,1.5461626472505,-11.100000000000001));
#3737=VERTEX_POINT('',#3736);
#3738=CARTESIAN_POINT('',(1.858278552448758,1.5461626472505,-11.100000000000001));
#3739=CARTESIAN_POINT('',(1.90609054667823,1.581819049726716,-11.100000000000001));
#3740=CARTESIAN_POINT('',(1.99361080730167,1.605319860449677,-11.100000000000001));
#3741=CARTESIAN_POINT('',(2.051957647717297,1.605319860449677,-11.100000000000001));
#3742=QUASI_UNIFORM_CURVE('',2,(#3738,#3739,#3740,#3741),.UNSPECIFIED.,.F.,.U.);
#3743=EDGE_CURVE('',#3737,#3700,#3742,.T.);
#3744=ORIENTED_EDGE('',*,*,#3743,.F.);
#3745=CARTESIAN_POINT('',(1.858278552448758,1.5461626472505,-11.0));
#3746=DIRECTION('',(0.0,0.0,-1.0));
#3747=VECTOR('',#3746,0.1);
#3748=LINE('',#3745,#3747);
#3749=EDGE_CURVE('',#3727,#3737,#3748,.T.);
#3750=ORIENTED_EDGE('',*,*,#3749,.F.);
#3751=EDGE_LOOP('',(#3734,#3735,#3744,#3750));
#3752=FACE_OUTER_BOUND('',#3751,.T.);
#3753=ADVANCED_FACE('',(#3752),#3725,.T.);
#3754=CARTESIAN_POINT('',(1.749688599453008,1.290895220432132,-11.0));
#3755=CARTESIAN_POINT('',(1.749688599453008,1.376794735488472,-11.0));
#3756=CARTESIAN_POINT('',(1.803173203167332,1.504833635289431,-11.0));
#3757=CARTESIAN_POINT('',(1.858278552448758,1.5461626472505,-11.0));
#3758=CARTESIAN_POINT('',(1.749688599453008,1.290895220432132,-11.100000000000001));
#3759=CARTESIAN_POINT('',(1.749688599453008,1.376794735488472,-11.100000000000001));
#3760=CARTESIAN_POINT('',(1.803173203167332,1.504833635289431,-11.100000000000001));
#3761=CARTESIAN_POINT('',(1.858278552448758,1.5461626472505,-11.100000000000001));
#3762=B_SPLINE_SURFACE_WITH_KNOTS('',2,1,((#3754,#3758),(#3755,#3759),(#3756,#3760),(#3757,#3761)),.UNSPECIFIED.,.F.,.F.,.F.,(3,1,3),(2,2),(-2.0,-1.0,0.0),(0.0,0.01),.UNSPECIFIED.);
#3763=CARTESIAN_POINT('',(1.749688599453008,1.290895220432132,-11.0));
#3764=VERTEX_POINT('',#3763);
#3765=CARTESIAN_POINT('',(1.858278552448758,1.5461626472505,-11.0));
#3766=CARTESIAN_POINT('',(1.803173203167332,1.504833635289431,-11.0));
#3767=CARTESIAN_POINT('',(1.749688599453008,1.376794735488472,-11.0));
#3768=CARTESIAN_POINT('',(1.749688599453008,1.290895220432132,-11.0));
#3769=QUASI_UNIFORM_CURVE('',2,(#3765,#3766,#3767,#3768),.UNSPECIFIED.,.F.,.U.);
#3770=EDGE_CURVE('',#3727,#3764,#3769,.T.);
#3771=ORIENTED_EDGE('',*,*,#3770,.F.);
#3772=ORIENTED_EDGE('',*,*,#3749,.T.);
#3773=CARTESIAN_POINT('',(1.749688599453008,1.290895220432132,-11.100000000000001));
#3774=VERTEX_POINT('',#3773);
#3775=CARTESIAN_POINT('',(1.749688599453008,1.290895220432132,-11.100000000000001));
#3776=CARTESIAN_POINT('',(1.749688599453008,1.376794735488472,-11.100000000000001));
#3777=CARTESIAN_POINT('',(1.803173203167332,1.504833635289431,-11.100000000000001));
#3778=CARTESIAN_POINT('',(1.858278552448758,1.5461626472505,-11.100000000000001));
#3779=QUASI_UNIFORM_CURVE('',2,(#3775,#3776,#3777,#3778),.UNSPECIFIED.,.F.,.U.);
#3780=EDGE_CURVE('',#3774,#3737,#3779,.T.);
#3781=ORIENTED_EDGE('',*,*,#3780,.F.);
#3782=CARTESIAN_POINT('',(1.749688599453008,1.290895220432132,-11.0));
#3783=DIRECTION('',(0.0,0.0,-1.0));
#3784=VECTOR('',#3783,0.1);
#3785=LINE('',#3782,#3784);
#3786=EDGE_CURVE('',#3764,#3774,#3785,.T.);
#3787=ORIENTED_EDGE('',*,*,#3786,.F.);
#3788=EDGE_LOOP('',(#3771,#3772,#3781,#3787));
#3789=FACE_OUTER_BOUND('',#3788,.T.);
#3790=ADVANCED_FACE('',(#3789),#3762,.T.);
#3791=CARTESIAN_POINT('',(1.843691842344851,1.039679657531516,-11.0));
#3792=CARTESIAN_POINT('',(1.800742084816681,1.083439787843237,-11.0));
#3793=CARTESIAN_POINT('',(1.749688599453008,1.213909805994847,-11.0));
#3794=CARTESIAN_POINT('',(1.749688599453008,1.290895220432132,-11.0));
#3795=CARTESIAN_POINT('',(1.843691842344851,1.039679657531516,-11.100000000000001));
#3796=CARTESIAN_POINT('',(1.800742084816681,1.083439787843237,-11.100000000000001));
#3797=CARTESIAN_POINT('',(1.749688599453008,1.213909805994847,-11.100000000000001));
#3798=CARTESIAN_POINT('',(1.749688599453008,1.290895220432132,-11.100000000000001));
#3799=B_SPLINE_SURFACE_WITH_KNOTS('',2,1,((#3791,#3795),(#3792,#3796),(#3793,#3797),(#3794,#3798)),.UNSPECIFIED.,.F.,.F.,.F.,(3,1,3),(2,2),(-2.0,-1.0,0.0),(0.0,0.01),.UNSPECIFIED.);
#3800=CARTESIAN_POINT('',(1.749688599453008,1.290895220432132,-11.0));
#3801=CARTESIAN_POINT('',(1.749688599453008,1.213909805994847,-11.0));
#3802=CARTESIAN_POINT('',(1.800742084816681,1.083439787843237,-11.0));
#3803=CARTESIAN_POINT('',(1.843691842344851,1.039679657531516,-11.0));
#3804=QUASI_UNIFORM_CURVE('',2,(#3800,#3801,#3802,#3803),.UNSPECIFIED.,.F.,.U.);
#3805=EDGE_CURVE('',#3764,#3323,#3804,.T.);
#3806=ORIENTED_EDGE('',*,*,#3805,.F.);
#3807=ORIENTED_EDGE('',*,*,#3786,.T.);
#3808=CARTESIAN_POINT('',(1.843691842344851,1.039679657531516,-11.100000000000001));
#3809=CARTESIAN_POINT('',(1.800742084816681,1.083439787843237,-11.100000000000001));
#3810=CARTESIAN_POINT('',(1.749688599453008,1.213909805994847,-11.100000000000001));
#3811=CARTESIAN_POINT('',(1.749688599453008,1.290895220432132,-11.100000000000001));
#3812=QUASI_UNIFORM_CURVE('',2,(#3808,#3809,#3810,#3811),.UNSPECIFIED.,.F.,.U.);
#3813=EDGE_CURVE('',#3334,#3774,#3812,.T.);
#3814=ORIENTED_EDGE('',*,*,#3813,.F.);
#3815=ORIENTED_EDGE('',*,*,#3339,.F.);
#3816=EDGE_LOOP('',(#3806,#3807,#3814,#3815));
#3817=FACE_OUTER_BOUND('',#3816,.T.);
#3818=ADVANCED_FACE('',(#3817),#3799,.T.);
#3819=CARTESIAN_POINT('',(2.087036954453807,1.518612950285176,-11.100000000000001));
#3820=DIRECTION('',(0.0,0.0,1.0));
#3821=DIRECTION('',(1.0,0.0,0.0));
#3822=AXIS2_PLACEMENT_3D('',#3819,#3820,#3821);
#3823=PLANE('',#3822);
#3824=ORIENTED_EDGE('',*,*,#3813,.T.);
#3825=ORIENTED_EDGE('',*,*,#3780,.T.);
#3826=ORIENTED_EDGE('',*,*,#3743,.T.);
#3827=ORIENTED_EDGE('',*,*,#3706,.T.);
#3828=ORIENTED_EDGE('',*,*,#3669,.T.);
#3829=ORIENTED_EDGE('',*,*,#3632,.T.);
#3830=ORIENTED_EDGE('',*,*,#3595,.T.);
#3831=ORIENTED_EDGE('',*,*,#3564,.T.);
#3832=ORIENTED_EDGE('',*,*,#3533,.T.);
#3833=ORIENTED_EDGE('',*,*,#3496,.T.);
#3834=ORIENTED_EDGE('',*,*,#3459,.T.);
#3835=ORIENTED_EDGE('',*,*,#3422,.T.);
#3836=ORIENTED_EDGE('',*,*,#3385,.T.);
#3837=ORIENTED_EDGE('',*,*,#3348,.T.);
#3838=EDGE_LOOP('',(#3824,#3825,#3826,#3827,#3828,#3829,#3830,#3831,#3832,#3833,#3834,#3835,#3836,#3837));
#3839=FACE_OUTER_BOUND('',#3838,.T.);
#3840=ORIENTED_EDGE('',*,*,#3089,.T.);
#3841=ORIENTED_EDGE('',*,*,#3131,.T.);
#3842=ORIENTED_EDGE('',*,*,#3168,.T.);
#3843=ORIENTED_EDGE('',*,*,#3205,.T.);
#3844=ORIENTED_EDGE('',*,*,#3242,.T.);
#3845=ORIENTED_EDGE('',*,*,#3279,.T.);
#3846=ORIENTED_EDGE('',*,*,#3307,.T.);
#3847=EDGE_LOOP('',(#3840,#3841,#3842,#3843,#3844,#3845,#3846));
#3848=FACE_BOUND('',#3847,.T.);
#3849=ADVANCED_FACE('',(#3839,#3848),#3823,.F.);
#3850=CARTESIAN_POINT('',(3.658926877497688,1.365449516518767,-11.0));
#3851=DIRECTION('',(0.853796175794036,-0.520607424264656,0.0));
#3852=DIRECTION('',(-0.520607424264656,-0.853796175794036,0.0));
#3853=AXIS2_PLACEMENT_3D('',#3850,#3851,#3852);
#3854=PLANE('',#3853);
#3855=CARTESIAN_POINT('',(3.415815042432576,0.966746107011983,-11.0));
#3856=VERTEX_POINT('',#3855);
#3857=CARTESIAN_POINT('',(3.658926877497688,1.365449516518767,-11.0));
#3858=VERTEX_POINT('',#3857);
#3859=CARTESIAN_POINT('',(3.415815042432576,0.966746107011982,-11.0));
#3860=DIRECTION('',(0.520607424264656,0.853796175794036,0.0));
#3861=VECTOR('',#3860,0.466977272574438);
#3862=LINE('',#3859,#3861);
#3863=EDGE_CURVE('',#3856,#3858,#3862,.T.);
#3864=ORIENTED_EDGE('',*,*,#3863,.F.);
#3865=CARTESIAN_POINT('',(3.415815042432576,0.966746107011983,-11.100000000000001));
#3866=VERTEX_POINT('',#3865);
#3867=CARTESIAN_POINT('',(3.415815042432576,0.966746107011983,-11.0));
#3868=DIRECTION('',(0.0,0.0,-1.0));
#3869=VECTOR('',#3868,0.1);
#3870=LINE('',#3867,#3869);
#3871=EDGE_CURVE('',#3856,#3866,#3870,.T.);
#3872=ORIENTED_EDGE('',*,*,#3871,.T.);
#3873=CARTESIAN_POINT('',(3.658926877497688,1.365449516518767,-11.100000000000001));
#3874=VERTEX_POINT('',#3873);
#3875=CARTESIAN_POINT('',(3.658926877497688,1.365449516518767,-11.100000000000001));
#3876=DIRECTION('',(-0.520607424264656,-0.853796175794036,0.0));
#3877=VECTOR('',#3876,0.466977272574438);
#3878=LINE('',#3875,#3877);
#3879=EDGE_CURVE('',#3874,#3866,#3878,.T.);
#3880=ORIENTED_EDGE('',*,*,#3879,.F.);
#3881=CARTESIAN_POINT('',(3.658926877497688,1.365449516518767,-11.0));
#3882=DIRECTION('',(0.0,0.0,-1.0));
#3883=VECTOR('',#3882,0.1);
#3884=LINE('',#3881,#3883);
#3885=EDGE_CURVE('',#3858,#3874,#3884,.T.);
#3886=ORIENTED_EDGE('',*,*,#3885,.F.);
#3887=EDGE_LOOP('',(#3864,#3872,#3880,#3886));
#3888=FACE_OUTER_BOUND('',#3887,.T.);
#3889=ADVANCED_FACE('',(#3888),#3854,.T.);
#3890=CARTESIAN_POINT('',(3.906900949264102,0.966746107011983,-11.0));
#3891=DIRECTION('',(-0.849159811848737,-0.528135980540067,0.0));
#3892=DIRECTION('',(-0.528135980540067,0.849159811848737,0.0));
#3893=AXIS2_PLACEMENT_3D('',#3890,#3891,#3892);
#3894=PLANE('',#3893);
#3895=CARTESIAN_POINT('',(3.906900949264102,0.966746107011983,-11.0));
#3896=VERTEX_POINT('',#3895);
#3897=CARTESIAN_POINT('',(3.658926877497688,1.365449516518767,-11.0));
#3898=DIRECTION('',(0.528135980540067,-0.849159811848737,0.0));
#3899=VECTOR('',#3898,0.469526941741099);
#3900=LINE('',#3897,#3899);
#3901=EDGE_CURVE('',#3858,#3896,#3900,.T.);
#3902=ORIENTED_EDGE('',*,*,#3901,.F.);
#3903=ORIENTED_EDGE('',*,*,#3885,.T.);
#3904=CARTESIAN_POINT('',(3.906900949264102,0.966746107011983,-11.100000000000001));
#3905=VERTEX_POINT('',#3904);
#3906=CARTESIAN_POINT('',(3.906900949264102,0.966746107011983,-11.100000000000001));
#3907=DIRECTION('',(-0.528135980540067,0.849159811848736,0.0));
#3908=VECTOR('',#3907,0.469526941741099);
#3909=LINE('',#3906,#3908);
#3910=EDGE_CURVE('',#3905,#3874,#3909,.T.);
#3911=ORIENTED_EDGE('',*,*,#3910,.F.);
#3912=CARTESIAN_POINT('',(3.906900949264102,0.966746107011983,-11.0));
#3913=DIRECTION('',(0.0,0.0,-1.0));
#3914=VECTOR('',#3913,0.1);
#3915=LINE('',#3912,#3914);
#3916=EDGE_CURVE('',#3896,#3905,#3915,.T.);
#3917=ORIENTED_EDGE('',*,*,#3916,.F.);
#3918=EDGE_LOOP('',(#3902,#3903,#3911,#3917));
#3919=FACE_OUTER_BOUND('',#3918,.T.);
#3920=ADVANCED_FACE('',(#3919),#3894,.T.);
#3921=CARTESIAN_POINT('',(4.050336931952518,0.966746107011983,-11.0));
#3922=DIRECTION('',(0.0,-1.0,0.0));
#3923=DIRECTION('',(-1.0,0.0,0.0));
#3924=AXIS2_PLACEMENT_3D('',#3921,#3922,#3923);
#3925=PLANE('',#3924);
#3926=CARTESIAN_POINT('',(4.050336931952518,0.966746107011983,-11.0));
#3927=VERTEX_POINT('',#3926);
#3928=CARTESIAN_POINT('',(3.906900949264102,0.966746107011983,-11.0));
#3929=DIRECTION('',(1.0,0.0,0.0));
#3930=VECTOR('',#3929,0.143435982688416);
#3931=LINE('',#3928,#3930);
#3932=EDGE_CURVE('',#3896,#3927,#3931,.T.);
#3933=ORIENTED_EDGE('',*,*,#3932,.F.);
#3934=ORIENTED_EDGE('',*,*,#3916,.T.);
#3935=CARTESIAN_POINT('',(4.050336931952518,0.966746107011983,-11.100000000000001));
#3936=VERTEX_POINT('',#3935);
#3937=CARTESIAN_POINT('',(4.050336931952518,0.966746107011983,-11.100000000000001));
#3938=DIRECTION('',(-1.0,0.0,0.0));
#3939=VECTOR('',#3938,0.143435982688416);
#3940=LINE('',#3937,#3939);
#3941=EDGE_CURVE('',#3936,#3905,#3940,.T.);
#3942=ORIENTED_EDGE('',*,*,#3941,.F.);
#3943=CARTESIAN_POINT('',(4.050336931952518,0.966746107011983,-11.0));
#3944=DIRECTION('',(0.0,0.0,-1.0));
#3945=VECTOR('',#3944,0.1);
#3946=LINE('',#3943,#3945);
#3947=EDGE_CURVE('',#3927,#3936,#3946,.T.);
#3948=ORIENTED_EDGE('',*,*,#3947,.F.);
#3949=EDGE_LOOP('',(#3933,#3934,#3942,#3948));
#3950=FACE_OUTER_BOUND('',#3949,.T.);
#3951=ADVANCED_FACE('',(#3950),#3925,.T.);
#3952=CARTESIAN_POINT('',(3.731860428017221,1.467556487246114,-11.0));
#3953=DIRECTION('',(0.843830115736994,0.536610413405565,0.0));
#3954=DIRECTION('',(0.536610413405565,-0.843830115736994,0.0));
#3955=AXIS2_PLACEMENT_3D('',#3952,#3953,#3954);
#3956=PLANE('',#3955);
#3957=CARTESIAN_POINT('',(3.731860428017221,1.467556487246114,-11.0));
#3958=VERTEX_POINT('',#3957);
#3959=CARTESIAN_POINT('',(4.050336931952518,0.966746107011983,-11.0));
#3960=DIRECTION('',(-0.536610413405565,0.843830115736994,0.0));
#3961=VECTOR('',#3960,0.593496689551933);
#3962=LINE('',#3959,#3961);
#3963=EDGE_CURVE('',#3927,#3958,#3962,.T.);
#3964=ORIENTED_EDGE('',*,*,#3963,.F.);
#3965=ORIENTED_EDGE('',*,*,#3947,.T.);
#3966=CARTESIAN_POINT('',(3.731860428017221,1.467556487246114,-11.100000000000001));
#3967=VERTEX_POINT('',#3966);
#3968=CARTESIAN_POINT('',(3.731860428017221,1.467556487246114,-11.100000000000001));
#3969=DIRECTION('',(0.536610413405565,-0.843830115736994,0.0));
#3970=VECTOR('',#3969,0.593496689551933);
#3971=LINE('',#3968,#3970);
#3972=EDGE_CURVE('',#3967,#3936,#3971,.T.);
#3973=ORIENTED_EDGE('',*,*,#3972,.F.);
#3974=CARTESIAN_POINT('',(3.731860428017221,1.467556487246114,-11.0));
#3975=DIRECTION('',(0.0,0.0,-1.0));
#3976=VECTOR('',#3975,0.1);
#3977=LINE('',#3974,#3976);
#3978=EDGE_CURVE('',#3958,#3967,#3977,.T.);
#3979=ORIENTED_EDGE('',*,*,#3978,.F.);
#3980=EDGE_LOOP('',(#3964,#3965,#3973,#3979));
#3981=FACE_OUTER_BOUND('',#3980,.T.);
#3982=ADVANCED_FACE('',(#3981),#3956,.T.);
#3983=CARTESIAN_POINT('',(4.040612458549914,1.966746121913144,-11.0));
#3984=DIRECTION('',(0.850471045146917,-0.526021863962622,0.0));
#3985=DIRECTION('',(-0.526021863962622,-0.850471045146917,0.0));
#3986=AXIS2_PLACEMENT_3D('',#3983,#3984,#3985);
#3987=PLANE('',#3986);
#3988=CARTESIAN_POINT('',(4.040612458549914,1.966746121913144,-11.0));
#3989=VERTEX_POINT('',#3988);
#3990=CARTESIAN_POINT('',(3.731860428017222,1.467556487246114,-11.0));
#3991=DIRECTION('',(0.526021863962622,0.850471045146917,0.0));
#3992=VECTOR('',#3991,0.586956648924828);
#3993=LINE('',#3990,#3992);
#3994=EDGE_CURVE('',#3958,#3989,#3993,.T.);
#3995=ORIENTED_EDGE('',*,*,#3994,.F.);
#3996=ORIENTED_EDGE('',*,*,#3978,.T.);
#3997=CARTESIAN_POINT('',(4.040612458549914,1.966746121913144,-11.100000000000001));
#3998=VERTEX_POINT('',#3997);
#3999=CARTESIAN_POINT('',(4.040612458549914,1.966746121913144,-11.100000000000001));
#4000=DIRECTION('',(-0.526021863962622,-0.850471045146917,0.0));
#4001=VECTOR('',#4000,0.586956648924828);
#4002=LINE('',#3999,#4001);
#4003=EDGE_CURVE('',#3998,#3967,#4002,.T.);
#4004=ORIENTED_EDGE('',*,*,#4003,.F.);
#4005=CARTESIAN_POINT('',(4.040612458549914,1.966746121913144,-11.0));
#4006=DIRECTION('',(0.0,0.0,-1.0));
#4007=VECTOR('',#4006,0.1);
#4008=LINE('',#4005,#4007);
#4009=EDGE_CURVE('',#3989,#3998,#4008,.T.);
#4010=ORIENTED_EDGE('',*,*,#4009,.F.);
#4011=EDGE_LOOP('',(#3995,#3996,#4004,#4010));
#4012=FACE_OUTER_BOUND('',#4011,.T.);
#4013=ADVANCED_FACE('',(#4012),#3987,.T.);
#4014=CARTESIAN_POINT('',(3.888262375242443,1.966746121913144,-11.0));
#4015=DIRECTION('',(0.0,1.0,0.0));
#4016=DIRECTION('',(1.0,0.0,0.0));
#4017=AXIS2_PLACEMENT_3D('',#4014,#4015,#4016);
#4018=PLANE('',#4017);
#4019=CARTESIAN_POINT('',(3.888262375242443,1.966746121913144,-11.0));
#4020=VERTEX_POINT('',#4019);
#4021=CARTESIAN_POINT('',(4.040612458549914,1.966746121913144,-11.0));
#4022=DIRECTION('',(-1.0,0.0,0.0));
#4023=VECTOR('',#4022,0.15235008330747);
#4024=LINE('',#4021,#4023);
#4025=EDGE_CURVE('',#3989,#4020,#4024,.T.);
#4026=ORIENTED_EDGE('',*,*,#4025,.F.);
#4027=ORIENTED_EDGE('',*,*,#4009,.T.);
#4028=CARTESIAN_POINT('',(3.888262375242443,1.966746121913144,-11.100000000000001));
#4029=VERTEX_POINT('',#4028);
#4030=CARTESIAN_POINT('',(3.888262375242443,1.966746121913144,-11.100000000000001));
#4031=DIRECTION('',(1.0,0.0,0.0));
#4032=VECTOR('',#4031,0.15235008330747);
#4033=LINE('',#4030,#4032);
#4034=EDGE_CURVE('',#4029,#3998,#4033,.T.);
#4035=ORIENTED_EDGE('',*,*,#4034,.F.);
#4036=CARTESIAN_POINT('',(3.888262375242443,1.966746121913144,-11.0));
#4037=DIRECTION('',(0.0,0.0,-1.0));
#4038=VECTOR('',#4037,0.1);
#4039=LINE('',#4036,#4038);
#4040=EDGE_CURVE('',#4020,#4029,#4039,.T.);
#4041=ORIENTED_EDGE('',*,*,#4040,.F.);
#4042=EDGE_LOOP('',(#4026,#4027,#4035,#4041));
#4043=FACE_OUTER_BOUND('',#4042,.T.);
#4044=ADVANCED_FACE('',(#4043),#4018,.T.);
#4045=CARTESIAN_POINT('',(3.650012776878634,1.575336067458314,-11.0));
#4046=DIRECTION('',(-0.854198555614439,0.519946946895745,0.0));
#4047=DIRECTION('',(0.519946946895745,0.854198555614439,0.0));
#4048=AXIS2_PLACEMENT_3D('',#4045,#4046,#4047);
#4049=PLANE('',#4048);
#4050=CARTESIAN_POINT('',(3.650012776878634,1.575336067458314,-11.0));
#4051=VERTEX_POINT('',#4050);
#4052=CARTESIAN_POINT('',(3.888262375242443,1.966746121913144,-11.0));
#4053=DIRECTION('',(-0.519946946895744,-0.854198555614439,0.0));
#4054=VECTOR('',#4053,0.458219054436685);
#4055=LINE('',#4052,#4054);
#4056=EDGE_CURVE('',#4020,#4051,#4055,.T.);
#4057=ORIENTED_EDGE('',*,*,#4056,.F.);
#4058=ORIENTED_EDGE('',*,*,#4040,.T.);
#4059=CARTESIAN_POINT('',(3.650012776878634,1.575336067458314,-11.100000000000001));
#4060=VERTEX_POINT('',#4059);
#4061=CARTESIAN_POINT('',(3.650012776878634,1.575336067458314,-11.100000000000001));
#4062=DIRECTION('',(0.519946946895744,0.854198555614439,0.0));
#4063=VECTOR('',#4062,0.458219054436685);
#4064=LINE('',#4061,#4063);
#4065=EDGE_CURVE('',#4060,#4029,#4064,.T.);
#4066=ORIENTED_EDGE('',*,*,#4065,.F.);
#4067=CARTESIAN_POINT('',(3.650012776878634,1.575336067458314,-11.0));
#4068=DIRECTION('',(0.0,0.0,-1.0));
#4069=VECTOR('',#4068,0.1);
#4070=LINE('',#4067,#4069);
#4071=EDGE_CURVE('',#4051,#4060,#4070,.T.);
#4072=ORIENTED_EDGE('',*,*,#4071,.F.);
#4073=EDGE_LOOP('',(#4057,#4058,#4066,#4072));
#4074=FACE_OUTER_BOUND('',#4073,.T.);
#4075=ADVANCED_FACE('',(#4074),#4049,.T.);
#4076=CARTESIAN_POINT('',(3.406900941813522,1.966746121913144,-11.0));
#4077=DIRECTION('',(0.849477082513831,0.527625517089337,0.0));
#4078=DIRECTION('',(0.527625517089337,-0.849477082513831,0.0));
#4079=AXIS2_PLACEMENT_3D('',#4076,#4077,#4078);
#4080=PLANE('',#4079);
#4081=CARTESIAN_POINT('',(3.406900941813522,1.966746121913144,-11.0));
#4082=VERTEX_POINT('',#4081);
#4083=CARTESIAN_POINT('',(3.650012776878633,1.575336067458314,-11.0));
#4084=DIRECTION('',(-0.527625517089336,0.849477082513831,0.0));
#4085=VECTOR('',#4084,0.460765878811636);
#4086=LINE('',#4083,#4085);
#4087=EDGE_CURVE('',#4051,#4082,#4086,.T.);
#4088=ORIENTED_EDGE('',*,*,#4087,.F.);
#4089=ORIENTED_EDGE('',*,*,#4071,.T.);
#4090=CARTESIAN_POINT('',(3.406900941813522,1.966746121913144,-11.100000000000001));
#4091=VERTEX_POINT('',#4090);
#4092=CARTESIAN_POINT('',(3.406900941813521,1.966746121913144,-11.100000000000001));
#4093=DIRECTION('',(0.527625517089337,-0.849477082513831,0.0));
#4094=VECTOR('',#4093,0.460765878811637);
#4095=LINE('',#4092,#4094);
#4096=EDGE_CURVE('',#4091,#4060,#4095,.T.);
#4097=ORIENTED_EDGE('',*,*,#4096,.F.);
#4098=CARTESIAN_POINT('',(3.406900941813522,1.966746121913144,-11.0));
#4099=DIRECTION('',(0.0,0.0,-1.0));
#4100=VECTOR('',#4099,0.1);
#4101=LINE('',#4098,#4100);
#4102=EDGE_CURVE('',#4082,#4091,#4101,.T.);
#4103=ORIENTED_EDGE('',*,*,#4102,.F.);
#4104=EDGE_LOOP('',(#4088,#4089,#4097,#4103));
#4105=FACE_OUTER_BOUND('',#4104,.T.);
#4106=ADVANCED_FACE('',(#4105),#4080,.T.);
#4107=CARTESIAN_POINT('',(3.263464959125106,1.966746121913144,-11.0));
#4108=DIRECTION('',(0.0,1.0,0.0));
#4109=DIRECTION('',(1.0,0.0,0.0));
#4110=AXIS2_PLACEMENT_3D('',#4107,#4108,#4109);
#4111=PLANE('',#4110);
#4112=CARTESIAN_POINT('',(3.263464959125106,1.966746121913144,-11.0));
#4113=VERTEX_POINT('',#4112);
#4114=CARTESIAN_POINT('',(3.406900941813522,1.966746121913144,-11.0));
#4115=DIRECTION('',(-1.0,0.0,0.0));
#4116=VECTOR('',#4115,0.143435982688416);
#4117=LINE('',#4114,#4116);
#4118=EDGE_CURVE('',#4082,#4113,#4117,.T.);
#4119=ORIENTED_EDGE('',*,*,#4118,.F.);
#4120=ORIENTED_EDGE('',*,*,#4102,.T.);
#4121=CARTESIAN_POINT('',(3.263464959125106,1.966746121913144,-11.100000000000001));
#4122=VERTEX_POINT('',#4121);
#4123=CARTESIAN_POINT('',(3.263464959125106,1.966746121913144,-11.100000000000001));
#4124=DIRECTION('',(1.0,0.0,0.0));
#4125=VECTOR('',#4124,0.143435982688416);
#4126=LINE('',#4123,#4125);
#4127=EDGE_CURVE('',#4122,#4091,#4126,.T.);
#4128=ORIENTED_EDGE('',*,*,#4127,.F.);
#4129=CARTESIAN_POINT('',(3.263464959125106,1.966746121913144,-11.0));
#4130=DIRECTION('',(0.0,0.0,-1.0));
#4131=VECTOR('',#4130,0.1);
#4132=LINE('',#4129,#4131);
#4133=EDGE_CURVE('',#4113,#4122,#4132,.T.);
#4134=ORIENTED_EDGE('',*,*,#4133,.F.);
#4135=EDGE_LOOP('',(#4119,#4120,#4128,#4134));
#4136=FACE_OUTER_BOUND('',#4135,.T.);
#4137=ADVANCED_FACE('',(#4136),#4111,.T.);
#4138=CARTESIAN_POINT('',(3.57626885357555,1.474039469514517,-11.0));
#4139=DIRECTION('',(-0.844232761378656,-0.53597672021737,0.0));
#4140=DIRECTION('',(-0.53597672021737,0.844232761378656,0.0));
#4141=AXIS2_PLACEMENT_3D('',#4138,#4139,#4140);
#4142=PLANE('',#4141);
#4143=CARTESIAN_POINT('',(3.57626885357555,1.474039469514517,-11.0));
#4144=VERTEX_POINT('',#4143);
#4145=CARTESIAN_POINT('',(3.263464959125105,1.966746121913144,-11.0));
#4146=DIRECTION('',(0.535976720217371,-0.844232761378656,0.0));
#4147=VECTOR('',#4146,0.583614703122897);
#4148=LINE('',#4145,#4147);
#4149=EDGE_CURVE('',#4113,#4144,#4148,.T.);
#4150=ORIENTED_EDGE('',*,*,#4149,.F.);
#4151=ORIENTED_EDGE('',*,*,#4133,.T.);
#4152=CARTESIAN_POINT('',(3.57626885357555,1.474039469514517,-11.100000000000001));
#4153=VERTEX_POINT('',#4152);
#4154=CARTESIAN_POINT('',(3.57626885357555,1.474039469514517,-11.100000000000001));
#4155=DIRECTION('',(-0.53597672021737,0.844232761378656,0.0));
#4156=VECTOR('',#4155,0.583614703122896);
#4157=LINE('',#4154,#4156);
#4158=EDGE_CURVE('',#4153,#4122,#4157,.T.);
#4159=ORIENTED_EDGE('',*,*,#4158,.F.);
#4160=CARTESIAN_POINT('',(3.57626885357555,1.474039469514517,-11.0));
#4161=DIRECTION('',(0.0,0.0,-1.0));
#4162=VECTOR('',#4161,0.1);
#4163=LINE('',#4160,#4162);
#4164=EDGE_CURVE('',#4144,#4153,#4163,.T.);
#4165=ORIENTED_EDGE('',*,*,#4164,.F.);
#4166=EDGE_LOOP('',(#4150,#4151,#4159,#4165));
#4167=FACE_OUTER_BOUND('',#4166,.T.);
#4168=ADVANCED_FACE('',(#4167),#4142,.T.);
#4169=CARTESIAN_POINT('',(3.263464959125106,0.966746107011983,-11.0));
#4170=DIRECTION('',(-0.851191118645098,0.524855865490428,0.0));
#4171=DIRECTION('',(0.524855865490428,0.851191118645098,0.0));
#4172=AXIS2_PLACEMENT_3D('',#4169,#4170,#4171);
#4173=PLANE('',#4172);
#4174=CARTESIAN_POINT('',(3.263464959125106,0.966746107011983,-11.0));
#4175=VERTEX_POINT('',#4174);
#4176=CARTESIAN_POINT('',(3.576268853575551,1.474039469514516,-11.0));
#4177=DIRECTION('',(-0.524855865490428,-0.851191118645098,0.0));
#4178=VECTOR('',#4177,0.59598056346033);
#4179=LINE('',#4176,#4178);
#4180=EDGE_CURVE('',#4144,#4175,#4179,.T.);
#4181=ORIENTED_EDGE('',*,*,#4180,.F.);
#4182=ORIENTED_EDGE('',*,*,#4164,.T.);
#4183=CARTESIAN_POINT('',(3.263464959125106,0.966746107011983,-11.100000000000001));
#4184=VERTEX_POINT('',#4183);
#4185=CARTESIAN_POINT('',(3.263464959125106,0.966746107011983,-11.100000000000001));
#4186=DIRECTION('',(0.524855865490428,0.851191118645098,0.0));
#4187=VECTOR('',#4186,0.595980563460329);
#4188=LINE('',#4185,#4187);
#4189=EDGE_CURVE('',#4184,#4153,#4188,.T.);
#4190=ORIENTED_EDGE('',*,*,#4189,.F.);
#4191=CARTESIAN_POINT('',(3.263464959125106,0.966746107011983,-11.0));
#4192=DIRECTION('',(0.0,0.0,-1.0));
#4193=VECTOR('',#4192,0.1);
#4194=LINE('',#4191,#4193);
#4195=EDGE_CURVE('',#4175,#4184,#4194,.T.);
#4196=ORIENTED_EDGE('',*,*,#4195,.F.);
#4197=EDGE_LOOP('',(#4181,#4182,#4190,#4196));
#4198=FACE_OUTER_BOUND('',#4197,.T.);
#4199=ADVANCED_FACE('',(#4198),#4173,.T.);
#4200=CARTESIAN_POINT('',(3.415815042432576,0.966746107011983,-11.0));
#4201=DIRECTION('',(0.0,-1.0,0.0));
#4202=DIRECTION('',(-1.0,0.0,0.0));
#4203=AXIS2_PLACEMENT_3D('',#4200,#4201,#4202);
#4204=PLANE('',#4203);
#4205=CARTESIAN_POINT('',(3.263464959125106,0.966746107011983,-11.0));
#4206=DIRECTION('',(1.0,0.0,0.0));
#4207=VECTOR('',#4206,0.15235008330747);
#4208=LINE('',#4205,#4207);
#4209=EDGE_CURVE('',#4175,#3856,#4208,.T.);
#4210=ORIENTED_EDGE('',*,*,#4209,.F.);
#4211=ORIENTED_EDGE('',*,*,#4195,.T.);
#4212=CARTESIAN_POINT('',(3.415815042432576,0.966746107011983,-11.100000000000001));
#4213=DIRECTION('',(-1.0,0.0,0.0));
#4214=VECTOR('',#4213,0.15235008330747);
#4215=LINE('',#4212,#4214);
#4216=EDGE_CURVE('',#3866,#4184,#4215,.T.);
#4217=ORIENTED_EDGE('',*,*,#4216,.F.);
#4218=ORIENTED_EDGE('',*,*,#3871,.F.);
#4219=EDGE_LOOP('',(#4210,#4211,#4217,#4218));
#4220=FACE_OUTER_BOUND('',#4219,.T.);
#4221=ADVANCED_FACE('',(#4220),#4204,.T.);
#4222=CARTESIAN_POINT('',(3.654428530154219,1.466358674068327,-11.100000000000001));
#4223=DIRECTION('',(0.0,0.0,1.0));
#4224=DIRECTION('',(1.0,0.0,0.0));
#4225=AXIS2_PLACEMENT_3D('',#4222,#4223,#4224);
#4226=PLANE('',#4225);
#4227=ORIENTED_EDGE('',*,*,#4216,.T.);
#4228=ORIENTED_EDGE('',*,*,#4189,.T.);
#4229=ORIENTED_EDGE('',*,*,#4158,.T.);
#4230=ORIENTED_EDGE('',*,*,#4127,.T.);
#4231=ORIENTED_EDGE('',*,*,#4096,.T.);
#4232=ORIENTED_EDGE('',*,*,#4065,.T.);
#4233=ORIENTED_EDGE('',*,*,#4034,.T.);
#4234=ORIENTED_EDGE('',*,*,#4003,.T.);
#4235=ORIENTED_EDGE('',*,*,#3972,.T.);
#4236=ORIENTED_EDGE('',*,*,#3941,.T.);
#4237=ORIENTED_EDGE('',*,*,#3910,.T.);
#4238=ORIENTED_EDGE('',*,*,#3879,.T.);
#4239=EDGE_LOOP('',(#4227,#4228,#4229,#4230,#4231,#4232,#4233,#4234,#4235,#4236,#4237,#4238));
#4240=FACE_OUTER_BOUND('',#4239,.T.);
#4241=ADVANCED_FACE('',(#4240),#4226,.F.);
#4242=CARTESIAN_POINT('',(3.258602722423803,1.84843169551479,-11.0));
#4243=DIRECTION('',(0.0,-1.0,0.0));
#4244=DIRECTION('',(-1.0,0.0,0.0));
#4245=AXIS2_PLACEMENT_3D('',#4242,#4243,#4244);
#4246=PLANE('',#4245);
#4247=CARTESIAN_POINT('',(2.923108390033948,1.84843169551479,-11.0));
#4248=VERTEX_POINT('',#4247);
#4249=CARTESIAN_POINT('',(3.258602722423803,1.84843169551479,-11.0));
#4250=VERTEX_POINT('',#4249);
#4251=CARTESIAN_POINT('',(2.923108390033948,1.848431695514789,-11.0));
#4252=DIRECTION('',(1.0,0.0,0.0));
#4253=VECTOR('',#4252,0.335494332389855);
#4254=LINE('',#4251,#4253);
#4255=EDGE_CURVE('',#4248,#4250,#4254,.T.);
#4256=ORIENTED_EDGE('',*,*,#4255,.F.);
#4257=CARTESIAN_POINT('',(2.923108390033948,1.84843169551479,-11.100000000000001));
#4258=VERTEX_POINT('',#4257);
#4259=CARTESIAN_POINT('',(2.923108390033948,1.84843169551479,-11.0));
#4260=DIRECTION('',(0.0,0.0,-1.0));
#4261=VECTOR('',#4260,0.1);
#4262=LINE('',#4259,#4261);
#4263=EDGE_CURVE('',#4248,#4258,#4262,.T.);
#4264=ORIENTED_EDGE('',*,*,#4263,.T.);
#4265=CARTESIAN_POINT('',(3.258602722423803,1.84843169551479,-11.100000000000001));
#4266=VERTEX_POINT('',#4265);
#4267=CARTESIAN_POINT('',(3.258602722423803,1.84843169551479,-11.100000000000001));
#4268=DIRECTION('',(-1.0,0.0,0.0));
#4269=VECTOR('',#4268,0.335494332389854);
#4270=LINE('',#4267,#4269);
#4271=EDGE_CURVE('',#4266,#4258,#4270,.T.);
#4272=ORIENTED_EDGE('',*,*,#4271,.F.);
#4273=CARTESIAN_POINT('',(3.258602722423803,1.84843169551479,-11.0));
#4274=DIRECTION('',(0.0,0.0,-1.0));
#4275=VECTOR('',#4274,0.1);
#4276=LINE('',#4273,#4275);
#4277=EDGE_CURVE('',#4250,#4266,#4276,.T.);
#4278=ORIENTED_EDGE('',*,*,#4277,.F.);
#4279=EDGE_LOOP('',(#4256,#4264,#4272,#4278));
#4280=FACE_OUTER_BOUND('',#4279,.T.);
#4281=ADVANCED_FACE('',(#4280),#4246,.T.);
#4282=CARTESIAN_POINT('',(3.258602722423803,1.966746121913144,-11.0));
#4283=DIRECTION('',(1.0,0.0,0.0));
#4284=DIRECTION('',(0.0,-1.0,0.0));
#4285=AXIS2_PLACEMENT_3D('',#4282,#4283,#4284);
#4286=PLANE('',#4285);
#4287=CARTESIAN_POINT('',(3.258602722423803,1.966746121913144,-11.0));
#4288=VERTEX_POINT('',#4287);
#4289=CARTESIAN_POINT('',(3.258602722423803,1.84843169551479,-11.0));
#4290=DIRECTION('',(0.0,1.0,0.0));
#4291=VECTOR('',#4290,0.118314426398354);
#4292=LINE('',#4289,#4291);
#4293=EDGE_CURVE('',#4250,#4288,#4292,.T.);
#4294=ORIENTED_EDGE('',*,*,#4293,.F.);
#4295=ORIENTED_EDGE('',*,*,#4277,.T.);
#4296=CARTESIAN_POINT('',(3.258602722423803,1.966746121913144,-11.100000000000001));
#4297=VERTEX_POINT('',#4296);
#4298=CARTESIAN_POINT('',(3.258602722423803,1.966746121913144,-11.100000000000001));
#4299=DIRECTION('',(0.0,-1.0,0.0));
#4300=VECTOR('',#4299,0.118314426398355);
#4301=LINE('',#4298,#4300);
#4302=EDGE_CURVE('',#4297,#4266,#4301,.T.);
#4303=ORIENTED_EDGE('',*,*,#4302,.F.);
#4304=CARTESIAN_POINT('',(3.258602722423803,1.966746121913144,-11.0));
#4305=DIRECTION('',(0.0,0.0,-1.0));
#4306=VECTOR('',#4305,0.1);
#4307=LINE('',#4304,#4306);
#4308=EDGE_CURVE('',#4288,#4297,#4307,.T.);
#4309=ORIENTED_EDGE('',*,*,#4308,.F.);
#4310=EDGE_LOOP('',(#4294,#4295,#4303,#4309));
#4311=FACE_OUTER_BOUND('',#4310,.T.);
#4312=ADVANCED_FACE('',(#4311),#4286,.T.);
#4313=CARTESIAN_POINT('',(2.454712921141833,1.966746121913144,-11.0));
#4314=DIRECTION('',(0.0,1.0,0.0));
#4315=DIRECTION('',(1.0,0.0,0.0));
#4316=AXIS2_PLACEMENT_3D('',#4313,#4314,#4315);
#4317=PLANE('',#4316);
#4318=CARTESIAN_POINT('',(2.454712921141833,1.966746121913144,-11.0));
#4319=VERTEX_POINT('',#4318);
#4320=CARTESIAN_POINT('',(3.258602722423803,1.966746121913144,-11.0));
#4321=DIRECTION('',(-1.0,0.0,0.0));
#4322=VECTOR('',#4321,0.80388980128197);
#4323=LINE('',#4320,#4322);
#4324=EDGE_CURVE('',#4288,#4319,#4323,.T.);
#4325=ORIENTED_EDGE('',*,*,#4324,.F.);
#4326=ORIENTED_EDGE('',*,*,#4308,.T.);
#4327=CARTESIAN_POINT('',(2.454712921141833,1.966746121913144,-11.100000000000001));
#4328=VERTEX_POINT('',#4327);
#4329=CARTESIAN_POINT('',(2.454712921141833,1.966746121913144,-11.100000000000001));
#4330=DIRECTION('',(1.0,0.0,0.0));
#4331=VECTOR('',#4330,0.80388980128197);
#4332=LINE('',#4329,#4331);
#4333=EDGE_CURVE('',#4328,#4297,#4332,.T.);
#4334=ORIENTED_EDGE('',*,*,#4333,.F.);
#4335=CARTESIAN_POINT('',(2.454712921141833,1.966746121913144,-11.0));
#4336=DIRECTION('',(0.0,0.0,-1.0));
#4337=VECTOR('',#4336,0.1);
#4338=LINE('',#4335,#4337);
#4339=EDGE_CURVE('',#4319,#4328,#4338,.T.);
#4340=ORIENTED_EDGE('',*,*,#4339,.F.);
#4341=EDGE_LOOP('',(#4325,#4326,#4334,#4340));
#4342=FACE_OUTER_BOUND('',#4341,.T.);
#4343=ADVANCED_FACE('',(#4342),#4317,.T.);
#4344=CARTESIAN_POINT('',(2.454712921141833,1.84843169551479,-11.0));
#4345=DIRECTION('',(-1.0,0.0,0.0));
#4346=DIRECTION('',(0.0,1.0,0.0));
#4347=AXIS2_PLACEMENT_3D('',#4344,#4345,#4346);
#4348=PLANE('',#4347);
#4349=CARTESIAN_POINT('',(2.454712921141833,1.84843169551479,-11.0));
#4350=VERTEX_POINT('',#4349);
#4351=CARTESIAN_POINT('',(2.454712921141833,1.966746121913144,-11.0));
#4352=DIRECTION('',(0.0,-1.0,0.0));
#4353=VECTOR('',#4352,0.118314426398355);
#4354=LINE('',#4351,#4353);
#4355=EDGE_CURVE('',#4319,#4350,#4354,.T.);
#4356=ORIENTED_EDGE('',*,*,#4355,.F.);
#4357=ORIENTED_EDGE('',*,*,#4339,.T.);
#4358=CARTESIAN_POINT('',(2.454712921141833,1.84843169551479,-11.100000000000001));
#4359=VERTEX_POINT('',#4358);
#4360=CARTESIAN_POINT('',(2.454712921141833,1.84843169551479,-11.100000000000001));
#4361=DIRECTION('',(0.0,1.0,0.0));
#4362=VECTOR('',#4361,0.118314426398355);
#4363=LINE('',#4360,#4362);
#4364=EDGE_CURVE('',#4359,#4328,#4363,.T.);
#4365=ORIENTED_EDGE('',*,*,#4364,.F.);
#4366=CARTESIAN_POINT('',(2.454712921141833,1.84843169551479,-11.0));
#4367=DIRECTION('',(0.0,0.0,-1.0));
#4368=VECTOR('',#4367,0.1);
#4369=LINE('',#4366,#4368);
#4370=EDGE_CURVE('',#4350,#4359,#4369,.T.);
#4371=ORIENTED_EDGE('',*,*,#4370,.F.);
#4372=EDGE_LOOP('',(#4356,#4357,#4365,#4371));
#4373=FACE_OUTER_BOUND('',#4372,.T.);
#4374=ADVANCED_FACE('',(#4373),#4348,.T.);
#4375=CARTESIAN_POINT('',(2.790207253531687,1.84843169551479,-11.0));
#4376=DIRECTION('',(0.0,-1.0,0.0));
#4377=DIRECTION('',(-1.0,0.0,0.0));
#4378=AXIS2_PLACEMENT_3D('',#4375,#4376,#4377);
#4379=PLANE('',#4378);
#4380=CARTESIAN_POINT('',(2.790207253531687,1.84843169551479,-11.0));
#4381=VERTEX_POINT('',#4380);
#4382=CARTESIAN_POINT('',(2.454712921141833,1.848431695514789,-11.0));
#4383=DIRECTION('',(1.0,0.0,0.0));
#4384=VECTOR('',#4383,0.335494332389854);
#4385=LINE('',#4382,#4384);
#4386=EDGE_CURVE('',#4350,#4381,#4385,.T.);
#4387=ORIENTED_EDGE('',*,*,#4386,.F.);
#4388=ORIENTED_EDGE('',*,*,#4370,.T.);
#4389=CARTESIAN_POINT('',(2.790207253531687,1.84843169551479,-11.100000000000001));
#4390=VERTEX_POINT('',#4389);
#4391=CARTESIAN_POINT('',(2.790207253531687,1.84843169551479,-11.100000000000001));
#4392=DIRECTION('',(-1.0,0.0,0.0));
#4393=VECTOR('',#4392,0.335494332389854);
#4394=LINE('',#4391,#4393);
#4395=EDGE_CURVE('',#4390,#4359,#4394,.T.);
#4396=ORIENTED_EDGE('',*,*,#4395,.F.);
#4397=CARTESIAN_POINT('',(2.790207253531687,1.84843169551479,-11.0));
#4398=DIRECTION('',(0.0,0.0,-1.0));
#4399=VECTOR('',#4398,0.1);
#4400=LINE('',#4397,#4399);
#4401=EDGE_CURVE('',#4381,#4390,#4400,.T.);
#4402=ORIENTED_EDGE('',*,*,#4401,.F.);
#4403=EDGE_LOOP('',(#4387,#4388,#4396,#4402));
#4404=FACE_OUTER_BOUND('',#4403,.T.);
#4405=ADVANCED_FACE('',(#4404),#4379,.T.);
#4406=CARTESIAN_POINT('',(2.790207253531687,0.966746107011983,-11.0));
#4407=DIRECTION('',(-1.0,0.0,0.0));
#4408=DIRECTION('',(0.0,1.0,0.0));
#4409=AXIS2_PLACEMENT_3D('',#4406,#4407,#4408);
#4410=PLANE('',#4409);
#4411=CARTESIAN_POINT('',(2.790207253531687,0.966746107011983,-11.0));
#4412=VERTEX_POINT('',#4411);
#4413=CARTESIAN_POINT('',(2.790207253531687,1.84843169551479,-11.0));
#4414=DIRECTION('',(0.0,-1.0,0.0));
#4415=VECTOR('',#4414,0.881685588502807);
#4416=LINE('',#4413,#4415);
#4417=EDGE_CURVE('',#4381,#4412,#4416,.T.);
#4418=ORIENTED_EDGE('',*,*,#4417,.F.);
#4419=ORIENTED_EDGE('',*,*,#4401,.T.);
#4420=CARTESIAN_POINT('',(2.790207253531687,0.966746107011983,-11.100000000000001));
#4421=VERTEX_POINT('',#4420);
#4422=CARTESIAN_POINT('',(2.790207253531687,0.966746107011983,-11.100000000000001));
#4423=DIRECTION('',(0.0,1.0,0.0));
#4424=VECTOR('',#4423,0.881685588502807);
#4425=LINE('',#4422,#4424);
#4426=EDGE_CURVE('',#4421,#4390,#4425,.T.);
#4427=ORIENTED_EDGE('',*,*,#4426,.F.);
#4428=CARTESIAN_POINT('',(2.790207253531687,0.966746107011983,-11.0));
#4429=DIRECTION('',(0.0,0.0,-1.0));
#4430=VECTOR('',#4429,0.1);
#4431=LINE('',#4428,#4430);
#4432=EDGE_CURVE('',#4412,#4421,#4431,.T.);
#4433=ORIENTED_EDGE('',*,*,#4432,.F.);
#4434=EDGE_LOOP('',(#4418,#4419,#4427,#4433));
#4435=FACE_OUTER_BOUND('',#4434,.T.);
#4436=ADVANCED_FACE('',(#4435),#4410,.T.);
#4437=CARTESIAN_POINT('',(2.923108390033948,0.966746107011983,-11.0));
#4438=DIRECTION('',(0.0,-1.0,0.0));
#4439=DIRECTION('',(-1.0,0.0,0.0));
#4440=AXIS2_PLACEMENT_3D('',#4437,#4438,#4439);
#4441=PLANE('',#4440);
#4442=CARTESIAN_POINT('',(2.923108390033948,0.966746107011983,-11.0));
#4443=VERTEX_POINT('',#4442);
#4444=CARTESIAN_POINT('',(2.790207253531687,0.966746107011983,-11.0));
#4445=DIRECTION('',(1.0,0.0,0.0));
#4446=VECTOR('',#4445,0.132901136502261);
#4447=LINE('',#4444,#4446);
#4448=EDGE_CURVE('',#4412,#4443,#4447,.T.);
#4449=ORIENTED_EDGE('',*,*,#4448,.F.);
#4450=ORIENTED_EDGE('',*,*,#4432,.T.);
#4451=CARTESIAN_POINT('',(2.923108390033948,0.966746107011983,-11.100000000000001));
#4452=VERTEX_POINT('',#4451);
#4453=CARTESIAN_POINT('',(2.923108390033948,0.966746107011983,-11.100000000000001));
#4454=DIRECTION('',(-1.0,0.0,0.0));
#4455=VECTOR('',#4454,0.132901136502261);
#4456=LINE('',#4453,#4455);
#4457=EDGE_CURVE('',#4452,#4421,#4456,.T.);
#4458=ORIENTED_EDGE('',*,*,#4457,.F.);
#4459=CARTESIAN_POINT('',(2.923108390033948,0.966746107011983,-11.0));
#4460=DIRECTION('',(0.0,0.0,-1.0));
#4461=VECTOR('',#4460,0.1);
#4462=LINE('',#4459,#4461);
#4463=EDGE_CURVE('',#4443,#4452,#4462,.T.);
#4464=ORIENTED_EDGE('',*,*,#4463,.F.);
#4465=EDGE_LOOP('',(#4449,#4450,#4458,#4464));
#4466=FACE_OUTER_BOUND('',#4465,.T.);
#4467=ADVANCED_FACE('',(#4466),#4441,.T.);
#4468=CARTESIAN_POINT('',(2.923108390033948,1.84843169551479,-11.0));
#4469=DIRECTION('',(1.0,0.0,0.0));
#4470=DIRECTION('',(0.0,-1.0,0.0));
#4471=AXIS2_PLACEMENT_3D('',#4468,#4469,#4470);
#4472=PLANE('',#4471);
#4473=CARTESIAN_POINT('',(2.923108390033948,0.966746107011983,-11.0));
#4474=DIRECTION('',(0.0,1.0,0.0));
#4475=VECTOR('',#4474,0.881685588502807);
#4476=LINE('',#4473,#4475);
#4477=EDGE_CURVE('',#4443,#4248,#4476,.T.);
#4478=ORIENTED_EDGE('',*,*,#4477,.F.);
#4479=ORIENTED_EDGE('',*,*,#4463,.T.);
#4480=CARTESIAN_POINT('',(2.923108390033948,1.84843169551479,-11.100000000000001));
#4481=DIRECTION('',(0.0,-1.0,0.0));
#4482=VECTOR('',#4481,0.881685588502807);
#4483=LINE('',#4480,#4482);
#4484=EDGE_CURVE('',#4258,#4452,#4483,.T.);
#4485=ORIENTED_EDGE('',*,*,#4484,.F.);
#4486=ORIENTED_EDGE('',*,*,#4263,.F.);
#4487=EDGE_LOOP('',(#4478,#4479,#4485,#4486));
#4488=FACE_OUTER_BOUND('',#4487,.T.);
#4489=ADVANCED_FACE('',(#4488),#4472,.T.);
#4490=CARTESIAN_POINT('',(2.856657821782818,1.630725374857964,-11.100000000000003));
#4491=DIRECTION('',(0.0,0.0,1.0));
#4492=DIRECTION('',(1.0,0.0,0.0));
#4493=AXIS2_PLACEMENT_3D('',#4490,#4491,#4492);
#4494=PLANE('',#4493);
#4495=ORIENTED_EDGE('',*,*,#4484,.T.);
#4496=ORIENTED_EDGE('',*,*,#4457,.T.);
#4497=ORIENTED_EDGE('',*,*,#4426,.T.);
#4498=ORIENTED_EDGE('',*,*,#4395,.T.);
#4499=ORIENTED_EDGE('',*,*,#4364,.T.);
#4500=ORIENTED_EDGE('',*,*,#4333,.T.);
#4501=ORIENTED_EDGE('',*,*,#4302,.T.);
#4502=ORIENTED_EDGE('',*,*,#4271,.T.);
#4503=EDGE_LOOP('',(#4495,#4496,#4497,#4498,#4499,#4500,#4501,#4502));
#4504=FACE_OUTER_BOUND('',#4503,.T.);
#4505=ADVANCED_FACE('',(#4504),#4494,.F.);
#4506=CARTESIAN_POINT('',(-1.105254716994959,1.465125368895463,-11.0));
#4507=DIRECTION('',(1.0,0.0,0.0));
#4508=DIRECTION('',(0.0,-1.0,0.0));
#4509=AXIS2_PLACEMENT_3D('',#4506,#4507,#4508);
#4510=PLANE('',#4509);
#4511=CARTESIAN_POINT('',(-1.105254716994959,1.343569451362907,-11.0));
#4512=VERTEX_POINT('',#4511);
#4513=CARTESIAN_POINT('',(-1.105254716994959,1.465125368895463,-11.0));
#4514=VERTEX_POINT('',#4513);
#4515=CARTESIAN_POINT('',(-1.105254716994959,1.343569451362906,-11.0));
#4516=DIRECTION('',(0.0,1.0,0.0));
#4517=VECTOR('',#4516,0.121555917532556);
#4518=LINE('',#4515,#4517);
#4519=EDGE_CURVE('',#4512,#4514,#4518,.T.);
#4520=ORIENTED_EDGE('',*,*,#4519,.F.);
#4521=CARTESIAN_POINT('',(-1.105254716994959,1.343569451362907,-11.100000000000001));
#4522=VERTEX_POINT('',#4521);
#4523=CARTESIAN_POINT('',(-1.105254716994959,1.343569451362907,-11.0));
#4524=DIRECTION('',(0.0,0.0,-1.0));
#4525=VECTOR('',#4524,0.1);
#4526=LINE('',#4523,#4525);
#4527=EDGE_CURVE('',#4512,#4522,#4526,.T.);
#4528=ORIENTED_EDGE('',*,*,#4527,.T.);
#4529=CARTESIAN_POINT('',(-1.105254716994959,1.465125368895463,-11.100000000000001));
#4530=VERTEX_POINT('',#4529);
#4531=CARTESIAN_POINT('',(-1.105254716994959,1.465125368895463,-11.100000000000001));
#4532=DIRECTION('',(0.0,-1.0,0.0));
#4533=VECTOR('',#4532,0.121555917532556);
#4534=LINE('',#4531,#4533);
#4535=EDGE_CURVE('',#4530,#4522,#4534,.T.);
#4536=ORIENTED_EDGE('',*,*,#4535,.F.);
#4537=CARTESIAN_POINT('',(-1.105254716994959,1.465125368895463,-11.0));
#4538=DIRECTION('',(0.0,0.0,-1.0));
#4539=VECTOR('',#4538,0.1);
#4540=LINE('',#4537,#4539);
#4541=EDGE_CURVE('',#4514,#4530,#4540,.T.);
#4542=ORIENTED_EDGE('',*,*,#4541,.F.);
#4543=EDGE_LOOP('',(#4520,#4528,#4536,#4542));
#4544=FACE_OUTER_BOUND('',#4543,.T.);
#4545=ADVANCED_FACE('',(#4544),#4510,.T.);
#4546=CARTESIAN_POINT('',(-1.483698806912983,1.465125368895463,-11.0));
#4547=DIRECTION('',(0.0,1.0,0.0));
#4548=DIRECTION('',(1.0,0.0,0.0));
#4549=AXIS2_PLACEMENT_3D('',#4546,#4547,#4548);
#4550=PLANE('',#4549);
#4551=CARTESIAN_POINT('',(-1.483698806912983,1.465125368895463,-11.0));
#4552=VERTEX_POINT('',#4551);
#4553=CARTESIAN_POINT('',(-1.105254716994959,1.465125368895463,-11.0));
#4554=DIRECTION('',(-1.0,0.0,0.0));
#4555=VECTOR('',#4554,0.378444089918024);
#4556=LINE('',#4553,#4555);
#4557=EDGE_CURVE('',#4514,#4552,#4556,.T.);
#4558=ORIENTED_EDGE('',*,*,#4557,.F.);
#4559=ORIENTED_EDGE('',*,*,#4541,.T.);
#4560=CARTESIAN_POINT('',(-1.483698806912983,1.465125368895463,-11.100000000000001));
#4561=VERTEX_POINT('',#4560);
#4562=CARTESIAN_POINT('',(-1.483698806912983,1.465125368895463,-11.100000000000001));
#4563=DIRECTION('',(1.0,0.0,0.0));
#4564=VECTOR('',#4563,0.378444089918024);
#4565=LINE('',#4562,#4564);
#4566=EDGE_CURVE('',#4561,#4530,#4565,.T.);
#4567=ORIENTED_EDGE('',*,*,#4566,.F.);
#4568=CARTESIAN_POINT('',(-1.483698806912983,1.465125368895463,-11.0));
#4569=DIRECTION('',(0.0,0.0,-1.0));
#4570=VECTOR('',#4569,0.1);
#4571=LINE('',#4568,#4570);
#4572=EDGE_CURVE('',#4552,#4561,#4571,.T.);
#4573=ORIENTED_EDGE('',*,*,#4572,.F.);
#4574=EDGE_LOOP('',(#4558,#4559,#4567,#4573));
#4575=FACE_OUTER_BOUND('',#4574,.T.);
#4576=ADVANCED_FACE('',(#4575),#4550,.T.);
#4577=CARTESIAN_POINT('',(-1.483698806912983,1.343569451362907,-11.0));
#4578=DIRECTION('',(-1.0,0.0,0.0));
#4579=DIRECTION('',(0.0,1.0,0.0));
#4580=AXIS2_PLACEMENT_3D('',#4577,#4578,#4579);
#4581=PLANE('',#4580);
#4582=CARTESIAN_POINT('',(-1.483698806912983,1.343569451362907,-11.0));
#4583=VERTEX_POINT('',#4582);
#4584=CARTESIAN_POINT('',(-1.483698806912983,1.465125368895463,-11.0));
#4585=DIRECTION('',(0.0,-1.0,0.0));
#4586=VECTOR('',#4585,0.121555917532556);
#4587=LINE('',#4584,#4586);
#4588=EDGE_CURVE('',#4552,#4583,#4587,.T.);
#4589=ORIENTED_EDGE('',*,*,#4588,.F.);
#4590=ORIENTED_EDGE('',*,*,#4572,.T.);
#4591=CARTESIAN_POINT('',(-1.483698806912983,1.343569451362907,-11.100000000000001));
#4592=VERTEX_POINT('',#4591);
#4593=CARTESIAN_POINT('',(-1.483698806912983,1.343569451362906,-11.100000000000001));
#4594=DIRECTION('',(0.0,1.0,0.0));
#4595=VECTOR('',#4594,0.121555917532556);
#4596=LINE('',#4593,#4595);
#4597=EDGE_CURVE('',#4592,#4561,#4596,.T.);
#4598=ORIENTED_EDGE('',*,*,#4597,.F.);
#4599=CARTESIAN_POINT('',(-1.483698806912983,1.343569451362907,-11.0));
#4600=DIRECTION('',(0.0,0.0,-1.0));
#4601=VECTOR('',#4600,0.1);
#4602=LINE('',#4599,#4601);
#4603=EDGE_CURVE('',#4583,#4592,#4602,.T.);
#4604=ORIENTED_EDGE('',*,*,#4603,.F.);
#4605=EDGE_LOOP('',(#4589,#4590,#4598,#4604));
#4606=FACE_OUTER_BOUND('',#4605,.T.);
#4607=ADVANCED_FACE('',(#4606),#4581,.T.);
#4608=CARTESIAN_POINT('',(-1.105254716994959,1.343569451362907,-11.0));
#4609=DIRECTION('',(0.0,-1.0,0.0));
#4610=DIRECTION('',(-1.0,0.0,0.0));
#4611=AXIS2_PLACEMENT_3D('',#4608,#4609,#4610);
#4612=PLANE('',#4611);
#4613=CARTESIAN_POINT('',(-1.483698806912983,1.343569451362907,-11.0));
#4614=DIRECTION('',(1.0,0.0,0.0));
#4615=VECTOR('',#4614,0.378444089918024);
#4616=LINE('',#4613,#4615);
#4617=EDGE_CURVE('',#4583,#4512,#4616,.T.);
#4618=ORIENTED_EDGE('',*,*,#4617,.F.);
#4619=ORIENTED_EDGE('',*,*,#4603,.T.);
#4620=CARTESIAN_POINT('',(-1.105254716994959,1.343569451362907,-11.100000000000001));
#4621=DIRECTION('',(-1.0,0.0,0.0));
#4622=VECTOR('',#4621,0.378444089918024);
#4623=LINE('',#4620,#4622);
#4624=EDGE_CURVE('',#4522,#4592,#4623,.T.);
#4625=ORIENTED_EDGE('',*,*,#4624,.F.);
#4626=ORIENTED_EDGE('',*,*,#4527,.F.);
#4627=EDGE_LOOP('',(#4618,#4619,#4625,#4626));
#4628=FACE_OUTER_BOUND('',#4627,.T.);
#4629=ADVANCED_FACE('',(#4628),#4612,.T.);
#4630=CARTESIAN_POINT('',(-1.294476761953971,1.404347410129184,-11.099999999999998));
#4631=DIRECTION('',(0.0,0.0,1.0));
#4632=DIRECTION('',(1.0,0.0,0.0));
#4633=AXIS2_PLACEMENT_3D('',#4630,#4631,#4632);
#4634=PLANE('',#4633);
#4635=ORIENTED_EDGE('',*,*,#4624,.T.);
#4636=ORIENTED_EDGE('',*,*,#4597,.T.);
#4637=ORIENTED_EDGE('',*,*,#4566,.T.);
#4638=ORIENTED_EDGE('',*,*,#4535,.T.);
#4639=EDGE_LOOP('',(#4635,#4636,#4637,#4638));
#4640=FACE_OUTER_BOUND('',#4639,.T.);
#4641=ADVANCED_FACE('',(#4640),#4634,.F.);
#4642=CARTESIAN_POINT('',(-2.676567544299133,1.108561344133298,-11.0));
#4643=DIRECTION('',(1.0,0.0,0.0));
#4644=DIRECTION('',(0.0,-1.0,0.0));
#4645=AXIS2_PLACEMENT_3D('',#4642,#4643,#4644);
#4646=PLANE('',#4645);
#4647=CARTESIAN_POINT('',(-2.676567544299133,0.966746107011983,-11.0));
#4648=VERTEX_POINT('',#4647);
#4649=CARTESIAN_POINT('',(-2.676567544299133,1.108561344133298,-11.0));
#4650=VERTEX_POINT('',#4649);
#4651=CARTESIAN_POINT('',(-2.676567544299133,0.966746107011983,-11.0));
#4652=DIRECTION('',(0.0,1.0,0.0));
#4653=VECTOR('',#4652,0.141815237121315);
#4654=LINE('',#4651,#4653);
#4655=EDGE_CURVE('',#4648,#4650,#4654,.T.);
#4656=ORIENTED_EDGE('',*,*,#4655,.F.);
#4657=CARTESIAN_POINT('',(-2.676567544299133,0.966746107011983,-11.100000000000001));
#4658=VERTEX_POINT('',#4657);
#4659=CARTESIAN_POINT('',(-2.676567544299133,0.966746107011983,-11.0));
#4660=DIRECTION('',(0.0,0.0,-1.0));
#4661=VECTOR('',#4660,0.1);
#4662=LINE('',#4659,#4661);
#4663=EDGE_CURVE('',#4648,#4658,#4662,.T.);
#4664=ORIENTED_EDGE('',*,*,#4663,.T.);
#4665=CARTESIAN_POINT('',(-2.676567544299133,1.108561344133298,-11.100000000000001));
#4666=VERTEX_POINT('',#4665);
#4667=CARTESIAN_POINT('',(-2.676567544299133,1.108561344133298,-11.100000000000001));
#4668=DIRECTION('',(0.0,-1.0,0.0));
#4669=VECTOR('',#4668,0.141815237121315);
#4670=LINE('',#4667,#4669);
#4671=EDGE_CURVE('',#4666,#4658,#4670,.T.);
#4672=ORIENTED_EDGE('',*,*,#4671,.F.);
#4673=CARTESIAN_POINT('',(-2.676567544299133,1.108561344133298,-11.0));
#4674=DIRECTION('',(0.0,0.0,-1.0));
#4675=VECTOR('',#4674,0.1);
#4676=LINE('',#4673,#4675);
#4677=EDGE_CURVE('',#4650,#4666,#4676,.T.);
#4678=ORIENTED_EDGE('',*,*,#4677,.F.);
#4679=EDGE_LOOP('',(#4656,#4664,#4672,#4678));
#4680=FACE_OUTER_BOUND('',#4679,.T.);
#4681=ADVANCED_FACE('',(#4680),#4646,.T.);
#4682=CARTESIAN_POINT('',(-2.918058633797145,1.349242060847759,-11.0));
#4683=CARTESIAN_POINT('',(-2.861332538948618,1.28684335651438,-11.0));
#4684=CARTESIAN_POINT('',(-2.743018112550264,1.170960048466677,-11.0));
#4685=CARTESIAN_POINT('',(-2.676567544299133,1.108561344133298,-11.0));
#4686=CARTESIAN_POINT('',(-2.918058633797145,1.349242060847759,-11.100000000000001));
#4687=CARTESIAN_POINT('',(-2.861332538948618,1.28684335651438,-11.100000000000001));
#4688=CARTESIAN_POINT('',(-2.743018112550264,1.170960048466677,-11.100000000000001));
#4689=CARTESIAN_POINT('',(-2.676567544299133,1.108561344133298,-11.100000000000001));
#4690=B_SPLINE_SURFACE_WITH_KNOTS('',2,1,((#4682,#4686),(#4683,#4687),(#4684,#4688),(#4685,#4689)),.UNSPECIFIED.,.F.,.F.,.F.,(3,1,3),(2,2),(-2.0,-1.0,0.0),(0.0,0.01),.UNSPECIFIED.);
#4691=CARTESIAN_POINT('',(-2.918058633797145,1.349242060847759,-11.0));
#4692=VERTEX_POINT('',#4691);
#4693=CARTESIAN_POINT('',(-2.676567544299133,1.108561344133298,-11.0));
#4694=CARTESIAN_POINT('',(-2.743018112550264,1.170960048466677,-11.0));
#4695=CARTESIAN_POINT('',(-2.861332538948618,1.28684335651438,-11.0));
#4696=CARTESIAN_POINT('',(-2.918058633797145,1.349242060847759,-11.0));
#4697=QUASI_UNIFORM_CURVE('',2,(#4693,#4694,#4695,#4696),.UNSPECIFIED.,.F.,.U.);
#4698=EDGE_CURVE('',#4650,#4692,#4697,.T.);
#4699=ORIENTED_EDGE('',*,*,#4698,.F.);
#4700=ORIENTED_EDGE('',*,*,#4677,.T.);
#4701=CARTESIAN_POINT('',(-2.918058633797145,1.349242060847759,-11.100000000000001));
#4702=VERTEX_POINT('',#4701);
#4703=CARTESIAN_POINT('',(-2.918058633797145,1.349242060847759,-11.100000000000001));
#4704=CARTESIAN_POINT('',(-2.861332538948618,1.28684335651438,-11.100000000000001));
#4705=CARTESIAN_POINT('',(-2.743018112550264,1.170960048466677,-11.100000000000001));
#4706=CARTESIAN_POINT('',(-2.676567544299133,1.108561344133298,-11.100000000000001));
#4707=QUASI_UNIFORM_CURVE('',2,(#4703,#4704,#4705,#4706),.UNSPECIFIED.,.F.,.U.);
#4708=EDGE_CURVE('',#4702,#4666,#4707,.T.);
#4709=ORIENTED_EDGE('',*,*,#4708,.F.);
#4710=CARTESIAN_POINT('',(-2.918058633797145,1.349242060847759,-11.0));
#4711=DIRECTION('',(0.0,0.0,-1.0));
#4712=VECTOR('',#4711,0.1);
#4713=LINE('',#4710,#4712);
#4714=EDGE_CURVE('',#4692,#4702,#4713,.T.);
#4715=ORIENTED_EDGE('',*,*,#4714,.F.);
#4716=EDGE_LOOP('',(#4699,#4700,#4709,#4715));
#4717=FACE_OUTER_BOUND('',#4716,.T.);
#4718=ADVANCED_FACE('',(#4717),#4690,.T.);
#4719=CARTESIAN_POINT('',(-3.115789592983436,1.705806085609924,-11.0));
#4720=CARTESIAN_POINT('',(-3.115789592983436,1.625579180038437,-11.0));
#4721=CARTESIAN_POINT('',(-3.032321196277747,1.474849842298067,-11.0));
#4722=CARTESIAN_POINT('',(-2.918058633797145,1.349242060847759,-11.0));
#4723=CARTESIAN_POINT('',(-3.115789592983436,1.705806085609924,-11.100000000000001));
#4724=CARTESIAN_POINT('',(-3.115789592983436,1.625579180038437,-11.100000000000001));
#4725=CARTESIAN_POINT('',(-3.032321196277747,1.474849842298067,-11.100000000000001));
#4726=CARTESIAN_POINT('',(-2.918058633797145,1.349242060847759,-11.100000000000001));
#4727=B_SPLINE_SURFACE_WITH_KNOTS('',2,1,((#4719,#4723),(#4720,#4724),(#4721,#4725),(#4722,#4726)),.UNSPECIFIED.,.F.,.F.,.F.,(3,1,3),(2,2),(-2.0,-1.0,0.0),(0.0,0.01),.UNSPECIFIED.);
#4728=CARTESIAN_POINT('',(-3.115789592983436,1.705806085609924,-11.0));
#4729=VERTEX_POINT('',#4728);
#4730=CARTESIAN_POINT('',(-2.918058633797145,1.349242060847759,-11.0));
#4731=CARTESIAN_POINT('',(-3.032321196277747,1.474849842298067,-11.0));
#4732=CARTESIAN_POINT('',(-3.115789592983436,1.625579180038437,-11.0));
#4733=CARTESIAN_POINT('',(-3.115789592983436,1.705806085609924,-11.0));
#4734=QUASI_UNIFORM_CURVE('',2,(#4730,#4731,#4732,#4733),.UNSPECIFIED.,.F.,.U.);
#4735=EDGE_CURVE('',#4692,#4729,#4734,.T.);
#4736=ORIENTED_EDGE('',*,*,#4735,.F.);
#4737=ORIENTED_EDGE('',*,*,#4714,.T.);
#4738=CARTESIAN_POINT('',(-3.115789592983436,1.705806085609924,-11.100000000000001));
#4739=VERTEX_POINT('',#4738);
#4740=CARTESIAN_POINT('',(-3.115789592983436,1.705806085609924,-11.100000000000001));
#4741=CARTESIAN_POINT('',(-3.115789592983436,1.625579180038437,-11.100000000000001));
#4742=CARTESIAN_POINT('',(-3.032321196277747,1.474849842298067,-11.100000000000001));
#4743=CARTESIAN_POINT('',(-2.918058633797145,1.349242060847759,-11.100000000000001));
#4744=QUASI_UNIFORM_CURVE('',2,(#4740,#4741,#4742,#4743),.UNSPECIFIED.,.F.,.U.);
#4745=EDGE_CURVE('',#4739,#4702,#4744,.T.);
#4746=ORIENTED_EDGE('',*,*,#4745,.F.);
#4747=CARTESIAN_POINT('',(-3.115789592983436,1.705806085609924,-11.0));
#4748=DIRECTION('',(0.0,0.0,-1.0));
#4749=VECTOR('',#4748,0.1);
#4750=LINE('',#4747,#4749);
#4751=EDGE_CURVE('',#4729,#4739,#4750,.T.);
#4752=ORIENTED_EDGE('',*,*,#4751,.F.);
#4753=EDGE_LOOP('',(#4736,#4737,#4746,#4752));
#4754=FACE_OUTER_BOUND('',#4753,.T.);
#4755=ADVANCED_FACE('',(#4754),#4727,.T.);
#4756=CARTESIAN_POINT('',(-3.066356853186862,1.831413867060232,-11.0));
#4757=CARTESIAN_POINT('',(-3.089857663909823,1.811154547471472,-11.0));
#4758=CARTESIAN_POINT('',(-3.115789592983436,1.747945470354543,-11.0));
#4759=CARTESIAN_POINT('',(-3.115789592983436,1.705806085609924,-11.0));
#4760=CARTESIAN_POINT('',(-3.066356853186862,1.831413867060232,-11.100000000000001));
#4761=CARTESIAN_POINT('',(-3.089857663909823,1.811154547471472,-11.100000000000001));
#4762=CARTESIAN_POINT('',(-3.115789592983436,1.747945470354543,-11.100000000000001));
#4763=CARTESIAN_POINT('',(-3.115789592983436,1.705806085609924,-11.100000000000001));
#4764=B_SPLINE_SURFACE_WITH_KNOTS('',2,1,((#4756,#4760),(#4757,#4761),(#4758,#4762),(#4759,#4763)),.UNSPECIFIED.,.F.,.F.,.F.,(3,1,3),(2,2),(-2.0,-1.0,0.0),(0.0,0.01),.UNSPECIFIED.);
#4765=CARTESIAN_POINT('',(-3.066356853186862,1.831413867060232,-11.0));
#4766=VERTEX_POINT('',#4765);
#4767=CARTESIAN_POINT('',(-3.115789592983436,1.705806085609924,-11.0));
#4768=CARTESIAN_POINT('',(-3.115789592983436,1.747945470354543,-11.0));
#4769=CARTESIAN_POINT('',(-3.089857663909823,1.811154547471472,-11.0));
#4770=CARTESIAN_POINT('',(-3.066356853186862,1.831413867060232,-11.0));
#4771=QUASI_UNIFORM_CURVE('',2,(#4767,#4768,#4769,#4770),.UNSPECIFIED.,.F.,.U.);
#4772=EDGE_CURVE('',#4729,#4766,#4771,.T.);
#4773=ORIENTED_EDGE('',*,*,#4772,.F.);
#4774=ORIENTED_EDGE('',*,*,#4751,.T.);
#4775=CARTESIAN_POINT('',(-3.066356853186862,1.831413867060232,-11.100000000000001));
#4776=VERTEX_POINT('',#4775);
#4777=CARTESIAN_POINT('',(-3.066356853186862,1.831413867060232,-11.100000000000001));
#4778=CARTESIAN_POINT('',(-3.089857663909823,1.811154547471472,-11.100000000000001));
#4779=CARTESIAN_POINT('',(-3.115789592983436,1.747945470354543,-11.100000000000001));
#4780=CARTESIAN_POINT('',(-3.115789592983436,1.705806085609924,-11.100000000000001));
#4781=QUASI_UNIFORM_CURVE('',2,(#4777,#4778,#4779,#4780),.UNSPECIFIED.,.F.,.U.);
#4782=EDGE_CURVE('',#4776,#4739,#4781,.T.);
#4783=ORIENTED_EDGE('',*,*,#4782,.F.);
#4784=CARTESIAN_POINT('',(-3.066356853186862,1.831413867060232,-11.0));
#4785=DIRECTION('',(0.0,0.0,-1.0));
#4786=VECTOR('',#4785,0.1);
#4787=LINE('',#4784,#4786);
#4788=EDGE_CURVE('',#4766,#4776,#4787,.T.);
#4789=ORIENTED_EDGE('',*,*,#4788,.F.);
#4790=EDGE_LOOP('',(#4773,#4774,#4783,#4789));
#4791=FACE_OUTER_BOUND('',#4790,.T.);
#4792=ADVANCED_FACE('',(#4791),#4764,.T.);
#4793=CARTESIAN_POINT('',(-2.943990562870755,1.87193250623775,-11.0));
#4794=CARTESIAN_POINT('',(-2.981267710914073,1.87193250623775,-11.0));
#4795=CARTESIAN_POINT('',(-3.042856042463902,1.851673186648991,-11.0));
#4796=CARTESIAN_POINT('',(-3.066356853186862,1.831413867060232,-11.0));
#4797=CARTESIAN_POINT('',(-2.943990562870755,1.87193250623775,-11.100000000000001));
#4798=CARTESIAN_POINT('',(-2.981267710914073,1.87193250623775,-11.100000000000001));
#4799=CARTESIAN_POINT('',(-3.042856042463902,1.851673186648991,-11.100000000000001));
#4800=CARTESIAN_POINT('',(-3.066356853186862,1.831413867060232,-11.100000000000001));
#4801=B_SPLINE_SURFACE_WITH_KNOTS('',2,1,((#4793,#4797),(#4794,#4798),(#4795,#4799),(#4796,#4800)),.UNSPECIFIED.,.F.,.F.,.F.,(3,1,3),(2,2),(-2.0,-1.0,0.0),(0.0,0.01),.UNSPECIFIED.);
#4802=CARTESIAN_POINT('',(-2.943990562870755,1.87193250623775,-11.0));
#4803=VERTEX_POINT('',#4802);
#4804=CARTESIAN_POINT('',(-3.066356853186862,1.831413867060232,-11.0));
#4805=CARTESIAN_POINT('',(-3.042856042463902,1.851673186648991,-11.0));
#4806=CARTESIAN_POINT('',(-2.981267710914073,1.87193250623775,-11.0));
#4807=CARTESIAN_POINT('',(-2.943990562870755,1.87193250623775,-11.0));
#4808=QUASI_UNIFORM_CURVE('',2,(#4804,#4805,#4806,#4807),.UNSPECIFIED.,.F.,.U.);
#4809=EDGE_CURVE('',#4766,#4803,#4808,.T.);
#4810=ORIENTED_EDGE('',*,*,#4809,.F.);
#4811=ORIENTED_EDGE('',*,*,#4788,.T.);
#4812=CARTESIAN_POINT('',(-2.943990562870755,1.87193250623775,-11.100000000000001));
#4813=VERTEX_POINT('',#4812);
#4814=CARTESIAN_POINT('',(-2.943990562870755,1.87193250623775,-11.100000000000001));
#4815=CARTESIAN_POINT('',(-2.981267710914073,1.87193250623775,-11.100000000000001));
#4816=CARTESIAN_POINT('',(-3.042856042463902,1.851673186648991,-11.100000000000001));
#4817=CARTESIAN_POINT('',(-3.066356853186862,1.831413867060232,-11.100000000000001));
#4818=QUASI_UNIFORM_CURVE('',2,(#4814,#4815,#4816,#4817),.UNSPECIFIED.,.F.,.U.);
#4819=EDGE_CURVE('',#4813,#4776,#4818,.T.);
#4820=ORIENTED_EDGE('',*,*,#4819,.F.);
#4821=CARTESIAN_POINT('',(-2.943990562870755,1.87193250623775,-11.0));
#4822=DIRECTION('',(0.0,0.0,-1.0));
#4823=VECTOR('',#4822,0.1);
#4824=LINE('',#4821,#4823);
#4825=EDGE_CURVE('',#4803,#4813,#4824,.T.);
#4826=ORIENTED_EDGE('',*,*,#4825,.F.);
#4827=EDGE_LOOP('',(#4810,#4811,#4820,#4826));
#4828=FACE_OUTER_BOUND('',#4827,.T.);
#4829=ADVANCED_FACE('',(#4828),#4801,.T.);
#4830=CARTESIAN_POINT('',(-2.802175325749441,1.840327967679286,-11.0));
#4831=CARTESIAN_POINT('',(-2.835400609875007,1.854104304999642,-11.0));
#4832=CARTESIAN_POINT('',(-2.908334160394539,1.87193250623775,-11.0));
#4833=CARTESIAN_POINT('',(-2.943990562870755,1.87193250623775,-11.0));
#4834=CARTESIAN_POINT('',(-2.802175325749441,1.840327967679286,-11.100000000000001));
#4835=CARTESIAN_POINT('',(-2.835400609875007,1.854104304999642,-11.100000000000001));
#4836=CARTESIAN_POINT('',(-2.908334160394539,1.87193250623775,-11.100000000000001));
#4837=CARTESIAN_POINT('',(-2.943990562870755,1.87193250623775,-11.100000000000001));
#4838=B_SPLINE_SURFACE_WITH_KNOTS('',2,1,((#4830,#4834),(#4831,#4835),(#4832,#4836),(#4833,#4837)),.UNSPECIFIED.,.F.,.F.,.F.,(3,1,3),(2,2),(-2.0,-1.0,0.0),(0.0,0.01),.UNSPECIFIED.);
#4839=CARTESIAN_POINT('',(-2.802175325749441,1.840327967679285,-11.0));
#4840=VERTEX_POINT('',#4839);
#4841=CARTESIAN_POINT('',(-2.943990562870755,1.87193250623775,-11.0));
#4842=CARTESIAN_POINT('',(-2.908334160394539,1.87193250623775,-11.0));
#4843=CARTESIAN_POINT('',(-2.835400609875007,1.854104304999642,-11.0));
#4844=CARTESIAN_POINT('',(-2.802175325749441,1.840327967679286,-11.0));
#4845=QUASI_UNIFORM_CURVE('',2,(#4841,#4842,#4843,#4844),.UNSPECIFIED.,.F.,.U.);
#4846=EDGE_CURVE('',#4803,#4840,#4845,.T.);
#4847=ORIENTED_EDGE('',*,*,#4846,.F.);
#4848=ORIENTED_EDGE('',*,*,#4825,.T.);
#4849=CARTESIAN_POINT('',(-2.802175325749441,1.840327967679285,-11.100000000000001));
#4850=VERTEX_POINT('',#4849);
#4851=CARTESIAN_POINT('',(-2.802175325749441,1.840327967679286,-11.100000000000001));
#4852=CARTESIAN_POINT('',(-2.835400609875007,1.854104304999642,-11.100000000000001));
#4853=CARTESIAN_POINT('',(-2.908334160394539,1.87193250623775,-11.100000000000001));
#4854=CARTESIAN_POINT('',(-2.943990562870755,1.87193250623775,-11.100000000000001));
#4855=QUASI_UNIFORM_CURVE('',2,(#4851,#4852,#4853,#4854),.UNSPECIFIED.,.F.,.U.);
#4856=EDGE_CURVE('',#4850,#4813,#4855,.T.);
#4857=ORIENTED_EDGE('',*,*,#4856,.F.);
#4858=CARTESIAN_POINT('',(-2.802175325749441,1.840327967679285,-11.0));
#4859=DIRECTION('',(0.0,0.0,-1.0));
#4860=VECTOR('',#4859,0.1);
#4861=LINE('',#4858,#4860);
#4862=EDGE_CURVE('',#4840,#4850,#4861,.T.);
#4863=ORIENTED_EDGE('',*,*,#4862,.F.);
#4864=EDGE_LOOP('',(#4847,#4848,#4857,#4863));
#4865=FACE_OUTER_BOUND('',#4864,.T.);
#4866=ADVANCED_FACE('',(#4865),#4838,.T.);
#4867=CARTESIAN_POINT('',(-2.704930591723396,1.78522261839786,-11.0));
#4868=CARTESIAN_POINT('',(-2.721138047394403,1.796567837367566,-11.0));
#4869=CARTESIAN_POINT('',(-2.773812278325178,1.82898274870958,-11.0));
#4870=CARTESIAN_POINT('',(-2.802175325749441,1.840327967679286,-11.0));
#4871=CARTESIAN_POINT('',(-2.704930591723396,1.78522261839786,-11.100000000000001));
#4872=CARTESIAN_POINT('',(-2.721138047394403,1.796567837367566,-11.100000000000001));
#4873=CARTESIAN_POINT('',(-2.773812278325178,1.82898274870958,-11.100000000000001));
#4874=CARTESIAN_POINT('',(-2.802175325749441,1.840327967679286,-11.100000000000001));
#4875=B_SPLINE_SURFACE_WITH_KNOTS('',2,1,((#4867,#4871),(#4868,#4872),(#4869,#4873),(#4870,#4874)),.UNSPECIFIED.,.F.,.F.,.F.,(3,1,3),(2,2),(-2.0,-1.0,0.0),(0.0,0.01),.UNSPECIFIED.);
#4876=CARTESIAN_POINT('',(-2.704930591723396,1.78522261839786,-11.0));
#4877=VERTEX_POINT('',#4876);
#4878=CARTESIAN_POINT('',(-2.802175325749441,1.840327967679286,-11.0));
#4879=CARTESIAN_POINT('',(-2.773812278325178,1.82898274870958,-11.0));
#4880=CARTESIAN_POINT('',(-2.721138047394403,1.796567837367566,-11.0));
#4881=CARTESIAN_POINT('',(-2.704930591723396,1.78522261839786,-11.0));
#4882=QUASI_UNIFORM_CURVE('',2,(#4878,#4879,#4880,#4881),.UNSPECIFIED.,.F.,.U.);
#4883=EDGE_CURVE('',#4840,#4877,#4882,.T.);
#4884=ORIENTED_EDGE('',*,*,#4883,.F.);
#4885=ORIENTED_EDGE('',*,*,#4862,.T.);
#4886=CARTESIAN_POINT('',(-2.704930591723396,1.78522261839786,-11.100000000000001));
#4887=VERTEX_POINT('',#4886);
#4888=CARTESIAN_POINT('',(-2.704930591723396,1.78522261839786,-11.100000000000001));
#4889=CARTESIAN_POINT('',(-2.721138047394403,1.796567837367566,-11.100000000000001));
#4890=CARTESIAN_POINT('',(-2.773812278325178,1.82898274870958,-11.100000000000001));
#4891=CARTESIAN_POINT('',(-2.802175325749441,1.840327967679286,-11.100000000000001));
#4892=QUASI_UNIFORM_CURVE('',2,(#4888,#4889,#4890,#4891),.UNSPECIFIED.,.F.,.U.);
#4893=EDGE_CURVE('',#4887,#4850,#4892,.T.);
#4894=ORIENTED_EDGE('',*,*,#4893,.F.);
#4895=CARTESIAN_POINT('',(-2.704930591723396,1.78522261839786,-11.0));
#4896=DIRECTION('',(0.0,0.0,-1.0));
#4897=VECTOR('',#4896,0.1);
#4898=LINE('',#4895,#4897);
#4899=EDGE_CURVE('',#4877,#4887,#4898,.T.);
#4900=ORIENTED_EDGE('',*,*,#4899,.F.);
#4901=EDGE_LOOP('',(#4884,#4885,#4894,#4900));
#4902=FACE_OUTER_BOUND('',#4901,.T.);
#4903=ADVANCED_FACE('',(#4902),#4875,.T.);
#4904=CARTESIAN_POINT('',(-2.697637236671442,1.78522261839786,-11.0));
#4905=DIRECTION('',(0.0,-1.0,0.0));
#4906=DIRECTION('',(-1.0,0.0,0.0));
#4907=AXIS2_PLACEMENT_3D('',#4904,#4905,#4906);
#4908=PLANE('',#4907);
#4909=CARTESIAN_POINT('',(-2.697637236671442,1.78522261839786,-11.0));
#4910=VERTEX_POINT('',#4909);
#4911=CARTESIAN_POINT('',(-2.704930591723396,1.785222618397861,-11.0));
#4912=DIRECTION('',(1.0,0.0,0.0));
#4913=VECTOR('',#4912,0.007293355051954);
#4914=LINE('',#4911,#4913);
#4915=EDGE_CURVE('',#4877,#4910,#4914,.T.);
#4916=ORIENTED_EDGE('',*,*,#4915,.F.);
#4917=ORIENTED_EDGE('',*,*,#4899,.T.);
#4918=CARTESIAN_POINT('',(-2.697637236671442,1.78522261839786,-11.100000000000001));
#4919=VERTEX_POINT('',#4918);
#4920=CARTESIAN_POINT('',(-2.697637236671442,1.78522261839786,-11.100000000000001));
#4921=DIRECTION('',(-1.0,0.0,0.0));
#4922=VECTOR('',#4921,0.007293355051954);
#4923=LINE('',#4920,#4922);
#4924=EDGE_CURVE('',#4919,#4887,#4923,.T.);
#4925=ORIENTED_EDGE('',*,*,#4924,.F.);
#4926=CARTESIAN_POINT('',(-2.697637236671442,1.78522261839786,-11.0));
#4927=DIRECTION('',(0.0,0.0,-1.0));
#4928=VECTOR('',#4927,0.1);
#4929=LINE('',#4926,#4928);
#4930=EDGE_CURVE('',#4910,#4919,#4929,.T.);
#4931=ORIENTED_EDGE('',*,*,#4930,.F.);
#4932=EDGE_LOOP('',(#4916,#4917,#4925,#4931));
#4933=FACE_OUTER_BOUND('',#4932,.T.);
#4934=ADVANCED_FACE('',(#4933),#4908,.T.);
#4935=CARTESIAN_POINT('',(-2.697637236671442,1.927848228302726,-11.0));
#4936=DIRECTION('',(1.0,0.0,0.0));
#4937=DIRECTION('',(0.0,-1.0,0.0));
#4938=AXIS2_PLACEMENT_3D('',#4935,#4936,#4937);
#4939=PLANE('',#4938);
#4940=CARTESIAN_POINT('',(-2.697637236671442,1.927848228302726,-11.0));
#4941=VERTEX_POINT('',#4940);
#4942=CARTESIAN_POINT('',(-2.697637236671442,1.78522261839786,-11.0));
#4943=DIRECTION('',(0.0,1.0,0.0));
#4944=VECTOR('',#4943,0.142625609904866);
#4945=LINE('',#4942,#4944);
#4946=EDGE_CURVE('',#4910,#4941,#4945,.T.);
#4947=ORIENTED_EDGE('',*,*,#4946,.F.);
#4948=ORIENTED_EDGE('',*,*,#4930,.T.);
#4949=CARTESIAN_POINT('',(-2.697637236671442,1.927848228302726,-11.100000000000001));
#4950=VERTEX_POINT('',#4949);
#4951=CARTESIAN_POINT('',(-2.697637236671442,1.927848228302726,-11.100000000000001));
#4952=DIRECTION('',(0.0,-1.0,0.0));
#4953=VECTOR('',#4952,0.142625609904866);
#4954=LINE('',#4951,#4953);
#4955=EDGE_CURVE('',#4950,#4919,#4954,.T.);
#4956=ORIENTED_EDGE('',*,*,#4955,.F.);
#4957=CARTESIAN_POINT('',(-2.697637236671442,1.927848228302726,-11.0));
#4958=DIRECTION('',(0.0,0.0,-1.0));
#4959=VECTOR('',#4958,0.1);
#4960=LINE('',#4957,#4959);
#4961=EDGE_CURVE('',#4941,#4950,#4960,.T.);
#4962=ORIENTED_EDGE('',*,*,#4961,.F.);
#4963=EDGE_LOOP('',(#4947,#4948,#4956,#4962));
#4964=FACE_OUTER_BOUND('',#4963,.T.);
#4965=ADVANCED_FACE('',(#4964),#4939,.T.);
#4966=CARTESIAN_POINT('',(-2.953715036273361,1.987815814285454,-11.0));
#4967=CARTESIAN_POINT('',(-2.88726446802223,1.987815814285454,-11.0));
#4968=CARTESIAN_POINT('',(-2.738966248632513,1.948107547891486,-11.0));
#4969=CARTESIAN_POINT('',(-2.697637236671442,1.927848228302726,-11.0));
#4970=CARTESIAN_POINT('',(-2.953715036273361,1.987815814285454,-11.100000000000001));
#4971=CARTESIAN_POINT('',(-2.88726446802223,1.987815814285454,-11.100000000000001));
#4972=CARTESIAN_POINT('',(-2.738966248632513,1.948107547891486,-11.100000000000001));
#4973=CARTESIAN_POINT('',(-2.697637236671442,1.927848228302726,-11.100000000000001));
#4974=B_SPLINE_SURFACE_WITH_KNOTS('',2,1,((#4966,#4970),(#4967,#4971),(#4968,#4972),(#4969,#4973)),.UNSPECIFIED.,.F.,.F.,.F.,(3,1,3),(2,2),(-2.0,-1.0,0.0),(0.0,0.01),.UNSPECIFIED.);
#4975=CARTESIAN_POINT('',(-2.953715036273361,1.987815814285454,-11.0));
#4976=VERTEX_POINT('',#4975);
#4977=CARTESIAN_POINT('',(-2.697637236671442,1.927848228302726,-11.0));
#4978=CARTESIAN_POINT('',(-2.738966248632513,1.948107547891486,-11.0));
#4979=CARTESIAN_POINT('',(-2.88726446802223,1.987815814285454,-11.0));
#4980=CARTESIAN_POINT('',(-2.953715036273361,1.987815814285454,-11.0));
#4981=QUASI_UNIFORM_CURVE('',2,(#4977,#4978,#4979,#4980),.UNSPECIFIED.,.F.,.U.);
#4982=EDGE_CURVE('',#4941,#4976,#4981,.T.);
#4983=ORIENTED_EDGE('',*,*,#4982,.F.);
#4984=ORIENTED_EDGE('',*,*,#4961,.T.);
#4985=CARTESIAN_POINT('',(-2.953715036273361,1.987815814285454,-11.100000000000001));
#4986=VERTEX_POINT('',#4985);
#4987=CARTESIAN_POINT('',(-2.953715036273361,1.987815814285454,-11.100000000000001));
#4988=CARTESIAN_POINT('',(-2.88726446802223,1.987815814285454,-11.100000000000001));
#4989=CARTESIAN_POINT('',(-2.738966248632513,1.948107547891486,-11.100000000000001));
#4990=CARTESIAN_POINT('',(-2.697637236671442,1.927848228302726,-11.100000000000001));
#4991=QUASI_UNIFORM_CURVE('',2,(#4987,#4988,#4989,#4990),.UNSPECIFIED.,.F.,.U.);
#4992=EDGE_CURVE('',#4986,#4950,#4991,.T.);
#4993=ORIENTED_EDGE('',*,*,#4992,.F.);
#4994=CARTESIAN_POINT('',(-2.953715036273361,1.987815814285454,-11.0));
#4995=DIRECTION('',(0.0,0.0,-1.0));
#4996=VECTOR('',#4995,0.1);
#4997=LINE('',#4994,#4996);
#4998=EDGE_CURVE('',#4976,#4986,#4997,.T.);
#4999=ORIENTED_EDGE('',*,*,#4998,.F.);
#5000=EDGE_LOOP('',(#4983,#4984,#4993,#4999));
#5001=FACE_OUTER_BOUND('',#5000,.T.);
#5002=ADVANCED_FACE('',(#5001),#4974,.T.);
#5003=CARTESIAN_POINT('',(-3.251932220619898,1.713099440661877,-11.0));
#5004=CARTESIAN_POINT('',(-3.251932220619898,1.839517594895735,-11.0));
#5005=CARTESIAN_POINT('',(-3.093909527827576,1.987815814285454,-11.0));
#5006=CARTESIAN_POINT('',(-2.953715036273361,1.987815814285454,-11.0));
#5007=CARTESIAN_POINT('',(-3.251932220619898,1.713099440661877,-11.100000000000001));
#5008=CARTESIAN_POINT('',(-3.251932220619898,1.839517594895735,-11.100000000000001));
#5009=CARTESIAN_POINT('',(-3.093909527827576,1.987815814285454,-11.100000000000001));
#5010=CARTESIAN_POINT('',(-2.953715036273361,1.987815814285454,-11.100000000000001));
#5011=B_SPLINE_SURFACE_WITH_KNOTS('',2,1,((#5003,#5007),(#5004,#5008),(#5005,#5009),(#5006,#5010)),.UNSPECIFIED.,.F.,.F.,.F.,(3,1,3),(2,2),(-2.0,-1.0,0.0),(0.0,0.01),.UNSPECIFIED.);
#5012=CARTESIAN_POINT('',(-3.251932220619898,1.713099440661877,-11.0));
#5013=VERTEX_POINT('',#5012);
#5014=CARTESIAN_POINT('',(-2.953715036273361,1.987815814285454,-11.0));
#5015=CARTESIAN_POINT('',(-3.093909527827576,1.987815814285454,-11.0));
#5016=CARTESIAN_POINT('',(-3.251932220619898,1.839517594895735,-11.0));
#5017=CARTESIAN_POINT('',(-3.251932220619898,1.713099440661877,-11.0));
#5018=QUASI_UNIFORM_CURVE('',2,(#5014,#5015,#5016,#5017),.UNSPECIFIED.,.F.,.U.);
#5019=EDGE_CURVE('',#4976,#5013,#5018,.T.);
#5020=ORIENTED_EDGE('',*,*,#5019,.F.);
#5021=ORIENTED_EDGE('',*,*,#4998,.T.);
#5022=CARTESIAN_POINT('',(-3.251932220619898,1.713099440661877,-11.100000000000001));
#5023=VERTEX_POINT('',#5022);
#5024=CARTESIAN_POINT('',(-3.251932220619898,1.713099440661877,-11.100000000000001));
#5025=CARTESIAN_POINT('',(-3.251932220619898,1.839517594895735,-11.100000000000001));
#5026=CARTESIAN_POINT('',(-3.093909527827576,1.987815814285454,-11.100000000000001));
#5027=CARTESIAN_POINT('',(-2.953715036273361,1.987815814285454,-11.100000000000001));
#5028=QUASI_UNIFORM_CURVE('',2,(#5024,#5025,#5026,#5027),.UNSPECIFIED.,.F.,.U.);
#5029=EDGE_CURVE('',#5023,#4986,#5028,.T.);
#5030=ORIENTED_EDGE('',*,*,#5029,.F.);
#5031=CARTESIAN_POINT('',(-3.251932220619898,1.713099440661877,-11.0));
#5032=DIRECTION('',(0.0,0.0,-1.0));
#5033=VECTOR('',#5032,0.1);
#5034=LINE('',#5031,#5033);
#5035=EDGE_CURVE('',#5013,#5023,#5034,.T.);
#5036=ORIENTED_EDGE('',*,*,#5035,.F.);
#5037=EDGE_LOOP('',(#5020,#5021,#5030,#5036));
#5038=FACE_OUTER_BOUND('',#5037,.T.);
#5039=ADVANCED_FACE('',(#5038),#5011,.T.);
#5040=CARTESIAN_POINT('',(-3.200068362472675,1.512937363124935,-11.0));
#5041=CARTESIAN_POINT('',(-3.224379545979186,1.555076747869554,-11.0));
#5042=CARTESIAN_POINT('',(-3.251932220619898,1.6539422274627,-11.0));
#5043=CARTESIAN_POINT('',(-3.251932220619898,1.713099440661877,-11.0));
#5044=CARTESIAN_POINT('',(-3.200068362472675,1.512937363124935,-11.100000000000001));
#5045=CARTESIAN_POINT('',(-3.224379545979186,1.555076747869554,-11.100000000000001));
#5046=CARTESIAN_POINT('',(-3.251932220619898,1.6539422274627,-11.100000000000001));
#5047=CARTESIAN_POINT('',(-3.251932220619898,1.713099440661877,-11.100000000000001));
#5048=B_SPLINE_SURFACE_WITH_KNOTS('',2,1,((#5040,#5044),(#5041,#5045),(#5042,#5046),(#5043,#5047)),.UNSPECIFIED.,.F.,.F.,.F.,(3,1,3),(2,2),(-2.0,-1.0,0.0),(0.0,0.01),.UNSPECIFIED.);
#5049=CARTESIAN_POINT('',(-3.200068362472674,1.512937363124935,-11.0));
#5050=VERTEX_POINT('',#5049);
#5051=CARTESIAN_POINT('',(-3.251932220619898,1.713099440661877,-11.0));
#5052=CARTESIAN_POINT('',(-3.251932220619898,1.6539422274627,-11.0));
#5053=CARTESIAN_POINT('',(-3.224379545979186,1.555076747869554,-11.0));
#5054=CARTESIAN_POINT('',(-3.200068362472675,1.512937363124935,-11.0));
#5055=QUASI_UNIFORM_CURVE('',2,(#5051,#5052,#5053,#5054),.UNSPECIFIED.,.F.,.U.);
#5056=EDGE_CURVE('',#5013,#5050,#5055,.T.);
#5057=ORIENTED_EDGE('',*,*,#5056,.F.);
#5058=ORIENTED_EDGE('',*,*,#5035,.T.);
#5059=CARTESIAN_POINT('',(-3.200068362472674,1.512937363124935,-11.100000000000001));
#5060=VERTEX_POINT('',#5059);
#5061=CARTESIAN_POINT('',(-3.200068362472675,1.512937363124935,-11.100000000000001));
#5062=CARTESIAN_POINT('',(-3.224379545979186,1.555076747869554,-11.100000000000001));
#5063=CARTESIAN_POINT('',(-3.251932220619898,1.6539422274627,-11.100000000000001));
#5064=CARTESIAN_POINT('',(-3.251932220619898,1.713099440661877,-11.100000000000001));
#5065=QUASI_UNIFORM_CURVE('',2,(#5061,#5062,#5063,#5064),.UNSPECIFIED.,.F.,.U.);
#5066=EDGE_CURVE('',#5060,#5023,#5065,.T.);
#5067=ORIENTED_EDGE('',*,*,#5066,.F.);
#5068=CARTESIAN_POINT('',(-3.200068362472674,1.512937363124935,-11.0));
#5069=DIRECTION('',(0.0,0.0,-1.0));
#5070=VECTOR('',#5069,0.1);
#5071=LINE('',#5068,#5070);
#5072=EDGE_CURVE('',#5050,#5060,#5071,.T.);
#5073=ORIENTED_EDGE('',*,*,#5072,.F.);
#5074=EDGE_LOOP('',(#5057,#5058,#5067,#5073));
#5075=FACE_OUTER_BOUND('',#5074,.T.);
#5076=ADVANCED_FACE('',(#5075),#5048,.T.);
#5077=CARTESIAN_POINT('',(-3.066356853186862,1.341948705795806,-11.0));
#5078=CARTESIAN_POINT('',(-3.105254746797281,1.383277717756875,-11.0));
#5079=CARTESIAN_POINT('',(-3.175757178966163,1.469177232813215,-11.0));
#5080=CARTESIAN_POINT('',(-3.200068362472675,1.512937363124935,-11.0));
#5081=CARTESIAN_POINT('',(-3.066356853186862,1.341948705795806,-11.100000000000001));
#5082=CARTESIAN_POINT('',(-3.105254746797281,1.383277717756875,-11.100000000000001));
#5083=CARTESIAN_POINT('',(-3.175757178966163,1.469177232813215,-11.100000000000001));
#5084=CARTESIAN_POINT('',(-3.200068362472675,1.512937363124935,-11.100000000000001));
#5085=B_SPLINE_SURFACE_WITH_KNOTS('',2,1,((#5077,#5081),(#5078,#5082),(#5079,#5083),(#5080,#5084)),.UNSPECIFIED.,.F.,.F.,.F.,(3,1,3),(2,2),(-2.0,-1.0,0.0),(0.0,0.01),.UNSPECIFIED.);
#5086=CARTESIAN_POINT('',(-3.066356853186862,1.341948705795806,-11.0));
#5087=VERTEX_POINT('',#5086);
#5088=CARTESIAN_POINT('',(-3.200068362472675,1.512937363124935,-11.0));
#5089=CARTESIAN_POINT('',(-3.175757178966163,1.469177232813215,-11.0));
#5090=CARTESIAN_POINT('',(-3.105254746797281,1.383277717756875,-11.0));
#5091=CARTESIAN_POINT('',(-3.066356853186862,1.341948705795806,-11.0));
#5092=QUASI_UNIFORM_CURVE('',2,(#5088,#5089,#5090,#5091),.UNSPECIFIED.,.F.,.U.);
#5093=EDGE_CURVE('',#5050,#5087,#5092,.T.);
#5094=ORIENTED_EDGE('',*,*,#5093,.F.);
#5095=ORIENTED_EDGE('',*,*,#5072,.T.);
#5096=CARTESIAN_POINT('',(-3.066356853186862,1.341948705795806,-11.100000000000001));
#5097=VERTEX_POINT('',#5096);
#5098=CARTESIAN_POINT('',(-3.066356853186862,1.341948705795806,-11.100000000000001));
#5099=CARTESIAN_POINT('',(-3.105254746797281,1.383277717756875,-11.100000000000001));
#5100=CARTESIAN_POINT('',(-3.175757178966163,1.469177232813215,-11.100000000000001));
#5101=CARTESIAN_POINT('',(-3.200068362472675,1.512937363124935,-11.100000000000001));
#5102=QUASI_UNIFORM_CURVE('',2,(#5098,#5099,#5100,#5101),.UNSPECIFIED.,.F.,.U.);
#5103=EDGE_CURVE('',#5097,#5060,#5102,.T.);
#5104=ORIENTED_EDGE('',*,*,#5103,.F.);
#5105=CARTESIAN_POINT('',(-3.066356853186862,1.341948705795806,-11.0));
#5106=DIRECTION('',(0.0,0.0,-1.0));
#5107=VECTOR('',#5106,0.1);
#5108=LINE('',#5105,#5107);
#5109=EDGE_CURVE('',#5087,#5097,#5108,.T.);
#5110=ORIENTED_EDGE('',*,*,#5109,.F.);
#5111=EDGE_LOOP('',(#5094,#5095,#5104,#5110));
#5112=FACE_OUTER_BOUND('',#5111,.T.);
#5113=ADVANCED_FACE('',(#5112),#5085,.T.);
#5114=CARTESIAN_POINT('',(-2.802175325749441,1.082629415059686,-11.0));
#5115=CARTESIAN_POINT('',(-2.848366574411811,1.125579172587856,-11.0));
#5116=CARTESIAN_POINT('',(-3.003147776069934,1.273067019194024,-11.0));
#5117=CARTESIAN_POINT('',(-3.066356853186862,1.341948705795806,-11.0));
#5118=CARTESIAN_POINT('',(-2.802175325749441,1.082629415059686,-11.100000000000001));
#5119=CARTESIAN_POINT('',(-2.848366574411811,1.125579172587856,-11.100000000000001));
#5120=CARTESIAN_POINT('',(-3.003147776069934,1.273067019194024,-11.100000000000001));
#5121=CARTESIAN_POINT('',(-3.066356853186862,1.341948705795806,-11.100000000000001));
#5122=B_SPLINE_SURFACE_WITH_KNOTS('',2,1,((#5114,#5118),(#5115,#5119),(#5116,#5120),(#5117,#5121)),.UNSPECIFIED.,.F.,.F.,.F.,(3,1,3),(2,2),(-2.0,-1.0,0.0),(0.0,0.01),.UNSPECIFIED.);
#5123=CARTESIAN_POINT('',(-2.802175325749441,1.082629415059687,-11.0));
#5124=VERTEX_POINT('',#5123);
#5125=CARTESIAN_POINT('',(-3.066356853186862,1.341948705795806,-11.0));
#5126=CARTESIAN_POINT('',(-3.003147776069934,1.273067019194024,-11.0));
#5127=CARTESIAN_POINT('',(-2.848366574411811,1.125579172587856,-11.0));
#5128=CARTESIAN_POINT('',(-2.802175325749441,1.082629415059686,-11.0));
#5129=QUASI_UNIFORM_CURVE('',2,(#5125,#5126,#5127,#5128),.UNSPECIFIED.,.F.,.U.);
#5130=EDGE_CURVE('',#5087,#5124,#5129,.T.);
#5131=ORIENTED_EDGE('',*,*,#5130,.F.);
#5132=ORIENTED_EDGE('',*,*,#5109,.T.);
#5133=CARTESIAN_POINT('',(-2.802175325749441,1.082629415059687,-11.100000000000001));
#5134=VERTEX_POINT('',#5133);
#5135=CARTESIAN_POINT('',(-2.802175325749441,1.082629415059686,-11.100000000000001));
#5136=CARTESIAN_POINT('',(-2.848366574411811,1.125579172587856,-11.100000000000001));
#5137=CARTESIAN_POINT('',(-3.003147776069934,1.273067019194024,-11.100000000000001));
#5138=CARTESIAN_POINT('',(-3.066356853186862,1.341948705795806,-11.100000000000001));
#5139=QUASI_UNIFORM_CURVE('',2,(#5135,#5136,#5137,#5138),.UNSPECIFIED.,.F.,.U.);
#5140=EDGE_CURVE('',#5134,#5097,#5139,.T.);
#5141=ORIENTED_EDGE('',*,*,#5140,.F.);
#5142=CARTESIAN_POINT('',(-2.802175325749441,1.082629415059687,-11.0));
#5143=DIRECTION('',(0.0,0.0,-1.0));
#5144=VECTOR('',#5143,0.1);
#5145=LINE('',#5142,#5144);
#5146=EDGE_CURVE('',#5124,#5134,#5145,.T.);
#5147=ORIENTED_EDGE('',*,*,#5146,.F.);
#5148=EDGE_LOOP('',(#5131,#5132,#5141,#5147));
#5149=FACE_OUTER_BOUND('',#5148,.T.);
#5150=ADVANCED_FACE('',(#5149),#5122,.T.);
#5151=CARTESIAN_POINT('',(-3.293261232580969,1.082629415059686,-11.0));
#5152=DIRECTION('',(0.0,1.0,0.0));
#5153=DIRECTION('',(1.0,0.0,0.0));
#5154=AXIS2_PLACEMENT_3D('',#5151,#5152,#5153);
#5155=PLANE('',#5154);
#5156=CARTESIAN_POINT('',(-3.293261232580969,1.082629415059686,-11.0));
#5157=VERTEX_POINT('',#5156);
#5158=CARTESIAN_POINT('',(-2.802175325749441,1.082629415059687,-11.0));
#5159=DIRECTION('',(-1.0,0.0,0.0));
#5160=VECTOR('',#5159,0.491085906831528);
#5161=LINE('',#5158,#5160);
#5162=EDGE_CURVE('',#5124,#5157,#5161,.T.);
#5163=ORIENTED_EDGE('',*,*,#5162,.F.);
#5164=ORIENTED_EDGE('',*,*,#5146,.T.);
#5165=CARTESIAN_POINT('',(-3.293261232580969,1.082629415059686,-11.100000000000001));
#5166=VERTEX_POINT('',#5165);
#5167=CARTESIAN_POINT('',(-3.293261232580969,1.082629415059686,-11.100000000000001));
#5168=DIRECTION('',(1.0,0.0,0.0));
#5169=VECTOR('',#5168,0.491085906831528);
#5170=LINE('',#5167,#5169);
#5171=EDGE_CURVE('',#5166,#5134,#5170,.T.);
#5172=ORIENTED_EDGE('',*,*,#5171,.F.);
#5173=CARTESIAN_POINT('',(-3.293261232580969,1.082629415059686,-11.0));
#5174=DIRECTION('',(0.0,0.0,-1.0));
#5175=VECTOR('',#5174,0.1);
#5176=LINE('',#5173,#5175);
#5177=EDGE_CURVE('',#5157,#5166,#5176,.T.);
#5178=ORIENTED_EDGE('',*,*,#5177,.F.);
#5179=EDGE_LOOP('',(#5163,#5164,#5172,#5178));
#5180=FACE_OUTER_BOUND('',#5179,.T.);
#5181=ADVANCED_FACE('',(#5180),#5155,.T.);
#5182=CARTESIAN_POINT('',(-3.293261232580969,0.966746107011983,-11.0));
#5183=DIRECTION('',(-1.0,0.0,0.0));
#5184=DIRECTION('',(0.0,1.0,0.0));
#5185=AXIS2_PLACEMENT_3D('',#5182,#5183,#5184);
#5186=PLANE('',#5185);
#5187=CARTESIAN_POINT('',(-3.293261232580969,0.966746107011983,-11.0));
#5188=VERTEX_POINT('',#5187);
#5189=CARTESIAN_POINT('',(-3.293261232580969,1.082629415059686,-11.0));
#5190=DIRECTION('',(0.0,-1.0,0.0));
#5191=VECTOR('',#5190,0.115883308047704);
#5192=LINE('',#5189,#5191);
#5193=EDGE_CURVE('',#5157,#5188,#5192,.T.);
#5194=ORIENTED_EDGE('',*,*,#5193,.F.);
#5195=ORIENTED_EDGE('',*,*,#5177,.T.);
#5196=CARTESIAN_POINT('',(-3.293261232580969,0.966746107011983,-11.100000000000001));
#5197=VERTEX_POINT('',#5196);
#5198=CARTESIAN_POINT('',(-3.293261232580969,0.966746107011983,-11.100000000000001));
#5199=DIRECTION('',(0.0,1.0,0.0));
#5200=VECTOR('',#5199,0.115883308047703);
#5201=LINE('',#5198,#5200);
#5202=EDGE_CURVE('',#5197,#5166,#5201,.T.);
#5203=ORIENTED_EDGE('',*,*,#5202,.F.);
#5204=CARTESIAN_POINT('',(-3.293261232580969,0.966746107011983,-11.0));
#5205=DIRECTION('',(0.0,0.0,-1.0));
#5206=VECTOR('',#5205,0.1);
#5207=LINE('',#5204,#5206);
#5208=EDGE_CURVE('',#5188,#5197,#5207,.T.);
#5209=ORIENTED_EDGE('',*,*,#5208,.F.);
#5210=EDGE_LOOP('',(#5194,#5195,#5203,#5209));
#5211=FACE_OUTER_BOUND('',#5210,.T.);
#5212=ADVANCED_FACE('',(#5211),#5186,.T.);
#5213=CARTESIAN_POINT('',(-2.676567544299133,0.966746107011983,-11.0));
#5214=DIRECTION('',(0.0,-1.0,0.0));
#5215=DIRECTION('',(-1.0,0.0,0.0));
#5216=AXIS2_PLACEMENT_3D('',#5213,#5214,#5215);
#5217=PLANE('',#5216);
#5218=CARTESIAN_POINT('',(-3.293261232580969,0.966746107011983,-11.0));
#5219=DIRECTION('',(1.0,0.0,0.0));
#5220=VECTOR('',#5219,0.616693688281835);
#5221=LINE('',#5218,#5220);
#5222=EDGE_CURVE('',#5188,#4648,#5221,.T.);
#5223=ORIENTED_EDGE('',*,*,#5222,.F.);
#5224=ORIENTED_EDGE('',*,*,#5208,.T.);
#5225=CARTESIAN_POINT('',(-2.676567544299133,0.966746107011983,-11.100000000000001));
#5226=DIRECTION('',(-1.0,0.0,0.0));
#5227=VECTOR('',#5226,0.616693688281835);
#5228=LINE('',#5225,#5227);
#5229=EDGE_CURVE('',#4658,#5197,#5228,.T.);
#5230=ORIENTED_EDGE('',*,*,#5229,.F.);
#5231=ORIENTED_EDGE('',*,*,#4663,.F.);
#5232=EDGE_LOOP('',(#5223,#5224,#5230,#5231));
#5233=FACE_OUTER_BOUND('',#5232,.T.);
#5234=ADVANCED_FACE('',(#5233),#5217,.T.);
#5235=CARTESIAN_POINT('',(-2.986338670337871,1.394311907345328,-11.100000000000001));
#5236=DIRECTION('',(0.0,0.0,1.0));
#5237=DIRECTION('',(1.0,0.0,0.0));
#5238=AXIS2_PLACEMENT_3D('',#5235,#5236,#5237);
#5239=PLANE('',#5238);
#5240=ORIENTED_EDGE('',*,*,#5229,.T.);
#5241=ORIENTED_EDGE('',*,*,#5202,.T.);
#5242=ORIENTED_EDGE('',*,*,#5171,.T.);
#5243=ORIENTED_EDGE('',*,*,#5140,.T.);
#5244=ORIENTED_EDGE('',*,*,#5103,.T.);
#5245=ORIENTED_EDGE('',*,*,#5066,.T.);
#5246=ORIENTED_EDGE('',*,*,#5029,.T.);
#5247=ORIENTED_EDGE('',*,*,#4992,.T.);
#5248=ORIENTED_EDGE('',*,*,#4955,.T.);
#5249=ORIENTED_EDGE('',*,*,#4924,.T.);
#5250=ORIENTED_EDGE('',*,*,#4893,.T.);
#5251=ORIENTED_EDGE('',*,*,#4856,.T.);
#5252=ORIENTED_EDGE('',*,*,#4819,.T.);
#5253=ORIENTED_EDGE('',*,*,#4782,.T.);
#5254=ORIENTED_EDGE('',*,*,#4745,.T.);
#5255=ORIENTED_EDGE('',*,*,#4708,.T.);
#5256=ORIENTED_EDGE('',*,*,#4671,.T.);
#5257=EDGE_LOOP('',(#5240,#5241,#5242,#5243,#5244,#5245,#5246,#5247,#5248,#5249,#5250,#5251,#5252,#5253,#5254,#5255,#5256));
#5258=FACE_OUTER_BOUND('',#5257,.T.);
#5259=ADVANCED_FACE('',(#5258),#5239,.F.);
#5260=CARTESIAN_POINT('',(0.013287711943838,4.0,-11.0));
#5261=DIRECTION('',(0.0,0.0,-1.0));
#5262=DIRECTION('',(-1.0,0.0,0.0));
#5263=AXIS2_PLACEMENT_3D('',#5260,#5261,#5262);
#5264=PLANE('',#5263);
#5265=CARTESIAN_POINT('',(-4.236712288056162,4.500000000000001,-11.0));
#5266=VERTEX_POINT('',#5265);
#5267=CARTESIAN_POINT('',(-4.236712288056161,1.182894E-031,-11.000000000000004));
#5268=VERTEX_POINT('',#5267);
#5269=CARTESIAN_POINT('',(-4.236712288056162,4.500000000000001,-11.0));
#5270=DIRECTION('',(0.0,-1.0,0.0));
#5271=VECTOR('',#5270,4.500000000000001);
#5272=LINE('',#5269,#5271);
#5273=EDGE_CURVE('',#5266,#5268,#5272,.T.);
#5274=ORIENTED_EDGE('',*,*,#5273,.F.);
#5275=CARTESIAN_POINT('',(4.263287711943838,4.5,-11.0));
#5276=VERTEX_POINT('',#5275);
#5277=CARTESIAN_POINT('',(4.263287711943837,4.5,-11.0));
#5278=DIRECTION('',(-1.0,0.0,0.0));
#5279=VECTOR('',#5278,8.5);
#5280=LINE('',#5277,#5279);
#5281=EDGE_CURVE('',#5276,#5266,#5280,.T.);
#5282=ORIENTED_EDGE('',*,*,#5281,.F.);
#5283=CARTESIAN_POINT('',(4.263287711943838,1.182894E-031,-11.000000000000004));
#5284=VERTEX_POINT('',#5283);
#5285=CARTESIAN_POINT('',(4.263287711943838,0.0,-11.0));
#5286=DIRECTION('',(0.0,1.0,0.0));
#5287=VECTOR('',#5286,4.5);
#5288=LINE('',#5285,#5287);
#5289=EDGE_CURVE('',#5284,#5276,#5288,.T.);
#5290=ORIENTED_EDGE('',*,*,#5289,.F.);
#5291=CARTESIAN_POINT('',(4.263287711943837,1.182894E-031,-11.000000000000004));
#5292=DIRECTION('',(-1.0,0.0,0.0));
#5293=VECTOR('',#5292,8.5);
#5294=LINE('',#5291,#5293);
#5295=EDGE_CURVE('',#5284,#5268,#5294,.T.);
#5296=ORIENTED_EDGE('',*,*,#5295,.T.);
#5297=EDGE_LOOP('',(#5274,#5282,#5290,#5296));
#5298=FACE_OUTER_BOUND('',#5297,.T.);
#5299=ORIENTED_EDGE('',*,*,#445,.T.);
#5300=ORIENTED_EDGE('',*,*,#483,.T.);
#5301=ORIENTED_EDGE('',*,*,#514,.T.);
#5302=ORIENTED_EDGE('',*,*,#543,.T.);
#5303=EDGE_LOOP('',(#5299,#5300,#5301,#5302));
#5304=FACE_BOUND('',#5303,.T.);
#5305=ORIENTED_EDGE('',*,*,#581,.T.);
#5306=ORIENTED_EDGE('',*,*,#679,.T.);
#5307=ORIENTED_EDGE('',*,*,#650,.T.);
#5308=ORIENTED_EDGE('',*,*,#619,.T.);
#5309=EDGE_LOOP('',(#5305,#5306,#5307,#5308));
#5310=FACE_BOUND('',#5309,.T.);
#5311=ORIENTED_EDGE('',*,*,#1018,.T.);
#5312=ORIENTED_EDGE('',*,*,#1062,.T.);
#5313=ORIENTED_EDGE('',*,*,#1099,.T.);
#5314=ORIENTED_EDGE('',*,*,#1134,.T.);
#5315=EDGE_LOOP('',(#5311,#5312,#5313,#5314));
#5316=FACE_BOUND('',#5315,.T.);
#5317=ORIENTED_EDGE('',*,*,#1183,.T.);
#5318=ORIENTED_EDGE('',*,*,#1221,.T.);
#5319=ORIENTED_EDGE('',*,*,#1252,.T.);
#5320=ORIENTED_EDGE('',*,*,#1283,.T.);
#5321=ORIENTED_EDGE('',*,*,#1314,.T.);
#5322=ORIENTED_EDGE('',*,*,#1345,.T.);
#5323=ORIENTED_EDGE('',*,*,#1376,.T.);
#5324=ORIENTED_EDGE('',*,*,#1407,.T.);
#5325=ORIENTED_EDGE('',*,*,#1438,.T.);
#5326=ORIENTED_EDGE('',*,*,#1469,.T.);
#5327=ORIENTED_EDGE('',*,*,#1500,.T.);
#5328=ORIENTED_EDGE('',*,*,#1531,.T.);
#5329=ORIENTED_EDGE('',*,*,#1560,.T.);
#5330=EDGE_LOOP('',(#5317,#5318,#5319,#5320,#5321,#5322,#5323,#5324,#5325,#5326,#5327,#5328,#5329));
#5331=FACE_BOUND('',#5330,.T.);
#5332=ORIENTED_EDGE('',*,*,#1607,.T.);
#5333=ORIENTED_EDGE('',*,*,#1645,.T.);
#5334=ORIENTED_EDGE('',*,*,#1676,.T.);
#5335=ORIENTED_EDGE('',*,*,#1707,.T.);
#5336=ORIENTED_EDGE('',*,*,#1738,.T.);
#5337=ORIENTED_EDGE('',*,*,#1769,.T.);
#5338=ORIENTED_EDGE('',*,*,#1800,.T.);
#5339=ORIENTED_EDGE('',*,*,#1831,.T.);
#5340=ORIENTED_EDGE('',*,*,#1862,.T.);
#5341=ORIENTED_EDGE('',*,*,#1893,.T.);
#5342=ORIENTED_EDGE('',*,*,#1924,.T.);
#5343=ORIENTED_EDGE('',*,*,#1955,.T.);
#5344=ORIENTED_EDGE('',*,*,#1984,.T.);
#5345=EDGE_LOOP('',(#5332,#5333,#5334,#5335,#5336,#5337,#5338,#5339,#5340,#5341,#5342,#5343,#5344));
#5346=FACE_BOUND('',#5345,.T.);
#5347=ORIENTED_EDGE('',*,*,#2277,.T.);
#5348=ORIENTED_EDGE('',*,*,#2316,.T.);
#5349=ORIENTED_EDGE('',*,*,#2347,.T.);
#5350=ORIENTED_EDGE('',*,*,#2378,.T.);
#5351=ORIENTED_EDGE('',*,*,#2409,.T.);
#5352=ORIENTED_EDGE('',*,*,#2440,.T.);
#5353=ORIENTED_EDGE('',*,*,#2476,.T.);
#5354=ORIENTED_EDGE('',*,*,#2513,.T.);
#5355=ORIENTED_EDGE('',*,*,#2548,.T.);
#5356=EDGE_LOOP('',(#5347,#5348,#5349,#5350,#5351,#5352,#5353,#5354,#5355));
#5357=FACE_BOUND('',#5356,.T.);
#5358=ORIENTED_EDGE('',*,*,#2902,.T.);
#5359=ORIENTED_EDGE('',*,*,#2946,.T.);
#5360=ORIENTED_EDGE('',*,*,#2983,.T.);
#5361=ORIENTED_EDGE('',*,*,#3018,.T.);
#5362=EDGE_LOOP('',(#5358,#5359,#5360,#5361));
#5363=FACE_BOUND('',#5362,.T.);
#5364=ORIENTED_EDGE('',*,*,#3331,.T.);
#5365=ORIENTED_EDGE('',*,*,#3375,.T.);
#5366=ORIENTED_EDGE('',*,*,#3412,.T.);
#5367=ORIENTED_EDGE('',*,*,#3449,.T.);
#5368=ORIENTED_EDGE('',*,*,#3486,.T.);
#5369=ORIENTED_EDGE('',*,*,#3523,.T.);
#5370=ORIENTED_EDGE('',*,*,#3555,.T.);
#5371=ORIENTED_EDGE('',*,*,#3586,.T.);
#5372=ORIENTED_EDGE('',*,*,#3622,.T.);
#5373=ORIENTED_EDGE('',*,*,#3659,.T.);
#5374=ORIENTED_EDGE('',*,*,#3696,.T.);
#5375=ORIENTED_EDGE('',*,*,#3733,.T.);
#5376=ORIENTED_EDGE('',*,*,#3770,.T.);
#5377=ORIENTED_EDGE('',*,*,#3805,.T.);
#5378=EDGE_LOOP('',(#5364,#5365,#5366,#5367,#5368,#5369,#5370,#5371,#5372,#5373,#5374,#5375,#5376,#5377));
#5379=FACE_BOUND('',#5378,.T.);
#5380=ORIENTED_EDGE('',*,*,#3863,.T.);
#5381=ORIENTED_EDGE('',*,*,#3901,.T.);
#5382=ORIENTED_EDGE('',*,*,#3932,.T.);
#5383=ORIENTED_EDGE('',*,*,#3963,.T.);
#5384=ORIENTED_EDGE('',*,*,#3994,.T.);
#5385=ORIENTED_EDGE('',*,*,#4025,.T.);
#5386=ORIENTED_EDGE('',*,*,#4056,.T.);
#5387=ORIENTED_EDGE('',*,*,#4087,.T.);
#5388=ORIENTED_EDGE('',*,*,#4118,.T.);
#5389=ORIENTED_EDGE('',*,*,#4149,.T.);
#5390=ORIENTED_EDGE('',*,*,#4180,.T.);
#5391=ORIENTED_EDGE('',*,*,#4209,.T.);
#5392=EDGE_LOOP('',(#5380,#5381,#5382,#5383,#5384,#5385,#5386,#5387,#5388,#5389,#5390,#5391));
#5393=FACE_BOUND('',#5392,.T.);
#5394=ORIENTED_EDGE('',*,*,#4255,.T.);
#5395=ORIENTED_EDGE('',*,*,#4293,.T.);
#5396=ORIENTED_EDGE('',*,*,#4324,.T.);
#5397=ORIENTED_EDGE('',*,*,#4355,.T.);
#5398=ORIENTED_EDGE('',*,*,#4386,.T.);
#5399=ORIENTED_EDGE('',*,*,#4417,.T.);
#5400=ORIENTED_EDGE('',*,*,#4448,.T.);
#5401=ORIENTED_EDGE('',*,*,#4477,.T.);
#5402=EDGE_LOOP('',(#5394,#5395,#5396,#5397,#5398,#5399,#5400,#5401));
#5403=FACE_BOUND('',#5402,.T.);
#5404=ORIENTED_EDGE('',*,*,#4519,.T.);
#5405=ORIENTED_EDGE('',*,*,#4557,.T.);
#5406=ORIENTED_EDGE('',*,*,#4588,.T.);
#5407=ORIENTED_EDGE('',*,*,#4617,.T.);
#5408=EDGE_LOOP('',(#5404,#5405,#5406,#5407));
#5409=FACE_BOUND('',#5408,.T.);
#5410=ORIENTED_EDGE('',*,*,#4655,.T.);
#5411=ORIENTED_EDGE('',*,*,#4698,.T.);
#5412=ORIENTED_EDGE('',*,*,#4735,.T.);
#5413=ORIENTED_EDGE('',*,*,#4772,.T.);
#5414=ORIENTED_EDGE('',*,*,#4809,.T.);
#5415=ORIENTED_EDGE('',*,*,#4846,.T.);
#5416=ORIENTED_EDGE('',*,*,#4883,.T.);
#5417=ORIENTED_EDGE('',*,*,#4915,.T.);
#5418=ORIENTED_EDGE('',*,*,#4946,.T.);
#5419=ORIENTED_EDGE('',*,*,#4982,.T.);
#5420=ORIENTED_EDGE('',*,*,#5019,.T.);
#5421=ORIENTED_EDGE('',*,*,#5056,.T.);
#5422=ORIENTED_EDGE('',*,*,#5093,.T.);
#5423=ORIENTED_EDGE('',*,*,#5130,.T.);
#5424=ORIENTED_EDGE('',*,*,#5162,.T.);
#5425=ORIENTED_EDGE('',*,*,#5193,.T.);
#5426=ORIENTED_EDGE('',*,*,#5222,.T.);
#5427=EDGE_LOOP('',(#5410,#5411,#5412,#5413,#5414,#5415,#5416,#5417,#5418,#5419,#5420,#5421,#5422,#5423,#5424,#5425,#5426));
#5428=FACE_BOUND('',#5427,.T.);
#5429=ADVANCED_FACE('',(#5298,#5304,#5310,#5316,#5331,#5346,#5357,#5363,#5379,#5393,#5403,#5409,#5428),#5264,.T.);
#5430=CARTESIAN_POINT('',(0.013287711943838,4.0,-11.0));
#5431=DIRECTION('',(0.0,0.0,-1.0));
#5432=DIRECTION('',(-1.0,0.0,0.0));
#5433=AXIS2_PLACEMENT_3D('',#5430,#5431,#5432);
#5434=PLANE('',#5433);
#5435=ORIENTED_EDGE('',*,*,#3072,.T.);
#5436=ORIENTED_EDGE('',*,*,#3299,.T.);
#5437=ORIENTED_EDGE('',*,*,#3264,.T.);
#5438=ORIENTED_EDGE('',*,*,#3227,.T.);
#5439=ORIENTED_EDGE('',*,*,#3190,.T.);
#5440=ORIENTED_EDGE('',*,*,#3153,.T.);
#5441=ORIENTED_EDGE('',*,*,#3116,.T.);
#5442=EDGE_LOOP('',(#5435,#5436,#5437,#5438,#5439,#5440,#5441));
#5443=FACE_OUTER_BOUND('',#5442,.T.);
#5444=ADVANCED_FACE('',(#5443),#5434,.T.);
#5445=CARTESIAN_POINT('',(0.013287711943838,4.0,-11.0));
#5446=DIRECTION('',(0.0,0.0,-1.0));
#5447=DIRECTION('',(-1.0,0.0,0.0));
#5448=AXIS2_PLACEMENT_3D('',#5445,#5446,#5447);
#5449=PLANE('',#5448);
#5450=ORIENTED_EDGE('',*,*,#2606,.T.);
#5451=ORIENTED_EDGE('',*,*,#2870,.T.);
#5452=ORIENTED_EDGE('',*,*,#2835,.T.);
#5453=ORIENTED_EDGE('',*,*,#2798,.T.);
#5454=ORIENTED_EDGE('',*,*,#2761,.T.);
#5455=ORIENTED_EDGE('',*,*,#2724,.T.);
#5456=ORIENTED_EDGE('',*,*,#2687,.T.);
#5457=ORIENTED_EDGE('',*,*,#2650,.T.);
#5458=EDGE_LOOP('',(#5450,#5451,#5452,#5453,#5454,#5455,#5456,#5457));
#5459=FACE_OUTER_BOUND('',#5458,.T.);
#5460=ADVANCED_FACE('',(#5459),#5449,.T.);
#5461=CARTESIAN_POINT('',(0.013287711943838,4.0,-11.0));
#5462=DIRECTION('',(0.0,0.0,-1.0));
#5463=DIRECTION('',(-1.0,0.0,0.0));
#5464=AXIS2_PLACEMENT_3D('',#5461,#5462,#5463);
#5465=PLANE('',#5464);
#5466=ORIENTED_EDGE('',*,*,#2036,.T.);
#5467=ORIENTED_EDGE('',*,*,#2245,.T.);
#5468=ORIENTED_EDGE('',*,*,#2210,.T.);
#5469=ORIENTED_EDGE('',*,*,#2174,.T.);
#5470=ORIENTED_EDGE('',*,*,#2143,.T.);
#5471=ORIENTED_EDGE('',*,*,#2112,.T.);
#5472=ORIENTED_EDGE('',*,*,#2080,.T.);
#5473=EDGE_LOOP('',(#5466,#5467,#5468,#5469,#5470,#5471,#5472));
#5474=FACE_OUTER_BOUND('',#5473,.T.);
#5475=ADVANCED_FACE('',(#5474),#5465,.T.);
#5476=CARTESIAN_POINT('',(-7.750000000000002,2.999999999999999,-0.999999999999999));
#5477=DIRECTION('',(-1.0,0.0,0.0));
#5478=DIRECTION('',(0.0,-0.707106781186548,-0.707106781186548));
#5479=AXIS2_PLACEMENT_3D('',#5476,#5477,#5478);
#5480=CYLINDRICAL_SURFACE('',#5479,0.1);
#5481=CARTESIAN_POINT('',(-7.850000000000001,2.899999999999999,-0.999999999999999));
#5482=VERTEX_POINT('',#5481);
#5483=CARTESIAN_POINT('',(-7.850000000000001,2.999999999999999,-1.099999999999999));
#5484=VERTEX_POINT('',#5483);
#5485=CARTESIAN_POINT('',(-7.850000000000001,2.999999999999999,-0.999999999999999));
#5486=DIRECTION('',(1.0,0.0,0.0));
#5487=DIRECTION('',(0.0,-0.707106781186548,-0.707106781186548));
#5488=AXIS2_PLACEMENT_3D('',#5485,#5486,#5487);
#5489=CIRCLE('',#5488,0.1);
#5490=EDGE_CURVE('',#5482,#5484,#5489,.T.);
#5491=ORIENTED_EDGE('',*,*,#5490,.T.);
#5492=CARTESIAN_POINT('',(-7.750000000000002,2.999999999999999,-1.099999999999999));
#5493=VERTEX_POINT('',#5492);
#5494=CARTESIAN_POINT('',(-7.850000000000001,2.999999999999999,-1.099999999999999));
#5495=DIRECTION('',(1.0,0.0,0.0));
#5496=VECTOR('',#5495,0.1);
#5497=LINE('',#5494,#5496);
#5498=EDGE_CURVE('',#5484,#5493,#5497,.T.);
#5499=ORIENTED_EDGE('',*,*,#5498,.T.);
#5500=CARTESIAN_POINT('',(-7.750000000000002,2.899999999999999,-0.999999999999999));
#5501=VERTEX_POINT('',#5500);
#5502=CARTESIAN_POINT('',(-7.750000000000002,2.999999999999999,-0.999999999999999));
#5503=DIRECTION('',(1.0,0.0,0.0));
#5504=DIRECTION('',(0.0,-0.707106781186548,-0.707106781186548));
#5505=AXIS2_PLACEMENT_3D('',#5502,#5503,#5504);
#5506=CIRCLE('',#5505,0.1);
#5507=EDGE_CURVE('',#5493,#5501,#5506,.F.);
#5508=ORIENTED_EDGE('',*,*,#5507,.T.);
#5509=CARTESIAN_POINT('',(-7.750000000000002,2.899999999999999,-0.999999999999999));
#5510=DIRECTION('',(-1.0,0.0,0.0));
#5511=VECTOR('',#5510,0.1);
#5512=LINE('',#5509,#5511);
#5513=EDGE_CURVE('',#5501,#5482,#5512,.T.);
#5514=ORIENTED_EDGE('',*,*,#5513,.T.);
#5515=EDGE_LOOP('',(#5491,#5499,#5508,#5514));
#5516=FACE_OUTER_BOUND('',#5515,.T.);
#5517=ADVANCED_FACE('',(#5516),#5480,.T.);
#5518=CARTESIAN_POINT('',(-7.750000000000002,4.9,-1.1));
#5519=DIRECTION('',(0.0,0.0,-1.0));
#5520=DIRECTION('',(0.0,-1.0,0.0));
#5521=AXIS2_PLACEMENT_3D('',#5518,#5519,#5520);
#5522=PLANE('',#5521);
#5523=ORIENTED_EDGE('',*,*,#5498,.F.);
#5524=CARTESIAN_POINT('',(-7.850000000000001,3.649999999999998,-1.099999999999999));
#5525=VERTEX_POINT('',#5524);
#5526=CARTESIAN_POINT('',(-7.850000000000001,3.649999999999998,-1.099999999999999));
#5527=DIRECTION('',(0.0,-1.0,0.0));
#5528=VECTOR('',#5527,0.649999999999999);
#5529=LINE('',#5526,#5528);
#5530=EDGE_CURVE('',#5525,#5484,#5529,.T.);
#5531=ORIENTED_EDGE('',*,*,#5530,.F.);
#5532=CARTESIAN_POINT('',(-7.750000000000002,3.649999999999998,-1.099999999999999));
#5533=VERTEX_POINT('',#5532);
#5534=CARTESIAN_POINT('',(-7.750000000000002,3.649999999999998,-1.099999999999999));
#5535=DIRECTION('',(-1.0,0.0,0.0));
#5536=VECTOR('',#5535,0.1);
#5537=LINE('',#5534,#5536);
#5538=EDGE_CURVE('',#5533,#5525,#5537,.T.);
#5539=ORIENTED_EDGE('',*,*,#5538,.F.);
#5540=CARTESIAN_POINT('',(-7.750000000000002,2.999999999999999,-1.099999999999999));
#5541=DIRECTION('',(0.0,1.0,0.0));
#5542=VECTOR('',#5541,0.649999999999999);
#5543=LINE('',#5540,#5542);
#5544=EDGE_CURVE('',#5493,#5533,#5543,.T.);
#5545=ORIENTED_EDGE('',*,*,#5544,.F.);
#5546=EDGE_LOOP('',(#5523,#5531,#5539,#5545));
#5547=FACE_OUTER_BOUND('',#5546,.T.);
#5548=ADVANCED_FACE('',(#5547),#5522,.T.);
#5549=CARTESIAN_POINT('',(-7.850000000000001,3.899999999999999,-0.849999999999999));
#5550=DIRECTION('',(1.0,0.0,0.0));
#5551=DIRECTION('',(0.0,0.0,-1.0));
#5552=AXIS2_PLACEMENT_3D('',#5549,#5550,#5551);
#5553=PLANE('',#5552);
#5554=ORIENTED_EDGE('',*,*,#5490,.F.);
#5555=CARTESIAN_POINT('',(-7.850000000000001,2.899999999999999,-0.699999999999999));
#5556=VERTEX_POINT('',#5555);
#5557=CARTESIAN_POINT('',(-7.850000000000001,2.899999999999999,-0.999999999999999));
#5558=DIRECTION('',(0.0,0.0,1.0));
#5559=VECTOR('',#5558,0.3);
#5560=LINE('',#5557,#5559);
#5561=EDGE_CURVE('',#5482,#5556,#5560,.T.);
#5562=ORIENTED_EDGE('',*,*,#5561,.T.);
#5563=CARTESIAN_POINT('',(-7.850000000000001,2.999999999999999,-0.599999999999999));
#5564=VERTEX_POINT('',#5563);
#5565=CARTESIAN_POINT('',(-7.850000000000001,2.999999999999999,-0.699999999999999));
#5566=DIRECTION('',(1.0,0.0,0.0));
#5567=DIRECTION('',(0.0,-0.707106781186548,0.707106781186548));
#5568=AXIS2_PLACEMENT_3D('',#5565,#5566,#5567);
#5569=CIRCLE('',#5568,0.1);
#5570=EDGE_CURVE('',#5564,#5556,#5569,.T.);
#5571=ORIENTED_EDGE('',*,*,#5570,.F.);
#5572=CARTESIAN_POINT('',(-7.850000000000001,3.649999999999998,-0.599999999999999));
#5573=VERTEX_POINT('',#5572);
#5574=CARTESIAN_POINT('',(-7.850000000000001,2.999999999999999,-0.599999999999999));
#5575=DIRECTION('',(0.0,1.0,0.0));
#5576=VECTOR('',#5575,0.649999999999999);
#5577=LINE('',#5574,#5576);
#5578=EDGE_CURVE('',#5564,#5573,#5577,.T.);
#5579=ORIENTED_EDGE('',*,*,#5578,.T.);
#5580=CARTESIAN_POINT('',(-7.850000000000001,3.649999999999998,0.050000000000001));
#5581=VERTEX_POINT('',#5580);
#5582=CARTESIAN_POINT('',(-7.850000000000001,3.649999999999998,-0.599999999999999));
#5583=DIRECTION('',(0.0,0.0,1.0));
#5584=VECTOR('',#5583,0.65);
#5585=LINE('',#5582,#5584);
#5586=EDGE_CURVE('',#5573,#5581,#5585,.T.);
#5587=ORIENTED_EDGE('',*,*,#5586,.T.);
#5588=CARTESIAN_POINT('',(-7.850000000000001,3.749999999999998,0.150000000000001));
#5589=VERTEX_POINT('',#5588);
#5590=CARTESIAN_POINT('',(-7.850000000000001,3.749999999999998,0.050000000000001));
#5591=DIRECTION('',(1.0,0.0,0.0));
#5592=DIRECTION('',(0.0,-0.707106781186548,0.707106781186548));
#5593=AXIS2_PLACEMENT_3D('',#5590,#5591,#5592);
#5594=CIRCLE('',#5593,0.1);
#5595=EDGE_CURVE('',#5589,#5581,#5594,.T.);
#5596=ORIENTED_EDGE('',*,*,#5595,.F.);
#5597=CARTESIAN_POINT('',(-7.850000000000001,4.049999999999999,0.150000000000001));
#5598=VERTEX_POINT('',#5597);
#5599=CARTESIAN_POINT('',(-7.850000000000001,3.749999999999998,0.150000000000001));
#5600=DIRECTION('',(0.0,1.0,0.0));
#5601=VECTOR('',#5600,0.300000000000001);
#5602=LINE('',#5599,#5601);
#5603=EDGE_CURVE('',#5589,#5598,#5602,.T.);
#5604=ORIENTED_EDGE('',*,*,#5603,.T.);
#5605=CARTESIAN_POINT('',(-7.850000000000001,4.149999999999999,0.050000000000001));
#5606=VERTEX_POINT('',#5605);
#5607=CARTESIAN_POINT('',(-7.850000000000001,4.049999999999999,0.050000000000001));
#5608=DIRECTION('',(1.0,0.0,0.0));
#5609=DIRECTION('',(0.0,0.707106781186548,0.707106781186547));
#5610=AXIS2_PLACEMENT_3D('',#5607,#5608,#5609);
#5611=CIRCLE('',#5610,0.1);
#5612=EDGE_CURVE('',#5606,#5598,#5611,.T.);
#5613=ORIENTED_EDGE('',*,*,#5612,.F.);
#5614=CARTESIAN_POINT('',(-7.850000000000001,4.149999999999999,-0.599999999999999));
#5615=VERTEX_POINT('',#5614);
#5616=CARTESIAN_POINT('',(-7.850000000000001,4.149999999999999,0.050000000000001));
#5617=DIRECTION('',(0.0,0.0,-1.0));
#5618=VECTOR('',#5617,0.65);
#5619=LINE('',#5616,#5618);
#5620=EDGE_CURVE('',#5606,#5615,#5619,.T.);
#5621=ORIENTED_EDGE('',*,*,#5620,.T.);
#5622=CARTESIAN_POINT('',(-7.850000000000001,4.799999999999999,-0.599999999999999));
#5623=VERTEX_POINT('',#5622);
#5624=CARTESIAN_POINT('',(-7.850000000000001,4.149999999999999,-0.599999999999999));
#5625=DIRECTION('',(0.0,1.0,0.0));
#5626=VECTOR('',#5625,0.65);
#5627=LINE('',#5624,#5626);
#5628=EDGE_CURVE('',#5615,#5623,#5627,.T.);
#5629=ORIENTED_EDGE('',*,*,#5628,.T.);
#5630=CARTESIAN_POINT('',(-7.850000000000001,4.9,-0.699999999999999));
#5631=VERTEX_POINT('',#5630);
#5632=CARTESIAN_POINT('',(-7.850000000000001,4.799999999999999,-0.699999999999999));
#5633=DIRECTION('',(1.0,0.0,0.0));
#5634=DIRECTION('',(0.0,0.707106781186548,0.707106781186548));
#5635=AXIS2_PLACEMENT_3D('',#5632,#5633,#5634);
#5636=CIRCLE('',#5635,0.1);
#5637=EDGE_CURVE('',#5631,#5623,#5636,.T.);
#5638=ORIENTED_EDGE('',*,*,#5637,.F.);
#5639=CARTESIAN_POINT('',(-7.850000000000001,4.9,-1.0));
#5640=VERTEX_POINT('',#5639);
#5641=CARTESIAN_POINT('',(-7.850000000000001,4.9,-0.699999999999999));
#5642=DIRECTION('',(0.0,0.0,-1.0));
#5643=VECTOR('',#5642,0.3);
#5644=LINE('',#5641,#5643);
#5645=EDGE_CURVE('',#5631,#5640,#5644,.T.);
#5646=ORIENTED_EDGE('',*,*,#5645,.T.);
#5647=CARTESIAN_POINT('',(-7.850000000000001,4.799999999999999,-1.1));
#5648=VERTEX_POINT('',#5647);
#5649=CARTESIAN_POINT('',(-7.850000000000001,4.799999999999999,-1.0));
#5650=DIRECTION('',(1.0,0.0,0.0));
#5651=DIRECTION('',(0.0,0.707106781186548,-0.707106781186548));
#5652=AXIS2_PLACEMENT_3D('',#5649,#5650,#5651);
#5653=CIRCLE('',#5652,0.1);
#5654=EDGE_CURVE('',#5648,#5640,#5653,.T.);
#5655=ORIENTED_EDGE('',*,*,#5654,.F.);
#5656=CARTESIAN_POINT('',(-7.850000000000001,4.149999999999999,-1.099999999999999));
#5657=VERTEX_POINT('',#5656);
#5658=CARTESIAN_POINT('',(-7.850000000000001,4.799999999999999,-1.099999999999999));
#5659=DIRECTION('',(0.0,-1.0,0.0));
#5660=VECTOR('',#5659,0.65);
#5661=LINE('',#5658,#5660);
#5662=EDGE_CURVE('',#5648,#5657,#5661,.T.);
#5663=ORIENTED_EDGE('',*,*,#5662,.T.);
#5664=CARTESIAN_POINT('',(-7.850000000000001,4.149999999999999,-1.749999999999999));
#5665=VERTEX_POINT('',#5664);
#5666=CARTESIAN_POINT('',(-7.850000000000001,4.149999999999999,-1.099999999999999));
#5667=DIRECTION('',(0.0,0.0,-1.0));
#5668=VECTOR('',#5667,0.65);
#5669=LINE('',#5666,#5668);
#5670=EDGE_CURVE('',#5657,#5665,#5669,.T.);
#5671=ORIENTED_EDGE('',*,*,#5670,.T.);
#5672=CARTESIAN_POINT('',(-7.850000000000001,4.049999999999999,-1.849999999999999));
#5673=VERTEX_POINT('',#5672);
#5674=CARTESIAN_POINT('',(-7.850000000000001,4.049999999999999,-1.749999999999999));
#5675=DIRECTION('',(1.0,0.0,0.0));
#5676=DIRECTION('',(0.0,0.707106781186548,-0.707106781186548));
#5677=AXIS2_PLACEMENT_3D('',#5674,#5675,#5676);
#5678=CIRCLE('',#5677,0.1);
#5679=EDGE_CURVE('',#5673,#5665,#5678,.T.);
#5680=ORIENTED_EDGE('',*,*,#5679,.F.);
#5681=CARTESIAN_POINT('',(-7.850000000000001,3.749999999999998,-1.849999999999999));
#5682=VERTEX_POINT('',#5681);
#5683=CARTESIAN_POINT('',(-7.850000000000001,4.049999999999999,-1.849999999999999));
#5684=DIRECTION('',(0.0,-1.0,0.0));
#5685=VECTOR('',#5684,0.300000000000001);
#5686=LINE('',#5683,#5685);
#5687=EDGE_CURVE('',#5673,#5682,#5686,.T.);
#5688=ORIENTED_EDGE('',*,*,#5687,.T.);
#5689=CARTESIAN_POINT('',(-7.850000000000001,3.649999999999998,-1.749999999999999));
#5690=VERTEX_POINT('',#5689);
#5691=CARTESIAN_POINT('',(-7.850000000000001,3.749999999999998,-1.749999999999999));
#5692=DIRECTION('',(1.0,0.0,0.0));
#5693=DIRECTION('',(0.0,-0.707106781186548,-0.707106781186548));
#5694=AXIS2_PLACEMENT_3D('',#5691,#5692,#5693);
#5695=CIRCLE('',#5694,0.1);
#5696=EDGE_CURVE('',#5690,#5682,#5695,.T.);
#5697=ORIENTED_EDGE('',*,*,#5696,.F.);
#5698=CARTESIAN_POINT('',(-7.850000000000001,3.649999999999998,-1.749999999999999));
#5699=DIRECTION('',(0.0,0.0,1.0));
#5700=VECTOR('',#5699,0.65);
#5701=LINE('',#5698,#5700);
#5702=EDGE_CURVE('',#5690,#5525,#5701,.T.);
#5703=ORIENTED_EDGE('',*,*,#5702,.T.);
#5704=ORIENTED_EDGE('',*,*,#5530,.T.);
#5705=EDGE_LOOP('',(#5554,#5562,#5571,#5579,#5587,#5596,#5604,#5613,#5621,#5629,#5638,#5646,#5655,#5663,#5671,#5680,#5688,#5697,#5703,#5704));
#5706=FACE_OUTER_BOUND('',#5705,.T.);
#5707=ADVANCED_FACE('',(#5706),#5553,.F.);
#5708=CARTESIAN_POINT('',(-7.750000000000002,3.749999999999998,-1.749999999999999));
#5709=DIRECTION('',(-1.0,0.0,0.0));
#5710=DIRECTION('',(0.0,-0.707106781186548,-0.707106781186548));
#5711=AXIS2_PLACEMENT_3D('',#5708,#5709,#5710);
#5712=CYLINDRICAL_SURFACE('',#5711,0.1);
#5713=ORIENTED_EDGE('',*,*,#5696,.T.);
#5714=CARTESIAN_POINT('',(-7.750000000000002,3.749999999999998,-1.849999999999999));
#5715=VERTEX_POINT('',#5714);
#5716=CARTESIAN_POINT('',(-7.850000000000001,3.749999999999998,-1.849999999999999));
#5717=DIRECTION('',(1.0,0.0,0.0));
#5718=VECTOR('',#5717,0.1);
#5719=LINE('',#5716,#5718);
#5720=EDGE_CURVE('',#5682,#5715,#5719,.T.);
#5721=ORIENTED_EDGE('',*,*,#5720,.T.);
#5722=CARTESIAN_POINT('',(-7.750000000000002,3.649999999999998,-1.749999999999999));
#5723=VERTEX_POINT('',#5722);
#5724=CARTESIAN_POINT('',(-7.750000000000002,3.749999999999998,-1.749999999999999));
#5725=DIRECTION('',(1.0,0.0,0.0));
#5726=DIRECTION('',(0.0,-0.707106781186548,-0.707106781186548));
#5727=AXIS2_PLACEMENT_3D('',#5724,#5725,#5726);
#5728=CIRCLE('',#5727,0.1);
#5729=EDGE_CURVE('',#5715,#5723,#5728,.F.);
#5730=ORIENTED_EDGE('',*,*,#5729,.T.);
#5731=CARTESIAN_POINT('',(-7.750000000000002,3.649999999999998,-1.749999999999999));
#5732=DIRECTION('',(-1.0,0.0,0.0));
#5733=VECTOR('',#5732,0.1);
#5734=LINE('',#5731,#5733);
#5735=EDGE_CURVE('',#5723,#5690,#5734,.T.);
#5736=ORIENTED_EDGE('',*,*,#5735,.T.);
#5737=EDGE_LOOP('',(#5713,#5721,#5730,#5736));
#5738=FACE_OUTER_BOUND('',#5737,.T.);
#5739=ADVANCED_FACE('',(#5738),#5712,.T.);
#5740=CARTESIAN_POINT('',(-7.750000000000002,4.149999999999999,-1.849999999999999));
#5741=DIRECTION('',(0.0,0.0,-1.0));
#5742=DIRECTION('',(0.0,-1.0,0.0));
#5743=AXIS2_PLACEMENT_3D('',#5740,#5741,#5742);
#5744=PLANE('',#5743);
#5745=ORIENTED_EDGE('',*,*,#5720,.F.);
#5746=ORIENTED_EDGE('',*,*,#5687,.F.);
#5747=CARTESIAN_POINT('',(-7.750000000000002,4.049999999999999,-1.849999999999999));
#5748=VERTEX_POINT('',#5747);
#5749=CARTESIAN_POINT('',(-7.750000000000002,4.049999999999999,-1.849999999999999));
#5750=DIRECTION('',(-1.0,0.0,0.0));
#5751=VECTOR('',#5750,0.1);
#5752=LINE('',#5749,#5751);
#5753=EDGE_CURVE('',#5748,#5673,#5752,.T.);
#5754=ORIENTED_EDGE('',*,*,#5753,.F.);
#5755=CARTESIAN_POINT('',(-7.750000000000002,3.749999999999998,-1.849999999999999));
#5756=DIRECTION('',(0.0,1.0,0.0));
#5757=VECTOR('',#5756,0.300000000000001);
#5758=LINE('',#5755,#5757);
#5759=EDGE_CURVE('',#5715,#5748,#5758,.T.);
#5760=ORIENTED_EDGE('',*,*,#5759,.F.);
#5761=EDGE_LOOP('',(#5745,#5746,#5754,#5760));
#5762=FACE_OUTER_BOUND('',#5761,.T.);
#5763=ADVANCED_FACE('',(#5762),#5744,.T.);
#5764=CARTESIAN_POINT('',(-7.750000000000002,2.999999999999999,-0.699999999999999));
#5765=DIRECTION('',(-1.0,0.0,0.0));
#5766=DIRECTION('',(0.0,-0.707106781186548,0.707106781186548));
#5767=AXIS2_PLACEMENT_3D('',#5764,#5765,#5766);
#5768=CYLINDRICAL_SURFACE('',#5767,0.1);
#5769=ORIENTED_EDGE('',*,*,#5570,.T.);
#5770=CARTESIAN_POINT('',(-7.750000000000002,2.899999999999999,-0.699999999999999));
#5771=VERTEX_POINT('',#5770);
#5772=CARTESIAN_POINT('',(-7.850000000000001,2.899999999999999,-0.699999999999999));
#5773=DIRECTION('',(1.0,0.0,0.0));
#5774=VECTOR('',#5773,0.1);
#5775=LINE('',#5772,#5774);
#5776=EDGE_CURVE('',#5556,#5771,#5775,.T.);
#5777=ORIENTED_EDGE('',*,*,#5776,.T.);
#5778=CARTESIAN_POINT('',(-7.750000000000002,2.999999999999999,-0.599999999999999));
#5779=VERTEX_POINT('',#5778);
#5780=CARTESIAN_POINT('',(-7.750000000000002,2.999999999999999,-0.699999999999999));
#5781=DIRECTION('',(1.0,0.0,0.0));
#5782=DIRECTION('',(0.0,-0.707106781186548,0.707106781186548));
#5783=AXIS2_PLACEMENT_3D('',#5780,#5781,#5782);
#5784=CIRCLE('',#5783,0.1);
#5785=EDGE_CURVE('',#5771,#5779,#5784,.F.);
#5786=ORIENTED_EDGE('',*,*,#5785,.T.);
#5787=CARTESIAN_POINT('',(-7.750000000000002,2.999999999999999,-0.599999999999999));
#5788=DIRECTION('',(-1.0,0.0,0.0));
#5789=VECTOR('',#5788,0.1);
#5790=LINE('',#5787,#5789);
#5791=EDGE_CURVE('',#5779,#5564,#5790,.T.);
#5792=ORIENTED_EDGE('',*,*,#5791,.T.);
#5793=EDGE_LOOP('',(#5769,#5777,#5786,#5792));
#5794=FACE_OUTER_BOUND('',#5793,.T.);
#5795=ADVANCED_FACE('',(#5794),#5768,.T.);
#5796=CARTESIAN_POINT('',(-7.750000000000002,2.899999999999999,-1.099999999999999));
#5797=DIRECTION('',(0.0,-1.0,0.0));
#5798=DIRECTION('',(0.0,0.0,1.0));
#5799=AXIS2_PLACEMENT_3D('',#5796,#5797,#5798);
#5800=PLANE('',#5799);
#5801=ORIENTED_EDGE('',*,*,#5513,.F.);
#5802=CARTESIAN_POINT('',(-7.750000000000002,2.899999999999999,-0.699999999999999));
#5803=DIRECTION('',(0.0,0.0,-1.0));
#5804=VECTOR('',#5803,0.3);
#5805=LINE('',#5802,#5804);
#5806=EDGE_CURVE('',#5771,#5501,#5805,.T.);
#5807=ORIENTED_EDGE('',*,*,#5806,.F.);
#5808=ORIENTED_EDGE('',*,*,#5776,.F.);
#5809=ORIENTED_EDGE('',*,*,#5561,.F.);
#5810=EDGE_LOOP('',(#5801,#5807,#5808,#5809));
#5811=FACE_OUTER_BOUND('',#5810,.T.);
#5812=ADVANCED_FACE('',(#5811),#5800,.T.);
#5813=CARTESIAN_POINT('',(-7.750000000000002,4.049999999999999,-1.749999999999999));
#5814=DIRECTION('',(-1.0,0.0,0.0));
#5815=DIRECTION('',(0.0,0.707106781186548,-0.707106781186548));
#5816=AXIS2_PLACEMENT_3D('',#5813,#5814,#5815);
#5817=CYLINDRICAL_SURFACE('',#5816,0.1);
#5818=ORIENTED_EDGE('',*,*,#5679,.T.);
#5819=CARTESIAN_POINT('',(-7.750000000000002,4.149999999999999,-1.749999999999999));
#5820=VERTEX_POINT('',#5819);
#5821=CARTESIAN_POINT('',(-7.850000000000001,4.149999999999999,-1.749999999999999));
#5822=DIRECTION('',(1.0,0.0,0.0));
#5823=VECTOR('',#5822,0.1);
#5824=LINE('',#5821,#5823);
#5825=EDGE_CURVE('',#5665,#5820,#5824,.T.);
#5826=ORIENTED_EDGE('',*,*,#5825,.T.);
#5827=CARTESIAN_POINT('',(-7.750000000000002,4.049999999999999,-1.749999999999999));
#5828=DIRECTION('',(1.0,0.0,0.0));
#5829=DIRECTION('',(0.0,0.707106781186548,-0.707106781186548));
#5830=AXIS2_PLACEMENT_3D('',#5827,#5828,#5829);
#5831=CIRCLE('',#5830,0.1);
#5832=EDGE_CURVE('',#5820,#5748,#5831,.F.);
#5833=ORIENTED_EDGE('',*,*,#5832,.T.);
#5834=ORIENTED_EDGE('',*,*,#5753,.T.);
#5835=EDGE_LOOP('',(#5818,#5826,#5833,#5834));
#5836=FACE_OUTER_BOUND('',#5835,.T.);
#5837=ADVANCED_FACE('',(#5836),#5817,.T.);
#5838=CARTESIAN_POINT('',(-7.750000000000002,4.149999999999999,0.150000000000001));
#5839=DIRECTION('',(0.0,1.0,0.0));
#5840=DIRECTION('',(0.0,0.0,-1.0));
#5841=AXIS2_PLACEMENT_3D('',#5838,#5839,#5840);
#5842=PLANE('',#5841);
#5843=ORIENTED_EDGE('',*,*,#5825,.F.);
#5844=ORIENTED_EDGE('',*,*,#5670,.F.);
#5845=CARTESIAN_POINT('',(-7.750000000000002,4.149999999999999,-1.099999999999999));
#5846=VERTEX_POINT('',#5845);
#5847=CARTESIAN_POINT('',(-7.850000000000001,4.149999999999999,-1.099999999999999));
#5848=DIRECTION('',(1.0,0.0,0.0));
#5849=VECTOR('',#5848,0.1);
#5850=LINE('',#5847,#5849);
#5851=EDGE_CURVE('',#5657,#5846,#5850,.T.);
#5852=ORIENTED_EDGE('',*,*,#5851,.T.);
#5853=CARTESIAN_POINT('',(-7.750000000000002,4.149999999999999,-1.749999999999999));
#5854=DIRECTION('',(0.0,0.0,1.0));
#5855=VECTOR('',#5854,0.65);
#5856=LINE('',#5853,#5855);
#5857=EDGE_CURVE('',#5820,#5846,#5856,.T.);
#5858=ORIENTED_EDGE('',*,*,#5857,.F.);
#5859=EDGE_LOOP('',(#5843,#5844,#5852,#5858));
#5860=FACE_OUTER_BOUND('',#5859,.T.);
#5861=ADVANCED_FACE('',(#5860),#5842,.T.);
#5862=CARTESIAN_POINT('',(-7.750000000000002,4.799999999999999,-1.0));
#5863=DIRECTION('',(-1.0,0.0,0.0));
#5864=DIRECTION('',(0.0,0.707106781186548,-0.707106781186548));
#5865=AXIS2_PLACEMENT_3D('',#5862,#5863,#5864);
#5866=CYLINDRICAL_SURFACE('',#5865,0.1);
#5867=ORIENTED_EDGE('',*,*,#5654,.T.);
#5868=CARTESIAN_POINT('',(-7.750000000000002,4.9,-1.0));
#5869=VERTEX_POINT('',#5868);
#5870=CARTESIAN_POINT('',(-7.850000000000001,4.9,-1.0));
#5871=DIRECTION('',(1.0,0.0,0.0));
#5872=VECTOR('',#5871,0.1);
#5873=LINE('',#5870,#5872);
#5874=EDGE_CURVE('',#5640,#5869,#5873,.T.);
#5875=ORIENTED_EDGE('',*,*,#5874,.T.);
#5876=CARTESIAN_POINT('',(-7.750000000000002,4.799999999999999,-1.1));
#5877=VERTEX_POINT('',#5876);
#5878=CARTESIAN_POINT('',(-7.750000000000002,4.799999999999999,-1.0));
#5879=DIRECTION('',(1.0,0.0,0.0));
#5880=DIRECTION('',(0.0,0.707106781186548,-0.707106781186548));
#5881=AXIS2_PLACEMENT_3D('',#5878,#5879,#5880);
#5882=CIRCLE('',#5881,0.1);
#5883=EDGE_CURVE('',#5869,#5877,#5882,.F.);
#5884=ORIENTED_EDGE('',*,*,#5883,.T.);
#5885=CARTESIAN_POINT('',(-7.750000000000002,4.799999999999999,-1.1));
#5886=DIRECTION('',(-1.0,0.0,0.0));
#5887=VECTOR('',#5886,0.1);
#5888=LINE('',#5885,#5887);
#5889=EDGE_CURVE('',#5877,#5648,#5888,.T.);
#5890=ORIENTED_EDGE('',*,*,#5889,.T.);
#5891=EDGE_LOOP('',(#5867,#5875,#5884,#5890));
#5892=FACE_OUTER_BOUND('',#5891,.T.);
#5893=ADVANCED_FACE('',(#5892),#5866,.T.);
#5894=CARTESIAN_POINT('',(-7.750000000000002,4.9,-0.599999999999999));
#5895=DIRECTION('',(0.0,1.0,0.0));
#5896=DIRECTION('',(0.0,0.0,-1.0));
#5897=AXIS2_PLACEMENT_3D('',#5894,#5895,#5896);
#5898=PLANE('',#5897);
#5899=ORIENTED_EDGE('',*,*,#5874,.F.);
#5900=ORIENTED_EDGE('',*,*,#5645,.F.);
#5901=CARTESIAN_POINT('',(-7.750000000000002,4.9,-0.7));
#5902=VERTEX_POINT('',#5901);
#5903=CARTESIAN_POINT('',(-7.750000000000002,4.9,-0.699999999999999));
#5904=DIRECTION('',(-1.0,0.0,0.0));
#5905=VECTOR('',#5904,0.1);
#5906=LINE('',#5903,#5905);
#5907=EDGE_CURVE('',#5902,#5631,#5906,.T.);
#5908=ORIENTED_EDGE('',*,*,#5907,.F.);
#5909=CARTESIAN_POINT('',(-7.750000000000002,4.9,-1.0));
#5910=DIRECTION('',(0.0,0.0,1.0));
#5911=VECTOR('',#5910,0.3);
#5912=LINE('',#5909,#5911);
#5913=EDGE_CURVE('',#5869,#5902,#5912,.T.);
#5914=ORIENTED_EDGE('',*,*,#5913,.F.);
#5915=EDGE_LOOP('',(#5899,#5900,#5908,#5914));
#5916=FACE_OUTER_BOUND('',#5915,.T.);
#5917=ADVANCED_FACE('',(#5916),#5898,.T.);
#5918=CARTESIAN_POINT('',(-7.750000000000002,3.749999999999998,0.050000000000001));
#5919=DIRECTION('',(-1.0,0.0,0.0));
#5920=DIRECTION('',(0.0,-0.707106781186548,0.707106781186548));
#5921=AXIS2_PLACEMENT_3D('',#5918,#5919,#5920);
#5922=CYLINDRICAL_SURFACE('',#5921,0.1);
#5923=ORIENTED_EDGE('',*,*,#5595,.T.);
#5924=CARTESIAN_POINT('',(-7.750000000000002,3.649999999999998,0.050000000000001));
#5925=VERTEX_POINT('',#5924);
#5926=CARTESIAN_POINT('',(-7.850000000000001,3.649999999999998,0.050000000000001));
#5927=DIRECTION('',(1.0,0.0,0.0));
#5928=VECTOR('',#5927,0.1);
#5929=LINE('',#5926,#5928);
#5930=EDGE_CURVE('',#5581,#5925,#5929,.T.);
#5931=ORIENTED_EDGE('',*,*,#5930,.T.);
#5932=CARTESIAN_POINT('',(-7.750000000000002,3.749999999999998,0.150000000000001));
#5933=VERTEX_POINT('',#5932);
#5934=CARTESIAN_POINT('',(-7.750000000000002,3.749999999999998,0.050000000000001));
#5935=DIRECTION('',(1.0,0.0,0.0));
#5936=DIRECTION('',(0.0,-0.707106781186548,0.707106781186548));
#5937=AXIS2_PLACEMENT_3D('',#5934,#5935,#5936);
#5938=CIRCLE('',#5937,0.1);
#5939=EDGE_CURVE('',#5925,#5933,#5938,.F.);
#5940=ORIENTED_EDGE('',*,*,#5939,.T.);
#5941=CARTESIAN_POINT('',(-7.750000000000002,3.749999999999998,0.150000000000001));
#5942=DIRECTION('',(-1.0,0.0,0.0));
#5943=VECTOR('',#5942,0.1);
#5944=LINE('',#5941,#5943);
#5945=EDGE_CURVE('',#5933,#5589,#5944,.T.);
#5946=ORIENTED_EDGE('',*,*,#5945,.T.);
#5947=EDGE_LOOP('',(#5923,#5931,#5940,#5946));
#5948=FACE_OUTER_BOUND('',#5947,.T.);
#5949=ADVANCED_FACE('',(#5948),#5922,.T.);
#5950=CARTESIAN_POINT('',(-7.750000000000002,3.649999999999998,0.150000000000001));
#5951=DIRECTION('',(0.0,0.0,1.0));
#5952=DIRECTION('',(0.0,1.0,0.0));
#5953=AXIS2_PLACEMENT_3D('',#5950,#5951,#5952);
#5954=PLANE('',#5953);
#5955=ORIENTED_EDGE('',*,*,#5945,.F.);
#5956=CARTESIAN_POINT('',(-7.750000000000002,4.049999999999999,0.150000000000001));
#5957=VERTEX_POINT('',#5956);
#5958=CARTESIAN_POINT('',(-7.750000000000002,4.049999999999999,0.150000000000001));
#5959=DIRECTION('',(0.0,-1.0,0.0));
#5960=VECTOR('',#5959,0.300000000000001);
#5961=LINE('',#5958,#5960);
#5962=EDGE_CURVE('',#5957,#5933,#5961,.T.);
#5963=ORIENTED_EDGE('',*,*,#5962,.F.);
#5964=CARTESIAN_POINT('',(-7.850000000000001,4.049999999999999,0.150000000000001));
#5965=DIRECTION('',(1.0,0.0,0.0));
#5966=VECTOR('',#5965,0.1);
#5967=LINE('',#5964,#5966);
#5968=EDGE_CURVE('',#5598,#5957,#5967,.T.);
#5969=ORIENTED_EDGE('',*,*,#5968,.F.);
#5970=ORIENTED_EDGE('',*,*,#5603,.F.);
#5971=EDGE_LOOP('',(#5955,#5963,#5969,#5970));
#5972=FACE_OUTER_BOUND('',#5971,.T.);
#5973=ADVANCED_FACE('',(#5972),#5954,.T.);
#5974=CARTESIAN_POINT('',(-7.750000000000002,4.049999999999999,0.050000000000001));
#5975=DIRECTION('',(-1.0,0.0,0.0));
#5976=DIRECTION('',(0.0,0.707106781186548,0.707106781186547));
#5977=AXIS2_PLACEMENT_3D('',#5974,#5975,#5976);
#5978=CYLINDRICAL_SURFACE('',#5977,0.1);
#5979=ORIENTED_EDGE('',*,*,#5612,.T.);
#5980=ORIENTED_EDGE('',*,*,#5968,.T.);
#5981=CARTESIAN_POINT('',(-7.750000000000002,4.149999999999999,0.050000000000001));
#5982=VERTEX_POINT('',#5981);
#5983=CARTESIAN_POINT('',(-7.750000000000002,4.049999999999999,0.050000000000001));
#5984=DIRECTION('',(1.0,0.0,0.0));
#5985=DIRECTION('',(0.0,0.707106781186548,0.707106781186547));
#5986=AXIS2_PLACEMENT_3D('',#5983,#5984,#5985);
#5987=CIRCLE('',#5986,0.1);
#5988=EDGE_CURVE('',#5957,#5982,#5987,.F.);
#5989=ORIENTED_EDGE('',*,*,#5988,.T.);
#5990=CARTESIAN_POINT('',(-7.750000000000002,4.149999999999999,0.050000000000001));
#5991=DIRECTION('',(-1.0,0.0,0.0));
#5992=VECTOR('',#5991,0.1);
#5993=LINE('',#5990,#5992);
#5994=EDGE_CURVE('',#5982,#5606,#5993,.T.);
#5995=ORIENTED_EDGE('',*,*,#5994,.T.);
#5996=EDGE_LOOP('',(#5979,#5980,#5989,#5995));
#5997=FACE_OUTER_BOUND('',#5996,.T.);
#5998=ADVANCED_FACE('',(#5997),#5978,.T.);
#5999=CARTESIAN_POINT('',(-7.750000000000002,4.799999999999999,-0.699999999999999));
#6000=DIRECTION('',(-1.0,0.0,0.0));
#6001=DIRECTION('',(0.0,0.707106781186548,0.707106781186548));
#6002=AXIS2_PLACEMENT_3D('',#5999,#6000,#6001);
#6003=CYLINDRICAL_SURFACE('',#6002,0.1);
#6004=ORIENTED_EDGE('',*,*,#5637,.T.);
#6005=CARTESIAN_POINT('',(-7.750000000000002,4.799999999999999,-0.599999999999999));
#6006=VERTEX_POINT('',#6005);
#6007=CARTESIAN_POINT('',(-7.850000000000001,4.799999999999999,-0.599999999999999));
#6008=DIRECTION('',(1.0,0.0,0.0));
#6009=VECTOR('',#6008,0.1);
#6010=LINE('',#6007,#6009);
#6011=EDGE_CURVE('',#5623,#6006,#6010,.T.);
#6012=ORIENTED_EDGE('',*,*,#6011,.T.);
#6013=CARTESIAN_POINT('',(-7.750000000000002,4.799999999999999,-0.699999999999999));
#6014=DIRECTION('',(1.0,0.0,0.0));
#6015=DIRECTION('',(0.0,0.707106781186548,0.707106781186548));
#6016=AXIS2_PLACEMENT_3D('',#6013,#6014,#6015);
#6017=CIRCLE('',#6016,0.1);
#6018=EDGE_CURVE('',#6006,#5902,#6017,.F.);
#6019=ORIENTED_EDGE('',*,*,#6018,.T.);
#6020=ORIENTED_EDGE('',*,*,#5907,.T.);
#6021=EDGE_LOOP('',(#6004,#6012,#6019,#6020));
#6022=FACE_OUTER_BOUND('',#6021,.T.);
#6023=ADVANCED_FACE('',(#6022),#6003,.T.);
#6024=CARTESIAN_POINT('',(-7.750000000000002,2.899999999999999,-0.599999999999999));
#6025=DIRECTION('',(0.0,0.0,1.0));
#6026=DIRECTION('',(0.0,1.0,0.0));
#6027=AXIS2_PLACEMENT_3D('',#6024,#6025,#6026);
#6028=PLANE('',#6027);
#6029=ORIENTED_EDGE('',*,*,#5791,.F.);
#6030=CARTESIAN_POINT('',(-7.750000000000002,3.649999999999998,-0.599999999999999));
#6031=VERTEX_POINT('',#6030);
#6032=CARTESIAN_POINT('',(-7.750000000000002,3.649999999999998,-0.599999999999999));
#6033=DIRECTION('',(0.0,-1.0,0.0));
#6034=VECTOR('',#6033,0.649999999999999);
#6035=LINE('',#6032,#6034);
#6036=EDGE_CURVE('',#6031,#5779,#6035,.T.);
#6037=ORIENTED_EDGE('',*,*,#6036,.F.);
#6038=CARTESIAN_POINT('',(-7.850000000000001,3.649999999999998,-0.599999999999999));
#6039=DIRECTION('',(1.0,0.0,0.0));
#6040=VECTOR('',#6039,0.1);
#6041=LINE('',#6038,#6040);
#6042=EDGE_CURVE('',#5573,#6031,#6041,.T.);
#6043=ORIENTED_EDGE('',*,*,#6042,.F.);
#6044=ORIENTED_EDGE('',*,*,#5578,.F.);
#6045=EDGE_LOOP('',(#6029,#6037,#6043,#6044));
#6046=FACE_OUTER_BOUND('',#6045,.T.);
#6047=ADVANCED_FACE('',(#6046),#6028,.T.);
#6048=CARTESIAN_POINT('',(-7.750000000000002,2.899999999999999,-0.599999999999999));
#6049=DIRECTION('',(0.0,0.0,1.0));
#6050=DIRECTION('',(0.0,1.0,0.0));
#6051=AXIS2_PLACEMENT_3D('',#6048,#6049,#6050);
#6052=PLANE('',#6051);
#6053=ORIENTED_EDGE('',*,*,#6011,.F.);
#6054=ORIENTED_EDGE('',*,*,#5628,.F.);
#6055=CARTESIAN_POINT('',(-7.750000000000002,4.149999999999999,-0.599999999999999));
#6056=VERTEX_POINT('',#6055);
#6057=CARTESIAN_POINT('',(-7.750000000000002,4.149999999999999,-0.599999999999999));
#6058=DIRECTION('',(-1.0,0.0,0.0));
#6059=VECTOR('',#6058,0.1);
#6060=LINE('',#6057,#6059);
#6061=EDGE_CURVE('',#6056,#5615,#6060,.T.);
#6062=ORIENTED_EDGE('',*,*,#6061,.F.);
#6063=CARTESIAN_POINT('',(-7.750000000000002,4.799999999999999,-0.599999999999999));
#6064=DIRECTION('',(0.0,-1.0,0.0));
#6065=VECTOR('',#6064,0.65);
#6066=LINE('',#6063,#6065);
#6067=EDGE_CURVE('',#6006,#6056,#6066,.T.);
#6068=ORIENTED_EDGE('',*,*,#6067,.F.);
#6069=EDGE_LOOP('',(#6053,#6054,#6062,#6068));
#6070=FACE_OUTER_BOUND('',#6069,.T.);
#6071=ADVANCED_FACE('',(#6070),#6052,.T.);
#6072=CARTESIAN_POINT('',(-7.750000000000002,4.9,-1.1));
#6073=DIRECTION('',(0.0,0.0,-1.0));
#6074=DIRECTION('',(0.0,-1.0,0.0));
#6075=AXIS2_PLACEMENT_3D('',#6072,#6073,#6074);
#6076=PLANE('',#6075);
#6077=ORIENTED_EDGE('',*,*,#5889,.F.);
#6078=CARTESIAN_POINT('',(-7.750000000000002,4.149999999999999,-1.1));
#6079=DIRECTION('',(0.0,1.0,0.0));
#6080=VECTOR('',#6079,0.65);
#6081=LINE('',#6078,#6080);
#6082=EDGE_CURVE('',#5846,#5877,#6081,.T.);
#6083=ORIENTED_EDGE('',*,*,#6082,.F.);
#6084=ORIENTED_EDGE('',*,*,#5851,.F.);
#6085=ORIENTED_EDGE('',*,*,#5662,.F.);
#6086=EDGE_LOOP('',(#6077,#6083,#6084,#6085));
#6087=FACE_OUTER_BOUND('',#6086,.T.);
#6088=ADVANCED_FACE('',(#6087),#6076,.T.);
#6089=CARTESIAN_POINT('',(-7.750000000000002,3.649999999999998,-1.849999999999999));
#6090=DIRECTION('',(0.0,-1.0,0.0));
#6091=DIRECTION('',(0.0,0.0,1.0));
#6092=AXIS2_PLACEMENT_3D('',#6089,#6090,#6091);
#6093=PLANE('',#6092);
#6094=ORIENTED_EDGE('',*,*,#5735,.F.);
#6095=CARTESIAN_POINT('',(-7.750000000000002,3.649999999999998,-1.099999999999999));
#6096=DIRECTION('',(0.0,0.0,-1.0));
#6097=VECTOR('',#6096,0.65);
#6098=LINE('',#6095,#6097);
#6099=EDGE_CURVE('',#5533,#5723,#6098,.T.);
#6100=ORIENTED_EDGE('',*,*,#6099,.F.);
#6101=ORIENTED_EDGE('',*,*,#5538,.T.);
#6102=ORIENTED_EDGE('',*,*,#5702,.F.);
#6103=EDGE_LOOP('',(#6094,#6100,#6101,#6102));
#6104=FACE_OUTER_BOUND('',#6103,.T.);
#6105=ADVANCED_FACE('',(#6104),#6093,.T.);
#6106=CARTESIAN_POINT('',(-7.750000000000002,4.149999999999999,0.150000000000001));
#6107=DIRECTION('',(0.0,1.0,0.0));
#6108=DIRECTION('',(0.0,0.0,-1.0));
#6109=AXIS2_PLACEMENT_3D('',#6106,#6107,#6108);
#6110=PLANE('',#6109);
#6111=ORIENTED_EDGE('',*,*,#5994,.F.);
#6112=CARTESIAN_POINT('',(-7.750000000000002,4.149999999999999,-0.599999999999999));
#6113=DIRECTION('',(0.0,0.0,1.0));
#6114=VECTOR('',#6113,0.65);
#6115=LINE('',#6112,#6114);
#6116=EDGE_CURVE('',#6056,#5982,#6115,.T.);
#6117=ORIENTED_EDGE('',*,*,#6116,.F.);
#6118=ORIENTED_EDGE('',*,*,#6061,.T.);
#6119=ORIENTED_EDGE('',*,*,#5620,.F.);
#6120=EDGE_LOOP('',(#6111,#6117,#6118,#6119));
#6121=FACE_OUTER_BOUND('',#6120,.T.);
#6122=ADVANCED_FACE('',(#6121),#6110,.T.);
#6123=CARTESIAN_POINT('',(-7.750000000000002,3.649999999999998,-1.849999999999999));
#6124=DIRECTION('',(0.0,-1.0,0.0));
#6125=DIRECTION('',(0.0,0.0,1.0));
#6126=AXIS2_PLACEMENT_3D('',#6123,#6124,#6125);
#6127=PLANE('',#6126);
#6128=ORIENTED_EDGE('',*,*,#5930,.F.);
#6129=ORIENTED_EDGE('',*,*,#5586,.F.);
#6130=ORIENTED_EDGE('',*,*,#6042,.T.);
#6131=CARTESIAN_POINT('',(-7.750000000000002,3.649999999999998,0.050000000000002));
#6132=DIRECTION('',(0.0,0.0,-1.0));
#6133=VECTOR('',#6132,0.65);
#6134=LINE('',#6131,#6133);
#6135=EDGE_CURVE('',#5925,#6031,#6134,.T.);
#6136=ORIENTED_EDGE('',*,*,#6135,.F.);
#6137=EDGE_LOOP('',(#6128,#6129,#6130,#6136));
#6138=FACE_OUTER_BOUND('',#6137,.T.);
#6139=ADVANCED_FACE('',(#6138),#6127,.T.);
#6140=CARTESIAN_POINT('',(7.75,4.799999999999999,-1.0));
#6141=DIRECTION('',(1.0,0.0,0.0));
#6142=DIRECTION('',(0.0,0.707106781186548,-0.707106781186548));
#6143=AXIS2_PLACEMENT_3D('',#6140,#6141,#6142);
#6144=CYLINDRICAL_SURFACE('',#6143,0.1);
#6145=CARTESIAN_POINT('',(7.850000000000001,4.9,-1.0));
#6146=VERTEX_POINT('',#6145);
#6147=CARTESIAN_POINT('',(7.850000000000001,4.799999999999999,-1.1));
#6148=VERTEX_POINT('',#6147);
#6149=CARTESIAN_POINT('',(7.850000000000001,4.799999999999999,-1.0));
#6150=DIRECTION('',(-1.0,0.0,0.0));
#6151=DIRECTION('',(0.0,0.707106781186548,-0.707106781186548));
#6152=AXIS2_PLACEMENT_3D('',#6149,#6150,#6151);
#6153=CIRCLE('',#6152,0.1);
#6154=EDGE_CURVE('',#6146,#6148,#6153,.T.);
#6155=ORIENTED_EDGE('',*,*,#6154,.T.);
#6156=CARTESIAN_POINT('',(7.75,4.799999999999999,-1.1));
#6157=VERTEX_POINT('',#6156);
#6158=CARTESIAN_POINT('',(7.85,4.799999999999999,-1.1));
#6159=DIRECTION('',(-1.0,0.0,0.0));
#6160=VECTOR('',#6159,0.1);
#6161=LINE('',#6158,#6160);
#6162=EDGE_CURVE('',#6148,#6157,#6161,.T.);
#6163=ORIENTED_EDGE('',*,*,#6162,.T.);
#6164=CARTESIAN_POINT('',(7.750000000000002,4.9,-1.0));
#6165=VERTEX_POINT('',#6164);
#6166=CARTESIAN_POINT('',(7.749999999999999,4.799999999999999,-1.0));
#6167=DIRECTION('',(-1.0,0.0,0.0));
#6168=DIRECTION('',(0.0,0.707106781186548,-0.707106781186548));
#6169=AXIS2_PLACEMENT_3D('',#6166,#6167,#6168);
#6170=CIRCLE('',#6169,0.1);
#6171=EDGE_CURVE('',#6157,#6165,#6170,.F.);
#6172=ORIENTED_EDGE('',*,*,#6171,.T.);
#6173=CARTESIAN_POINT('',(7.750000000000001,4.9,-1.0));
#6174=DIRECTION('',(1.0,0.0,0.0));
#6175=VECTOR('',#6174,0.099999999999999);
#6176=LINE('',#6173,#6175);
#6177=EDGE_CURVE('',#6165,#6146,#6176,.T.);
#6178=ORIENTED_EDGE('',*,*,#6177,.T.);
#6179=EDGE_LOOP('',(#6155,#6163,#6172,#6178));
#6180=FACE_OUTER_BOUND('',#6179,.T.);
#6181=ADVANCED_FACE('',(#6180),#6144,.T.);
#6182=CARTESIAN_POINT('',(7.75,2.9,-1.1));
#6183=DIRECTION('',(0.0,0.0,-1.0));
#6184=DIRECTION('',(0.0,1.0,0.0));
#6185=AXIS2_PLACEMENT_3D('',#6182,#6183,#6184);
#6186=PLANE('',#6185);
#6187=ORIENTED_EDGE('',*,*,#6162,.F.);
#6188=CARTESIAN_POINT('',(7.850000000000001,2.999999999999999,-1.1));
#6189=VERTEX_POINT('',#6188);
#6190=CARTESIAN_POINT('',(7.850000000000001,3.0,-1.1));
#6191=DIRECTION('',(0.0,1.0,0.0));
#6192=VECTOR('',#6191,1.799999999999999);
#6193=LINE('',#6190,#6192);
#6194=EDGE_CURVE('',#6189,#6148,#6193,.T.);
#6195=ORIENTED_EDGE('',*,*,#6194,.F.);
#6196=CARTESIAN_POINT('',(7.75,2.999999999999999,-1.1));
#6197=VERTEX_POINT('',#6196);
#6198=CARTESIAN_POINT('',(7.75,2.999999999999999,-1.1));
#6199=DIRECTION('',(1.0,0.0,0.0));
#6200=VECTOR('',#6199,0.1);
#6201=LINE('',#6198,#6200);
#6202=EDGE_CURVE('',#6197,#6189,#6201,.T.);
#6203=ORIENTED_EDGE('',*,*,#6202,.F.);
#6204=CARTESIAN_POINT('',(7.75,4.799999999999999,-1.1));
#6205=DIRECTION('',(0.0,-1.0,0.0));
#6206=VECTOR('',#6205,1.799999999999999);
#6207=LINE('',#6204,#6206);
#6208=EDGE_CURVE('',#6157,#6197,#6207,.T.);
#6209=ORIENTED_EDGE('',*,*,#6208,.F.);
#6210=EDGE_LOOP('',(#6187,#6195,#6203,#6209));
#6211=FACE_OUTER_BOUND('',#6210,.T.);
#6212=ADVANCED_FACE('',(#6211),#6186,.T.);
#6213=CARTESIAN_POINT('',(7.850000000000001,3.9,-0.85));
#6214=DIRECTION('',(-1.0,0.0,0.0));
#6215=DIRECTION('',(0.0,0.0,1.0));
#6216=AXIS2_PLACEMENT_3D('',#6213,#6214,#6215);
#6217=PLANE('',#6216);
#6218=ORIENTED_EDGE('',*,*,#6154,.F.);
#6219=CARTESIAN_POINT('',(7.850000000000001,4.9,-0.7));
#6220=VERTEX_POINT('',#6219);
#6221=CARTESIAN_POINT('',(7.850000000000001,4.9,-1.0));
#6222=DIRECTION('',(0.0,0.0,1.0));
#6223=VECTOR('',#6222,0.3);
#6224=LINE('',#6221,#6223);
#6225=EDGE_CURVE('',#6146,#6220,#6224,.T.);
#6226=ORIENTED_EDGE('',*,*,#6225,.T.);
#6227=CARTESIAN_POINT('',(7.850000000000001,4.799999999999999,-0.599999999999999));
#6228=VERTEX_POINT('',#6227);
#6229=CARTESIAN_POINT('',(7.850000000000001,4.799999999999999,-0.7));
#6230=DIRECTION('',(-1.0,0.0,0.0));
#6231=DIRECTION('',(0.0,0.707106781186548,0.707106781186548));
#6232=AXIS2_PLACEMENT_3D('',#6229,#6230,#6231);
#6233=CIRCLE('',#6232,0.1);
#6234=EDGE_CURVE('',#6228,#6220,#6233,.T.);
#6235=ORIENTED_EDGE('',*,*,#6234,.F.);
#6236=CARTESIAN_POINT('',(7.850000000000001,2.999999999999999,-0.599999999999999));
#6237=VERTEX_POINT('',#6236);
#6238=CARTESIAN_POINT('',(7.850000000000001,4.799999999999999,-0.599999999999999));
#6239=DIRECTION('',(0.0,-1.0,0.0));
#6240=VECTOR('',#6239,1.799999999999999);
#6241=LINE('',#6238,#6240);
#6242=EDGE_CURVE('',#6228,#6237,#6241,.T.);
#6243=ORIENTED_EDGE('',*,*,#6242,.T.);
#6244=CARTESIAN_POINT('',(7.850000000000001,2.9,-0.7));
#6245=VERTEX_POINT('',#6244);
#6246=CARTESIAN_POINT('',(7.850000000000001,2.999999999999999,-0.7));
#6247=DIRECTION('',(-1.0,0.0,0.0));
#6248=DIRECTION('',(0.0,-0.707106781186548,0.707106781186548));
#6249=AXIS2_PLACEMENT_3D('',#6246,#6247,#6248);
#6250=CIRCLE('',#6249,0.1);
#6251=EDGE_CURVE('',#6245,#6237,#6250,.T.);
#6252=ORIENTED_EDGE('',*,*,#6251,.F.);
#6253=CARTESIAN_POINT('',(7.850000000000001,2.9,-1.0));
#6254=VERTEX_POINT('',#6253);
#6255=CARTESIAN_POINT('',(7.850000000000001,2.9,-0.7));
#6256=DIRECTION('',(0.0,0.0,-1.0));
#6257=VECTOR('',#6256,0.3);
#6258=LINE('',#6255,#6257);
#6259=EDGE_CURVE('',#6245,#6254,#6258,.T.);
#6260=ORIENTED_EDGE('',*,*,#6259,.T.);
#6261=CARTESIAN_POINT('',(7.850000000000001,2.999999999999999,-1.0));
#6262=DIRECTION('',(-1.0,0.0,0.0));
#6263=DIRECTION('',(0.0,-0.707106781186548,-0.707106781186548));
#6264=AXIS2_PLACEMENT_3D('',#6261,#6262,#6263);
#6265=CIRCLE('',#6264,0.1);
#6266=EDGE_CURVE('',#6189,#6254,#6265,.T.);
#6267=ORIENTED_EDGE('',*,*,#6266,.F.);
#6268=ORIENTED_EDGE('',*,*,#6194,.T.);
#6269=EDGE_LOOP('',(#6218,#6226,#6235,#6243,#6252,#6260,#6267,#6268));
#6270=FACE_OUTER_BOUND('',#6269,.T.);
#6271=ADVANCED_FACE('',(#6270),#6217,.F.);
#6272=CARTESIAN_POINT('',(7.75,2.999999999999999,-1.0));
#6273=DIRECTION('',(1.0,0.0,0.0));
#6274=DIRECTION('',(0.0,-0.707106781186548,-0.707106781186548));
#6275=AXIS2_PLACEMENT_3D('',#6272,#6273,#6274);
#6276=CYLINDRICAL_SURFACE('',#6275,0.1);
#6277=ORIENTED_EDGE('',*,*,#6266,.T.);
#6278=CARTESIAN_POINT('',(7.750000000000002,2.9,-1.0));
#6279=VERTEX_POINT('',#6278);
#6280=CARTESIAN_POINT('',(7.85,2.9,-1.0));
#6281=DIRECTION('',(-1.0,0.0,0.0));
#6282=VECTOR('',#6281,0.099999999999999);
#6283=LINE('',#6280,#6282);
#6284=EDGE_CURVE('',#6254,#6279,#6283,.T.);
#6285=ORIENTED_EDGE('',*,*,#6284,.T.);
#6286=CARTESIAN_POINT('',(7.749999999999999,2.999999999999999,-1.0));
#6287=DIRECTION('',(-1.0,0.0,0.0));
#6288=DIRECTION('',(0.0,-0.707106781186548,-0.707106781186548));
#6289=AXIS2_PLACEMENT_3D('',#6286,#6287,#6288);
#6290=CIRCLE('',#6289,0.1);
#6291=EDGE_CURVE('',#6279,#6197,#6290,.F.);
#6292=ORIENTED_EDGE('',*,*,#6291,.T.);
#6293=ORIENTED_EDGE('',*,*,#6202,.T.);
#6294=EDGE_LOOP('',(#6277,#6285,#6292,#6293));
#6295=FACE_OUTER_BOUND('',#6294,.T.);
#6296=ADVANCED_FACE('',(#6295),#6276,.T.);
#6297=CARTESIAN_POINT('',(7.75,2.9,-0.599999999999999));
#6298=DIRECTION('',(0.0,-1.0,0.0));
#6299=DIRECTION('',(0.0,0.0,-1.0));
#6300=AXIS2_PLACEMENT_3D('',#6297,#6298,#6299);
#6301=PLANE('',#6300);
#6302=ORIENTED_EDGE('',*,*,#6284,.F.);
#6303=ORIENTED_EDGE('',*,*,#6259,.F.);
#6304=CARTESIAN_POINT('',(7.750000000000002,2.9,-0.7));
#6305=VERTEX_POINT('',#6304);
#6306=CARTESIAN_POINT('',(7.750000000000001,2.9,-0.7));
#6307=DIRECTION('',(1.0,0.0,0.0));
#6308=VECTOR('',#6307,0.099999999999999);
#6309=LINE('',#6306,#6308);
#6310=EDGE_CURVE('',#6305,#6245,#6309,.T.);
#6311=ORIENTED_EDGE('',*,*,#6310,.F.);
#6312=CARTESIAN_POINT('',(7.750000000000001,2.9,-1.0));
#6313=DIRECTION('',(0.0,0.0,1.0));
#6314=VECTOR('',#6313,0.300000000000001);
#6315=LINE('',#6312,#6314);
#6316=EDGE_CURVE('',#6279,#6305,#6315,.T.);
#6317=ORIENTED_EDGE('',*,*,#6316,.F.);
#6318=EDGE_LOOP('',(#6302,#6303,#6311,#6317));
#6319=FACE_OUTER_BOUND('',#6318,.T.);
#6320=ADVANCED_FACE('',(#6319),#6301,.T.);
#6321=CARTESIAN_POINT('',(7.75,2.999999999999999,-0.7));
#6322=DIRECTION('',(1.0,0.0,0.0));
#6323=DIRECTION('',(0.0,-0.707106781186548,0.707106781186548));
#6324=AXIS2_PLACEMENT_3D('',#6321,#6322,#6323);
#6325=CYLINDRICAL_SURFACE('',#6324,0.1);
#6326=ORIENTED_EDGE('',*,*,#6251,.T.);
#6327=CARTESIAN_POINT('',(7.75,2.999999999999999,-0.599999999999999));
#6328=VERTEX_POINT('',#6327);
#6329=CARTESIAN_POINT('',(7.85,2.999999999999999,-0.599999999999999));
#6330=DIRECTION('',(-1.0,0.0,0.0));
#6331=VECTOR('',#6330,0.1);
#6332=LINE('',#6329,#6331);
#6333=EDGE_CURVE('',#6237,#6328,#6332,.T.);
#6334=ORIENTED_EDGE('',*,*,#6333,.T.);
#6335=CARTESIAN_POINT('',(7.749999999999999,2.999999999999999,-0.7));
#6336=DIRECTION('',(-1.0,0.0,0.0));
#6337=DIRECTION('',(0.0,-0.707106781186548,0.707106781186548));
#6338=AXIS2_PLACEMENT_3D('',#6335,#6336,#6337);
#6339=CIRCLE('',#6338,0.1);
#6340=EDGE_CURVE('',#6328,#6305,#6339,.F.);
#6341=ORIENTED_EDGE('',*,*,#6340,.T.);
#6342=ORIENTED_EDGE('',*,*,#6310,.T.);
#6343=EDGE_LOOP('',(#6326,#6334,#6341,#6342));
#6344=FACE_OUTER_BOUND('',#6343,.T.);
#6345=ADVANCED_FACE('',(#6344),#6325,.T.);
#6346=CARTESIAN_POINT('',(7.75,4.9,-0.599999999999999));
#6347=DIRECTION('',(0.0,0.0,1.0));
#6348=DIRECTION('',(0.0,-1.0,0.0));
#6349=AXIS2_PLACEMENT_3D('',#6346,#6347,#6348);
#6350=PLANE('',#6349);
#6351=ORIENTED_EDGE('',*,*,#6333,.F.);
#6352=ORIENTED_EDGE('',*,*,#6242,.F.);
#6353=CARTESIAN_POINT('',(7.75,4.799999999999999,-0.599999999999999));
#6354=VERTEX_POINT('',#6353);
#6355=CARTESIAN_POINT('',(7.75,4.799999999999999,-0.599999999999999));
#6356=DIRECTION('',(1.0,0.0,0.0));
#6357=VECTOR('',#6356,0.1);
#6358=LINE('',#6355,#6357);
#6359=EDGE_CURVE('',#6354,#6228,#6358,.T.);
#6360=ORIENTED_EDGE('',*,*,#6359,.F.);
#6361=CARTESIAN_POINT('',(7.75,2.999999999999999,-0.599999999999999));
#6362=DIRECTION('',(0.0,1.0,0.0));
#6363=VECTOR('',#6362,1.8);
#6364=LINE('',#6361,#6363);
#6365=EDGE_CURVE('',#6328,#6354,#6364,.T.);
#6366=ORIENTED_EDGE('',*,*,#6365,.F.);
#6367=EDGE_LOOP('',(#6351,#6352,#6360,#6366));
#6368=FACE_OUTER_BOUND('',#6367,.T.);
#6369=ADVANCED_FACE('',(#6368),#6350,.T.);
#6370=CARTESIAN_POINT('',(7.75,4.799999999999999,-0.7));
#6371=DIRECTION('',(1.0,0.0,0.0));
#6372=DIRECTION('',(0.0,0.707106781186548,0.707106781186548));
#6373=AXIS2_PLACEMENT_3D('',#6370,#6371,#6372);
#6374=CYLINDRICAL_SURFACE('',#6373,0.1);
#6375=ORIENTED_EDGE('',*,*,#6234,.T.);
#6376=CARTESIAN_POINT('',(7.750000000000002,4.9,-0.7));
#6377=VERTEX_POINT('',#6376);
#6378=CARTESIAN_POINT('',(7.85,4.9,-0.7));
#6379=DIRECTION('',(-1.0,0.0,0.0));
#6380=VECTOR('',#6379,0.099999999999999);
#6381=LINE('',#6378,#6380);
#6382=EDGE_CURVE('',#6220,#6377,#6381,.T.);
#6383=ORIENTED_EDGE('',*,*,#6382,.T.);
#6384=CARTESIAN_POINT('',(7.749999999999999,4.799999999999999,-0.7));
#6385=DIRECTION('',(-1.0,0.0,0.0));
#6386=DIRECTION('',(0.0,0.707106781186548,0.707106781186548));
#6387=AXIS2_PLACEMENT_3D('',#6384,#6385,#6386);
#6388=CIRCLE('',#6387,0.1);
#6389=EDGE_CURVE('',#6377,#6354,#6388,.F.);
#6390=ORIENTED_EDGE('',*,*,#6389,.T.);
#6391=ORIENTED_EDGE('',*,*,#6359,.T.);
#6392=EDGE_LOOP('',(#6375,#6383,#6390,#6391));
#6393=FACE_OUTER_BOUND('',#6392,.T.);
#6394=ADVANCED_FACE('',(#6393),#6374,.T.);
#6395=CARTESIAN_POINT('',(7.75,4.9,-1.1));
#6396=DIRECTION('',(0.0,1.0,0.0));
#6397=DIRECTION('',(0.0,0.0,1.0));
#6398=AXIS2_PLACEMENT_3D('',#6395,#6396,#6397);
#6399=PLANE('',#6398);
#6400=ORIENTED_EDGE('',*,*,#6177,.F.);
#6401=CARTESIAN_POINT('',(7.750000000000001,4.9,-0.7));
#6402=DIRECTION('',(0.0,0.0,-1.0));
#6403=VECTOR('',#6402,0.3);
#6404=LINE('',#6401,#6403);
#6405=EDGE_CURVE('',#6377,#6165,#6404,.T.);
#6406=ORIENTED_EDGE('',*,*,#6405,.F.);
#6407=ORIENTED_EDGE('',*,*,#6382,.F.);
#6408=ORIENTED_EDGE('',*,*,#6225,.F.);
#6409=EDGE_LOOP('',(#6400,#6406,#6407,#6408));
#6410=FACE_OUTER_BOUND('',#6409,.T.);
#6411=ADVANCED_FACE('',(#6410),#6399,.T.);
#6412=CARTESIAN_POINT('',(-1.05,0.0,-8.865207111600002));
#6413=DIRECTION('',(0.0,-1.0,0.0));
#6414=DIRECTION('',(-0.707106781186547,0.0,-0.707106781186548));
#6415=AXIS2_PLACEMENT_3D('',#6412,#6413,#6414);
#6416=CYLINDRICAL_SURFACE('',#6415,0.2);
#6417=CARTESIAN_POINT('',(-1.05,-0.1,-9.065207111600003));
#6418=VERTEX_POINT('',#6417);
#6419=CARTESIAN_POINT('',(-1.25,-0.1,-8.865207111600002));
#6420=VERTEX_POINT('',#6419);
#6421=CARTESIAN_POINT('',(-1.05,-0.1,-8.865207111600002));
#6422=DIRECTION('',(0.0,1.0,0.0));
#6423=DIRECTION('',(-0.707106781186547,0.0,-0.707106781186548));
#6424=AXIS2_PLACEMENT_3D('',#6421,#6422,#6423);
#6425=CIRCLE('',#6424,0.2);
#6426=EDGE_CURVE('',#6418,#6420,#6425,.T.);
#6427=ORIENTED_EDGE('',*,*,#6426,.T.);
#6428=CARTESIAN_POINT('',(-1.25,0.0,-8.865207111600002));
#6429=VERTEX_POINT('',#6428);
#6430=CARTESIAN_POINT('',(-1.25,-0.1,-8.865207111600002));
#6431=DIRECTION('',(0.0,1.0,0.0));
#6432=VECTOR('',#6431,0.1);
#6433=LINE('',#6430,#6432);
#6434=EDGE_CURVE('',#6420,#6429,#6433,.T.);
#6435=ORIENTED_EDGE('',*,*,#6434,.T.);
#6436=CARTESIAN_POINT('',(-1.05,0.0,-9.065207111600003));
#6437=VERTEX_POINT('',#6436);
#6438=CARTESIAN_POINT('',(-1.05,0.0,-8.865207111600002));
#6439=DIRECTION('',(0.0,1.0,0.0));
#6440=DIRECTION('',(-0.707106781186547,0.0,-0.707106781186548));
#6441=AXIS2_PLACEMENT_3D('',#6438,#6439,#6440);
#6442=CIRCLE('',#6441,0.2);
#6443=EDGE_CURVE('',#6429,#6437,#6442,.F.);
#6444=ORIENTED_EDGE('',*,*,#6443,.T.);
#6445=CARTESIAN_POINT('',(-1.05,0.0,-9.065207111600003));
#6446=DIRECTION('',(0.0,-1.0,0.0));
#6447=VECTOR('',#6446,0.1);
#6448=LINE('',#6445,#6447);
#6449=EDGE_CURVE('',#6437,#6418,#6448,.T.);
#6450=ORIENTED_EDGE('',*,*,#6449,.T.);
#6451=EDGE_LOOP('',(#6427,#6435,#6444,#6450));
#6452=FACE_OUTER_BOUND('',#6451,.T.);
#6453=ADVANCED_FACE('',(#6452),#6416,.T.);
#6454=CARTESIAN_POINT('',(-1.25,0.0,-7.565207111600001));
#6455=DIRECTION('',(-1.0,0.0,0.0));
#6456=DIRECTION('',(0.0,0.0,-1.0));
#6457=AXIS2_PLACEMENT_3D('',#6454,#6455,#6456);
#6458=PLANE('',#6457);
#6459=ORIENTED_EDGE('',*,*,#6434,.F.);
#6460=CARTESIAN_POINT('',(-1.25,-0.1,-7.565207111600001));
#6461=VERTEX_POINT('',#6460);
#6462=CARTESIAN_POINT('',(-1.25,-0.1,-7.565207111600001));
#6463=DIRECTION('',(0.0,0.0,-1.0));
#6464=VECTOR('',#6463,1.300000000000001);
#6465=LINE('',#6462,#6464);
#6466=EDGE_CURVE('',#6461,#6420,#6465,.T.);
#6467=ORIENTED_EDGE('',*,*,#6466,.F.);
#6468=CARTESIAN_POINT('',(-1.25,0.0,-7.565207111600001));
#6469=VERTEX_POINT('',#6468);
#6470=CARTESIAN_POINT('',(-1.25,0.0,-7.565207111600001));
#6471=DIRECTION('',(0.0,-1.0,0.0));
#6472=VECTOR('',#6471,0.1);
#6473=LINE('',#6470,#6472);
#6474=EDGE_CURVE('',#6469,#6461,#6473,.T.);
#6475=ORIENTED_EDGE('',*,*,#6474,.F.);
#6476=CARTESIAN_POINT('',(-1.25,0.0,-8.865207111600002));
#6477=DIRECTION('',(0.0,0.0,1.0));
#6478=VECTOR('',#6477,1.300000000000001);
#6479=LINE('',#6476,#6478);
#6480=EDGE_CURVE('',#6429,#6469,#6479,.T.);
#6481=ORIENTED_EDGE('',*,*,#6480,.F.);
#6482=EDGE_LOOP('',(#6459,#6467,#6475,#6481));
#6483=FACE_OUTER_BOUND('',#6482,.T.);
#6484=ADVANCED_FACE('',(#6483),#6458,.T.);
#6485=CARTESIAN_POINT('',(-5.204170E-016,-0.1,-8.315207111600001));
#6486=DIRECTION('',(0.0,-1.0,0.0));
#6487=DIRECTION('',(0.0,0.0,-1.0));
#6488=AXIS2_PLACEMENT_3D('',#6485,#6486,#6487);
#6489=PLANE('',#6488);
#6490=ORIENTED_EDGE('',*,*,#6426,.F.);
#6491=CARTESIAN_POINT('',(1.05,-0.1,-9.0652071116));
#6492=VERTEX_POINT('',#6491);
#6493=CARTESIAN_POINT('',(-1.05,-0.1,-9.065207111600003));
#6494=DIRECTION('',(1.0,0.0,0.0));
#6495=VECTOR('',#6494,2.1);
#6496=LINE('',#6493,#6495);
#6497=EDGE_CURVE('',#6418,#6492,#6496,.T.);
#6498=ORIENTED_EDGE('',*,*,#6497,.T.);
#6499=CARTESIAN_POINT('',(1.25,-0.1,-8.8652071116));
#6500=VERTEX_POINT('',#6499);
#6501=CARTESIAN_POINT('',(1.05,-0.1,-8.8652071116));
#6502=DIRECTION('',(0.0,1.0,0.0));
#6503=DIRECTION('',(0.707106781186548,0.0,-0.707106781186548));
#6504=AXIS2_PLACEMENT_3D('',#6501,#6502,#6503);
#6505=CIRCLE('',#6504,0.2);
#6506=EDGE_CURVE('',#6500,#6492,#6505,.T.);
#6507=ORIENTED_EDGE('',*,*,#6506,.F.);
#6508=CARTESIAN_POINT('',(1.25,-0.1,-7.565207111600001));
#6509=VERTEX_POINT('',#6508);
#6510=CARTESIAN_POINT('',(1.25,-0.1,-8.8652071116));
#6511=DIRECTION('',(0.0,0.0,1.0));
#6512=VECTOR('',#6511,1.3);
#6513=LINE('',#6510,#6512);
#6514=EDGE_CURVE('',#6500,#6509,#6513,.T.);
#6515=ORIENTED_EDGE('',*,*,#6514,.T.);
#6516=CARTESIAN_POINT('',(1.25,-0.1,-7.565207111600001));
#6517=DIRECTION('',(-1.0,0.0,0.0));
#6518=VECTOR('',#6517,2.5);
#6519=LINE('',#6516,#6518);
#6520=EDGE_CURVE('',#6509,#6461,#6519,.T.);
#6521=ORIENTED_EDGE('',*,*,#6520,.T.);
#6522=ORIENTED_EDGE('',*,*,#6466,.T.);
#6523=EDGE_LOOP('',(#6490,#6498,#6507,#6515,#6521,#6522));
#6524=FACE_OUTER_BOUND('',#6523,.T.);
#6525=ADVANCED_FACE('',(#6524),#6489,.T.);
#6526=CARTESIAN_POINT('',(1.05,0.0,-8.8652071116));
#6527=DIRECTION('',(0.0,-1.0,0.0));
#6528=DIRECTION('',(0.707106781186548,0.0,-0.707106781186548));
#6529=AXIS2_PLACEMENT_3D('',#6526,#6527,#6528);
#6530=CYLINDRICAL_SURFACE('',#6529,0.2);
#6531=ORIENTED_EDGE('',*,*,#6506,.T.);
#6532=CARTESIAN_POINT('',(1.05,0.0,-9.065207111600001));
#6533=VERTEX_POINT('',#6532);
#6534=CARTESIAN_POINT('',(1.05,-0.1,-9.0652071116));
#6535=DIRECTION('',(0.0,1.0,0.0));
#6536=VECTOR('',#6535,0.1);
#6537=LINE('',#6534,#6536);
#6538=EDGE_CURVE('',#6492,#6533,#6537,.T.);
#6539=ORIENTED_EDGE('',*,*,#6538,.T.);
#6540=CARTESIAN_POINT('',(1.25,0.0,-8.8652071116));
#6541=VERTEX_POINT('',#6540);
#6542=CARTESIAN_POINT('',(1.05,0.0,-8.8652071116));
#6543=DIRECTION('',(0.0,1.0,0.0));
#6544=DIRECTION('',(0.707106781186548,0.0,-0.707106781186548));
#6545=AXIS2_PLACEMENT_3D('',#6542,#6543,#6544);
#6546=CIRCLE('',#6545,0.2);
#6547=EDGE_CURVE('',#6533,#6541,#6546,.F.);
#6548=ORIENTED_EDGE('',*,*,#6547,.T.);
#6549=CARTESIAN_POINT('',(1.25,0.0,-8.8652071116));
#6550=DIRECTION('',(0.0,-1.0,0.0));
#6551=VECTOR('',#6550,0.1);
#6552=LINE('',#6549,#6551);
#6553=EDGE_CURVE('',#6541,#6500,#6552,.T.);
#6554=ORIENTED_EDGE('',*,*,#6553,.T.);
#6555=EDGE_LOOP('',(#6531,#6539,#6548,#6554));
#6556=FACE_OUTER_BOUND('',#6555,.T.);
#6557=ADVANCED_FACE('',(#6556),#6530,.T.);
#6558=CARTESIAN_POINT('',(1.25,0.0,-9.0652071116));
#6559=DIRECTION('',(1.0,0.0,0.0));
#6560=DIRECTION('',(0.0,0.0,1.0));
#6561=AXIS2_PLACEMENT_3D('',#6558,#6559,#6560);
#6562=PLANE('',#6561);
#6563=ORIENTED_EDGE('',*,*,#6553,.F.);
#6564=CARTESIAN_POINT('',(1.25,0.0,-7.565207111600001));
#6565=VERTEX_POINT('',#6564);
#6566=CARTESIAN_POINT('',(1.25,0.0,-7.565207111600001));
#6567=DIRECTION('',(0.0,0.0,-1.0));
#6568=VECTOR('',#6567,1.299999999999999);
#6569=LINE('',#6566,#6568);
#6570=EDGE_CURVE('',#6565,#6541,#6569,.T.);
#6571=ORIENTED_EDGE('',*,*,#6570,.F.);
#6572=CARTESIAN_POINT('',(1.25,0.0,-7.565207111600001));
#6573=DIRECTION('',(0.0,-1.0,0.0));
#6574=VECTOR('',#6573,0.1);
#6575=LINE('',#6572,#6574);
#6576=EDGE_CURVE('',#6565,#6509,#6575,.T.);
#6577=ORIENTED_EDGE('',*,*,#6576,.T.);
#6578=ORIENTED_EDGE('',*,*,#6514,.F.);
#6579=EDGE_LOOP('',(#6563,#6571,#6577,#6578));
#6580=FACE_OUTER_BOUND('',#6579,.T.);
#6581=ADVANCED_FACE('',(#6580),#6562,.T.);
#6582=CARTESIAN_POINT('',(-1.25,0.0,-9.065207111600003));
#6583=DIRECTION('',(0.0,0.0,-1.0));
#6584=DIRECTION('',(1.0,0.0,0.0));
#6585=AXIS2_PLACEMENT_3D('',#6582,#6583,#6584);
#6586=PLANE('',#6585);
#6587=ORIENTED_EDGE('',*,*,#6449,.F.);
#6588=CARTESIAN_POINT('',(1.05,0.0,-9.065207111600001));
#6589=DIRECTION('',(-1.0,0.0,0.0));
#6590=VECTOR('',#6589,2.1);
#6591=LINE('',#6588,#6590);
#6592=EDGE_CURVE('',#6533,#6437,#6591,.T.);
#6593=ORIENTED_EDGE('',*,*,#6592,.F.);
#6594=ORIENTED_EDGE('',*,*,#6538,.F.);
#6595=ORIENTED_EDGE('',*,*,#6497,.F.);
#6596=EDGE_LOOP('',(#6587,#6593,#6594,#6595));
#6597=FACE_OUTER_BOUND('',#6596,.T.);
#6598=ADVANCED_FACE('',(#6597),#6586,.T.);
#6599=CARTESIAN_POINT('',(1.25,0.0,-7.565207111600001));
#6600=DIRECTION('',(0.0,0.0,1.0));
#6601=DIRECTION('',(-1.0,0.0,0.0));
#6602=AXIS2_PLACEMENT_3D('',#6599,#6600,#6601);
#6603=PLANE('',#6602);
#6604=CARTESIAN_POINT('',(-1.25,0.0,-7.565207111600001));
#6605=DIRECTION('',(1.0,0.0,0.0));
#6606=VECTOR('',#6605,2.5);
#6607=LINE('',#6604,#6606);
#6608=EDGE_CURVE('',#6469,#6565,#6607,.T.);
#6609=ORIENTED_EDGE('',*,*,#6608,.F.);
#6610=ORIENTED_EDGE('',*,*,#6474,.T.);
#6611=ORIENTED_EDGE('',*,*,#6520,.F.);
#6612=ORIENTED_EDGE('',*,*,#6576,.F.);
#6613=EDGE_LOOP('',(#6609,#6610,#6611,#6612));
#6614=FACE_OUTER_BOUND('',#6613,.T.);
#6615=ADVANCED_FACE('',(#6614),#6603,.T.);
#6616=CARTESIAN_POINT('',(1.0,0.0,-5.199999999999998));
#6617=DIRECTION('',(0.0,0.0,-1.0));
#6618=DIRECTION('',(-1.0,0.0,0.0));
#6619=AXIS2_PLACEMENT_3D('',#6616,#6617,#6618);
#6620=PLANE('',#6619);
#6621=CARTESIAN_POINT('',(1.0,0.0,-5.199999999999998));
#6622=VERTEX_POINT('',#6621);
#6623=CARTESIAN_POINT('',(-1.0,0.0,-5.199999999999998));
#6624=VERTEX_POINT('',#6623);
#6625=CARTESIAN_POINT('',(1.0,0.0,-5.199999999999998));
#6626=DIRECTION('',(-1.0,0.0,0.0));
#6627=VECTOR('',#6626,2.0);
#6628=LINE('',#6625,#6627);
#6629=EDGE_CURVE('',#6622,#6624,#6628,.T.);
#6630=ORIENTED_EDGE('',*,*,#6629,.F.);
#6631=CARTESIAN_POINT('',(1.0,0.2,-5.199999999999998));
#6632=VERTEX_POINT('',#6631);
#6633=CARTESIAN_POINT('',(1.0,0.0,-5.199999999999998));
#6634=DIRECTION('',(0.0,1.0,0.0));
#6635=VECTOR('',#6634,0.2);
#6636=LINE('',#6633,#6635);
#6637=EDGE_CURVE('',#6622,#6632,#6636,.T.);
#6638=ORIENTED_EDGE('',*,*,#6637,.T.);
#6639=CARTESIAN_POINT('',(-1.0,0.2,-5.199999999999998));
#6640=VERTEX_POINT('',#6639);
#6641=CARTESIAN_POINT('',(1.0,0.2,-5.199999999999998));
#6642=DIRECTION('',(-1.0,0.0,0.0));
#6643=VECTOR('',#6642,2.0);
#6644=LINE('',#6641,#6643);
#6645=EDGE_CURVE('',#6632,#6640,#6644,.T.);
#6646=ORIENTED_EDGE('',*,*,#6645,.T.);
#6647=CARTESIAN_POINT('',(-1.0,0.0,-5.199999999999998));
#6648=DIRECTION('',(0.0,1.0,0.0));
#6649=VECTOR('',#6648,0.2);
#6650=LINE('',#6647,#6649);
#6651=EDGE_CURVE('',#6624,#6640,#6650,.T.);
#6652=ORIENTED_EDGE('',*,*,#6651,.F.);
#6653=EDGE_LOOP('',(#6630,#6638,#6646,#6652));
#6654=FACE_OUTER_BOUND('',#6653,.T.);
#6655=ADVANCED_FACE('',(#6654),#6620,.F.);
#6656=CARTESIAN_POINT('',(1.0,0.0,-4.499999999999999));
#6657=DIRECTION('',(1.0,0.0,0.0));
#6658=DIRECTION('',(0.0,0.0,-1.0));
#6659=AXIS2_PLACEMENT_3D('',#6656,#6657,#6658);
#6660=PLANE('',#6659);
#6661=CARTESIAN_POINT('',(1.0,0.0,-4.499999999999999));
#6662=VERTEX_POINT('',#6661);
#6663=CARTESIAN_POINT('',(1.0,0.0,-4.499999999999999));
#6664=DIRECTION('',(0.0,0.0,-1.0));
#6665=VECTOR('',#6664,0.699999999999999);
#6666=LINE('',#6663,#6665);
#6667=EDGE_CURVE('',#6662,#6622,#6666,.T.);
#6668=ORIENTED_EDGE('',*,*,#6667,.F.);
#6669=CARTESIAN_POINT('',(1.0,0.2,-4.499999999999999));
#6670=VERTEX_POINT('',#6669);
#6671=CARTESIAN_POINT('',(1.0,0.0,-4.499999999999999));
#6672=DIRECTION('',(0.0,1.0,0.0));
#6673=VECTOR('',#6672,0.2);
#6674=LINE('',#6671,#6673);
#6675=EDGE_CURVE('',#6662,#6670,#6674,.T.);
#6676=ORIENTED_EDGE('',*,*,#6675,.T.);
#6677=CARTESIAN_POINT('',(1.0,0.2,-4.499999999999999));
#6678=DIRECTION('',(0.0,0.0,-1.0));
#6679=VECTOR('',#6678,0.699999999999999);
#6680=LINE('',#6677,#6679);
#6681=EDGE_CURVE('',#6670,#6632,#6680,.T.);
#6682=ORIENTED_EDGE('',*,*,#6681,.T.);
#6683=ORIENTED_EDGE('',*,*,#6637,.F.);
#6684=EDGE_LOOP('',(#6668,#6676,#6682,#6683));
#6685=FACE_OUTER_BOUND('',#6684,.T.);
#6686=ADVANCED_FACE('',(#6685),#6660,.F.);
#6687=CARTESIAN_POINT('',(-1.0,0.0,-4.499999999999999));
#6688=DIRECTION('',(0.0,0.0,1.0));
#6689=DIRECTION('',(1.0,0.0,0.0));
#6690=AXIS2_PLACEMENT_3D('',#6687,#6688,#6689);
#6691=PLANE('',#6690);
#6692=CARTESIAN_POINT('',(-1.0,0.0,-4.499999999999999));
#6693=VERTEX_POINT('',#6692);
#6694=CARTESIAN_POINT('',(-1.0,0.0,-4.499999999999999));
#6695=DIRECTION('',(1.0,0.0,0.0));
#6696=VECTOR('',#6695,2.0);
#6697=LINE('',#6694,#6696);
#6698=EDGE_CURVE('',#6693,#6662,#6697,.T.);
#6699=ORIENTED_EDGE('',*,*,#6698,.F.);
#6700=CARTESIAN_POINT('',(-1.0,0.2,-4.499999999999999));
#6701=VERTEX_POINT('',#6700);
#6702=CARTESIAN_POINT('',(-1.0,0.0,-4.499999999999999));
#6703=DIRECTION('',(0.0,1.0,0.0));
#6704=VECTOR('',#6703,0.2);
#6705=LINE('',#6702,#6704);
#6706=EDGE_CURVE('',#6693,#6701,#6705,.T.);
#6707=ORIENTED_EDGE('',*,*,#6706,.T.);
#6708=CARTESIAN_POINT('',(-1.0,0.2,-4.499999999999999));
#6709=DIRECTION('',(1.0,0.0,0.0));
#6710=VECTOR('',#6709,2.0);
#6711=LINE('',#6708,#6710);
#6712=EDGE_CURVE('',#6701,#6670,#6711,.T.);
#6713=ORIENTED_EDGE('',*,*,#6712,.T.);
#6714=ORIENTED_EDGE('',*,*,#6675,.F.);
#6715=EDGE_LOOP('',(#6699,#6707,#6713,#6714));
#6716=FACE_OUTER_BOUND('',#6715,.T.);
#6717=ADVANCED_FACE('',(#6716),#6691,.F.);
#6718=CARTESIAN_POINT('',(-1.0,0.0,-4.699999999999999));
#6719=DIRECTION('',(-1.0,0.0,0.0));
#6720=DIRECTION('',(0.0,0.0,1.0));
#6721=AXIS2_PLACEMENT_3D('',#6718,#6719,#6720);
#6722=PLANE('',#6721);
#6723=CARTESIAN_POINT('',(-1.0,0.0,-5.199999999999998));
#6724=DIRECTION('',(0.0,0.0,1.0));
#6725=VECTOR('',#6724,0.699999999999999);
#6726=LINE('',#6723,#6725);
#6727=EDGE_CURVE('',#6624,#6693,#6726,.T.);
#6728=ORIENTED_EDGE('',*,*,#6727,.F.);
#6729=ORIENTED_EDGE('',*,*,#6651,.T.);
#6730=CARTESIAN_POINT('',(-1.0,0.2,-5.199999999999998));
#6731=DIRECTION('',(0.0,0.0,1.0));
#6732=VECTOR('',#6731,0.699999999999999);
#6733=LINE('',#6730,#6732);
#6734=EDGE_CURVE('',#6640,#6701,#6733,.T.);
#6735=ORIENTED_EDGE('',*,*,#6734,.T.);
#6736=ORIENTED_EDGE('',*,*,#6706,.F.);
#6737=EDGE_LOOP('',(#6728,#6729,#6735,#6736));
#6738=FACE_OUTER_BOUND('',#6737,.T.);
#6739=ADVANCED_FACE('',(#6738),#6722,.F.);
#6740=CARTESIAN_POINT('',(0.0,0.2,-4.6));
#6741=DIRECTION('',(0.0,1.0,0.0));
#6742=DIRECTION('',(0.0,0.0,1.0));
#6743=AXIS2_PLACEMENT_3D('',#6740,#6741,#6742);
#6744=PLANE('',#6743);
#6745=ORIENTED_EDGE('',*,*,#6734,.F.);
#6746=ORIENTED_EDGE('',*,*,#6645,.F.);
#6747=ORIENTED_EDGE('',*,*,#6681,.F.);
#6748=ORIENTED_EDGE('',*,*,#6712,.F.);
#6749=EDGE_LOOP('',(#6745,#6746,#6747,#6748));
#6750=FACE_OUTER_BOUND('',#6749,.T.);
#6751=ADVANCED_FACE('',(#6750),#6744,.F.);
#6752=CARTESIAN_POINT('',(3.238078991339654,0.0,-4.699999999999999));
#6753=DIRECTION('',(1.0,0.0,0.0));
#6754=DIRECTION('',(0.0,0.0,-1.0));
#6755=AXIS2_PLACEMENT_3D('',#6752,#6753,#6754);
#6756=PLANE('',#6755);
#6757=CARTESIAN_POINT('',(3.238078991339654,0.0,-5.199999999999998));
#6758=VERTEX_POINT('',#6757);
#6759=CARTESIAN_POINT('',(3.238078991339654,0.0,-4.699999999999999));
#6760=VERTEX_POINT('',#6759);
#6761=CARTESIAN_POINT('',(3.238078991339654,0.0,-5.199999999999998));
#6762=DIRECTION('',(0.0,0.0,1.0));
#6763=VECTOR('',#6762,0.499999999999998);
#6764=LINE('',#6761,#6763);
#6765=EDGE_CURVE('',#6758,#6760,#6764,.T.);
#6766=ORIENTED_EDGE('',*,*,#6765,.F.);
#6767=CARTESIAN_POINT('',(3.238078991339654,2.0,-5.199999999999998));
#6768=VERTEX_POINT('',#6767);
#6769=CARTESIAN_POINT('',(3.238078991339654,0.0,-5.199999999999998));
#6770=DIRECTION('',(0.0,1.0,0.0));
#6771=VECTOR('',#6770,2.0);
#6772=LINE('',#6769,#6771);
#6773=EDGE_CURVE('',#6758,#6768,#6772,.T.);
#6774=ORIENTED_EDGE('',*,*,#6773,.T.);
#6775=CARTESIAN_POINT('',(3.238078991339654,2.0,-4.699999999999999));
#6776=VERTEX_POINT('',#6775);
#6777=CARTESIAN_POINT('',(3.238078991339654,2.0,-4.699999999999998));
#6778=DIRECTION('',(0.0,0.0,-1.0));
#6779=VECTOR('',#6778,0.499999999999999);
#6780=LINE('',#6777,#6779);
#6781=EDGE_CURVE('',#6776,#6768,#6780,.T.);
#6782=ORIENTED_EDGE('',*,*,#6781,.F.);
#6783=CARTESIAN_POINT('',(3.238078991339654,0.0,-4.699999999999999));
#6784=DIRECTION('',(0.0,1.0,0.0));
#6785=VECTOR('',#6784,2.0);
#6786=LINE('',#6783,#6785);
#6787=EDGE_CURVE('',#6760,#6776,#6786,.T.);
#6788=ORIENTED_EDGE('',*,*,#6787,.F.);
#6789=EDGE_LOOP('',(#6766,#6774,#6782,#6788));
#6790=FACE_OUTER_BOUND('',#6789,.T.);
#6791=ADVANCED_FACE('',(#6790),#6756,.T.);
#6792=CARTESIAN_POINT('',(4.238078991339654,0.0,-4.699999999999999));
#6793=DIRECTION('',(0.0,0.0,-1.0));
#6794=DIRECTION('',(-1.0,0.0,0.0));
#6795=AXIS2_PLACEMENT_3D('',#6792,#6793,#6794);
#6796=PLANE('',#6795);
#6797=CARTESIAN_POINT('',(4.238078991339654,0.0,-4.699999999999999));
#6798=VERTEX_POINT('',#6797);
#6799=CARTESIAN_POINT('',(3.238078991339654,0.0,-4.699999999999999));
#6800=DIRECTION('',(1.0,0.0,0.0));
#6801=VECTOR('',#6800,1.0);
#6802=LINE('',#6799,#6801);
#6803=EDGE_CURVE('',#6760,#6798,#6802,.T.);
#6804=ORIENTED_EDGE('',*,*,#6803,.F.);
#6805=ORIENTED_EDGE('',*,*,#6787,.T.);
#6806=CARTESIAN_POINT('',(4.238078991339654,2.0,-4.699999999999999));
#6807=VERTEX_POINT('',#6806);
#6808=CARTESIAN_POINT('',(4.238078991339654,2.0,-4.699999999999999));
#6809=DIRECTION('',(-1.0,0.0,0.0));
#6810=VECTOR('',#6809,1.0);
#6811=LINE('',#6808,#6810);
#6812=EDGE_CURVE('',#6807,#6776,#6811,.T.);
#6813=ORIENTED_EDGE('',*,*,#6812,.F.);
#6814=CARTESIAN_POINT('',(4.238078991339654,0.0,-4.699999999999999));
#6815=DIRECTION('',(0.0,1.0,0.0));
#6816=VECTOR('',#6815,2.0);
#6817=LINE('',#6814,#6816);
#6818=EDGE_CURVE('',#6798,#6807,#6817,.T.);
#6819=ORIENTED_EDGE('',*,*,#6818,.F.);
#6820=EDGE_LOOP('',(#6804,#6805,#6813,#6819));
#6821=FACE_OUTER_BOUND('',#6820,.T.);
#6822=ADVANCED_FACE('',(#6821),#6796,.T.);
#6823=CARTESIAN_POINT('',(4.238078991339654,0.0,-5.199999999999998));
#6824=DIRECTION('',(-1.0,0.0,0.0));
#6825=DIRECTION('',(0.0,0.0,1.0));
#6826=AXIS2_PLACEMENT_3D('',#6823,#6824,#6825);
#6827=PLANE('',#6826);
#6828=CARTESIAN_POINT('',(4.238078991339654,0.0,-5.199999999999998));
#6829=VERTEX_POINT('',#6828);
#6830=CARTESIAN_POINT('',(4.238078991339654,0.0,-4.699999999999999));
#6831=DIRECTION('',(0.0,0.0,-1.0));
#6832=VECTOR('',#6831,0.499999999999998);
#6833=LINE('',#6830,#6832);
#6834=EDGE_CURVE('',#6798,#6829,#6833,.T.);
#6835=ORIENTED_EDGE('',*,*,#6834,.F.);
#6836=ORIENTED_EDGE('',*,*,#6818,.T.);
#6837=CARTESIAN_POINT('',(4.238078991339654,2.0,-5.199999999999998));
#6838=VERTEX_POINT('',#6837);
#6839=CARTESIAN_POINT('',(4.238078991339654,2.0,-5.199999999999998));
#6840=DIRECTION('',(0.0,0.0,1.0));
#6841=VECTOR('',#6840,0.499999999999999);
#6842=LINE('',#6839,#6841);
#6843=EDGE_CURVE('',#6838,#6807,#6842,.T.);
#6844=ORIENTED_EDGE('',*,*,#6843,.F.);
#6845=CARTESIAN_POINT('',(4.238078991339654,0.0,-5.199999999999998));
#6846=DIRECTION('',(0.0,1.0,0.0));
#6847=VECTOR('',#6846,2.0);
#6848=LINE('',#6845,#6847);
#6849=EDGE_CURVE('',#6829,#6838,#6848,.T.);
#6850=ORIENTED_EDGE('',*,*,#6849,.F.);
#6851=EDGE_LOOP('',(#6835,#6836,#6844,#6850));
#6852=FACE_OUTER_BOUND('',#6851,.T.);
#6853=ADVANCED_FACE('',(#6852),#6827,.T.);
#6854=CARTESIAN_POINT('',(3.238078991339654,0.0,-5.199999999999998));
#6855=DIRECTION('',(0.0,0.0,1.0));
#6856=DIRECTION('',(1.0,0.0,0.0));
#6857=AXIS2_PLACEMENT_3D('',#6854,#6855,#6856);
#6858=PLANE('',#6857);
#6859=CARTESIAN_POINT('',(4.238078991339654,0.0,-5.199999999999998));
#6860=DIRECTION('',(-1.0,0.0,0.0));
#6861=VECTOR('',#6860,1.0);
#6862=LINE('',#6859,#6861);
#6863=EDGE_CURVE('',#6829,#6758,#6862,.T.);
#6864=ORIENTED_EDGE('',*,*,#6863,.F.);
#6865=ORIENTED_EDGE('',*,*,#6849,.T.);
#6866=CARTESIAN_POINT('',(3.238078991339654,2.0,-5.199999999999998));
#6867=DIRECTION('',(1.0,0.0,0.0));
#6868=VECTOR('',#6867,1.0);
#6869=LINE('',#6866,#6868);
#6870=EDGE_CURVE('',#6768,#6838,#6869,.T.);
#6871=ORIENTED_EDGE('',*,*,#6870,.F.);
#6872=ORIENTED_EDGE('',*,*,#6773,.F.);
#6873=EDGE_LOOP('',(#6864,#6865,#6871,#6872));
#6874=FACE_OUTER_BOUND('',#6873,.T.);
#6875=ADVANCED_FACE('',(#6874),#6858,.T.);
#6876=CARTESIAN_POINT('',(3.738078991339653,2.0,-4.949999999999998));
#6877=DIRECTION('',(0.0,-1.0,0.0));
#6878=DIRECTION('',(0.0,0.0,1.0));
#6879=AXIS2_PLACEMENT_3D('',#6876,#6877,#6878);
#6880=PLANE('',#6879);
#6881=ORIENTED_EDGE('',*,*,#6870,.T.);
#6882=ORIENTED_EDGE('',*,*,#6843,.T.);
#6883=ORIENTED_EDGE('',*,*,#6812,.T.);
#6884=ORIENTED_EDGE('',*,*,#6781,.T.);
#6885=EDGE_LOOP('',(#6881,#6882,#6883,#6884));
#6886=FACE_OUTER_BOUND('',#6885,.T.);
#6887=ADVANCED_FACE('',(#6886),#6880,.T.);
#6888=CARTESIAN_POINT('',(3.738078991339653,0.0,-9.150000000000002));
#6889=DIRECTION('',(0.0,-1.0,0.0));
#6890=DIRECTION('',(-1.0,0.0,0.0));
#6891=AXIS2_PLACEMENT_3D('',#6888,#6889,#6890);
#6892=CYLINDRICAL_SURFACE('',#6891,1.05);
#6893=CARTESIAN_POINT('',(2.688078991339653,0.0,-9.150000000000002));
#6894=VERTEX_POINT('',#6893);
#6895=CARTESIAN_POINT('',(2.688078991339653,2.5,-9.150000000000002));
#6896=VERTEX_POINT('',#6895);
#6897=CARTESIAN_POINT('',(2.688078991339653,0.0,-9.150000000000002));
#6898=DIRECTION('',(0.0,1.0,0.0));
#6899=VECTOR('',#6898,2.5);
#6900=LINE('',#6897,#6899);
#6901=EDGE_CURVE('',#6894,#6896,#6900,.T.);
#6902=ORIENTED_EDGE('',*,*,#6901,.T.);
#6903=CARTESIAN_POINT('',(4.788078991339654,2.5,-9.150000000000002));
#6904=VERTEX_POINT('',#6903);
#6905=CARTESIAN_POINT('',(3.738078991339653,2.5,-9.150000000000002));
#6906=DIRECTION('',(0.0,-1.0,0.0));
#6907=DIRECTION('',(-1.0,0.0,0.0));
#6908=AXIS2_PLACEMENT_3D('',#6905,#6906,#6907);
#6909=CIRCLE('',#6908,1.05);
#6910=EDGE_CURVE('',#6904,#6896,#6909,.T.);
#6911=ORIENTED_EDGE('',*,*,#6910,.F.);
#6912=CARTESIAN_POINT('',(4.788078991339654,0.0,-9.150000000000002));
#6913=VERTEX_POINT('',#6912);
#6914=CARTESIAN_POINT('',(4.788078991339654,0.0,-9.150000000000002));
#6915=DIRECTION('',(0.0,1.0,0.0));
#6916=VECTOR('',#6915,2.5);
#6917=LINE('',#6914,#6916);
#6918=EDGE_CURVE('',#6913,#6904,#6917,.T.);
#6919=ORIENTED_EDGE('',*,*,#6918,.F.);
#6920=CARTESIAN_POINT('',(3.738078991339653,0.0,-9.150000000000002));
#6921=DIRECTION('',(0.0,1.0,0.0));
#6922=DIRECTION('',(-1.0,0.0,0.0));
#6923=AXIS2_PLACEMENT_3D('',#6920,#6921,#6922);
#6924=CIRCLE('',#6923,1.05);
#6925=EDGE_CURVE('',#6894,#6913,#6924,.T.);
#6926=ORIENTED_EDGE('',*,*,#6925,.F.);
#6927=EDGE_LOOP('',(#6902,#6911,#6919,#6926));
#6928=FACE_OUTER_BOUND('',#6927,.T.);
#6929=ADVANCED_FACE('',(#6928),#6892,.F.);
#6930=CARTESIAN_POINT('',(3.738078991339653,0.0,-9.150000000000002));
#6931=DIRECTION('',(0.0,-1.0,0.0));
#6932=DIRECTION('',(-1.0,0.0,0.0));
#6933=AXIS2_PLACEMENT_3D('',#6930,#6931,#6932);
#6934=CYLINDRICAL_SURFACE('',#6933,1.05);
#6935=CARTESIAN_POINT('',(3.245719110929854,0.0,-10.077405924157731));
#6936=VERTEX_POINT('',#6935);
#6937=CARTESIAN_POINT('',(3.245719110929854,2.5,-10.077405924157731));
#6938=VERTEX_POINT('',#6937);
#6939=CARTESIAN_POINT('',(3.245719110929854,0.0,-10.077405924157731));
#6940=DIRECTION('',(0.0,1.0,0.0));
#6941=VECTOR('',#6940,2.5);
#6942=LINE('',#6939,#6941);
#6943=EDGE_CURVE('',#6936,#6938,#6942,.T.);
#6944=ORIENTED_EDGE('',*,*,#6943,.F.);
#6945=CARTESIAN_POINT('',(4.230438871749453,0.0,-10.077405924157731));
#6946=VERTEX_POINT('',#6945);
#6947=CARTESIAN_POINT('',(3.738078991339653,0.0,-9.150000000000002));
#6948=DIRECTION('',(0.0,1.0,0.0));
#6949=DIRECTION('',(-1.0,0.0,0.0));
#6950=AXIS2_PLACEMENT_3D('',#6947,#6948,#6949);
#6951=CIRCLE('',#6950,1.05);
#6952=EDGE_CURVE('',#6946,#6936,#6951,.T.);
#6953=ORIENTED_EDGE('',*,*,#6952,.F.);
#6954=CARTESIAN_POINT('',(4.230438871749453,2.5,-10.077405924157731));
#6955=VERTEX_POINT('',#6954);
#6956=CARTESIAN_POINT('',(4.230438871749453,0.0,-10.077405924157731));
#6957=DIRECTION('',(0.0,1.0,0.0));
#6958=VECTOR('',#6957,2.5);
#6959=LINE('',#6956,#6958);
#6960=EDGE_CURVE('',#6946,#6955,#6959,.T.);
#6961=ORIENTED_EDGE('',*,*,#6960,.T.);
#6962=CARTESIAN_POINT('',(3.738078991339653,2.5,-9.150000000000002));
#6963=DIRECTION('',(0.0,-1.0,0.0));
#6964=DIRECTION('',(-1.0,0.0,0.0));
#6965=AXIS2_PLACEMENT_3D('',#6962,#6963,#6964);
#6966=CIRCLE('',#6965,1.05);
#6967=EDGE_CURVE('',#6938,#6955,#6966,.T.);
#6968=ORIENTED_EDGE('',*,*,#6967,.F.);
#6969=EDGE_LOOP('',(#6944,#6953,#6961,#6968));
#6970=FACE_OUTER_BOUND('',#6969,.T.);
#6971=ADVANCED_FACE('',(#6970),#6934,.F.);
#6972=CARTESIAN_POINT('',(4.788078991339654,0.0,-10.077405924157731));
#6973=DIRECTION('',(-1.0,0.0,0.0));
#6974=DIRECTION('',(0.0,0.0,1.0));
#6975=AXIS2_PLACEMENT_3D('',#6972,#6973,#6974);
#6976=PLANE('',#6975);
#6977=CARTESIAN_POINT('',(4.788078991339654,0.0,-10.077405924157731));
#6978=VERTEX_POINT('',#6977);
#6979=CARTESIAN_POINT('',(4.788078991339654,0.0,-9.150000000000002));
#6980=DIRECTION('',(0.0,0.0,-1.0));
#6981=VECTOR('',#6980,0.927405924157728);
#6982=LINE('',#6979,#6981);
#6983=EDGE_CURVE('',#6913,#6978,#6982,.T.);
#6984=ORIENTED_EDGE('',*,*,#6983,.F.);
#6985=ORIENTED_EDGE('',*,*,#6918,.T.);
#6986=CARTESIAN_POINT('',(4.788078991339654,2.5,-10.077405924157731));
#6987=VERTEX_POINT('',#6986);
#6988=CARTESIAN_POINT('',(4.788078991339654,2.5,-10.077405924157729));
#6989=DIRECTION('',(0.0,0.0,1.0));
#6990=VECTOR('',#6989,0.927405924157727);
#6991=LINE('',#6988,#6990);
#6992=EDGE_CURVE('',#6987,#6904,#6991,.T.);
#6993=ORIENTED_EDGE('',*,*,#6992,.F.);
#6994=CARTESIAN_POINT('',(4.788078991339654,0.0,-10.077405924157731));
#6995=DIRECTION('',(0.0,1.0,0.0));
#6996=VECTOR('',#6995,2.5);
#6997=LINE('',#6994,#6996);
#6998=EDGE_CURVE('',#6978,#6987,#6997,.T.);
#6999=ORIENTED_EDGE('',*,*,#6998,.F.);
#7000=EDGE_LOOP('',(#6984,#6985,#6993,#6999));
#7001=FACE_OUTER_BOUND('',#7000,.T.);
#7002=ADVANCED_FACE('',(#7001),#6976,.T.);
#7003=CARTESIAN_POINT('',(4.230438871749453,0.0,-10.077405924157731));
#7004=DIRECTION('',(0.0,0.0,1.0));
#7005=DIRECTION('',(1.0,0.0,0.0));
#7006=AXIS2_PLACEMENT_3D('',#7003,#7004,#7005);
#7007=PLANE('',#7006);
#7008=CARTESIAN_POINT('',(4.788078991339654,0.0,-10.077405924157731));
#7009=DIRECTION('',(-1.0,0.0,0.0));
#7010=VECTOR('',#7009,0.557640119590201);
#7011=LINE('',#7008,#7010);
#7012=EDGE_CURVE('',#6978,#6946,#7011,.T.);
#7013=ORIENTED_EDGE('',*,*,#7012,.F.);
#7014=ORIENTED_EDGE('',*,*,#6998,.T.);
#7015=CARTESIAN_POINT('',(4.230438871749453,2.5,-10.077405924157731));
#7016=DIRECTION('',(1.0,0.0,0.0));
#7017=VECTOR('',#7016,0.557640119590201);
#7018=LINE('',#7015,#7017);
#7019=EDGE_CURVE('',#6955,#6987,#7018,.T.);
#7020=ORIENTED_EDGE('',*,*,#7019,.F.);
#7021=ORIENTED_EDGE('',*,*,#6960,.F.);
#7022=EDGE_LOOP('',(#7013,#7014,#7020,#7021));
#7023=FACE_OUTER_BOUND('',#7022,.T.);
#7024=ADVANCED_FACE('',(#7023),#7007,.T.);
#7025=CARTESIAN_POINT('',(2.688078991339653,0.0,-10.077405924157727));
#7026=DIRECTION('',(0.0,0.0,1.0));
#7027=DIRECTION('',(1.0,0.0,0.0));
#7028=AXIS2_PLACEMENT_3D('',#7025,#7026,#7027);
#7029=PLANE('',#7028);
#7030=CARTESIAN_POINT('',(2.688078991339653,0.0,-10.077405924157727));
#7031=VERTEX_POINT('',#7030);
#7032=CARTESIAN_POINT('',(3.245719110929854,0.0,-10.077405924157727));
#7033=DIRECTION('',(-1.0,0.0,0.0));
#7034=VECTOR('',#7033,0.557640119590201);
#7035=LINE('',#7032,#7034);
#7036=EDGE_CURVE('',#6936,#7031,#7035,.T.);
#7037=ORIENTED_EDGE('',*,*,#7036,.F.);
#7038=ORIENTED_EDGE('',*,*,#6943,.T.);
#7039=CARTESIAN_POINT('',(2.688078991339653,2.5,-10.077405924157727));
#7040=VERTEX_POINT('',#7039);
#7041=CARTESIAN_POINT('',(2.688078991339653,2.5,-10.077405924157729));
#7042=DIRECTION('',(1.0,0.0,0.0));
#7043=VECTOR('',#7042,0.557640119590201);
#7044=LINE('',#7041,#7043);
#7045=EDGE_CURVE('',#7040,#6938,#7044,.T.);
#7046=ORIENTED_EDGE('',*,*,#7045,.F.);
#7047=CARTESIAN_POINT('',(2.688078991339653,0.0,-10.077405924157727));
#7048=DIRECTION('',(0.0,1.0,0.0));
#7049=VECTOR('',#7048,2.5);
#7050=LINE('',#7047,#7049);
#7051=EDGE_CURVE('',#7031,#7040,#7050,.T.);
#7052=ORIENTED_EDGE('',*,*,#7051,.F.);
#7053=EDGE_LOOP('',(#7037,#7038,#7046,#7052));
#7054=FACE_OUTER_BOUND('',#7053,.T.);
#7055=ADVANCED_FACE('',(#7054),#7029,.T.);
#7056=CARTESIAN_POINT('',(2.688078991339653,0.0,-9.150000000000002));
#7057=DIRECTION('',(1.0,0.0,0.0));
#7058=DIRECTION('',(0.0,0.0,-1.0));
#7059=AXIS2_PLACEMENT_3D('',#7056,#7057,#7058);
#7060=PLANE('',#7059);
#7061=CARTESIAN_POINT('',(2.688078991339653,0.0,-10.077405924157727));
#7062=DIRECTION('',(0.0,0.0,1.0));
#7063=VECTOR('',#7062,0.927405924157725);
#7064=LINE('',#7061,#7063);
#7065=EDGE_CURVE('',#7031,#6894,#7064,.T.);
#7066=ORIENTED_EDGE('',*,*,#7065,.F.);
#7067=ORIENTED_EDGE('',*,*,#7051,.T.);
#7068=CARTESIAN_POINT('',(2.688078991339653,2.5,-9.150000000000002));
#7069=DIRECTION('',(0.0,0.0,-1.0));
#7070=VECTOR('',#7069,0.927405924157725);
#7071=LINE('',#7068,#7070);
#7072=EDGE_CURVE('',#6896,#7040,#7071,.T.);
#7073=ORIENTED_EDGE('',*,*,#7072,.F.);
#7074=ORIENTED_EDGE('',*,*,#6901,.F.);
#7075=EDGE_LOOP('',(#7066,#7067,#7073,#7074));
#7076=FACE_OUTER_BOUND('',#7075,.T.);
#7077=ADVANCED_FACE('',(#7076),#7060,.T.);
#7078=CARTESIAN_POINT('',(2.825152076057631,2.5,-9.743036406807036));
#7079=DIRECTION('',(0.0,1.0,0.0));
#7080=DIRECTION('',(0.0,0.0,-1.0));
#7081=AXIS2_PLACEMENT_3D('',#7078,#7079,#7080);
#7082=PLANE('',#7081);
#7083=ORIENTED_EDGE('',*,*,#7072,.T.);
#7084=ORIENTED_EDGE('',*,*,#7045,.T.);
#7085=ORIENTED_EDGE('',*,*,#6967,.T.);
#7086=ORIENTED_EDGE('',*,*,#7019,.T.);
#7087=ORIENTED_EDGE('',*,*,#6992,.T.);
#7088=ORIENTED_EDGE('',*,*,#6910,.T.);
#7089=EDGE_LOOP('',(#7083,#7084,#7085,#7086,#7087,#7088));
#7090=FACE_OUTER_BOUND('',#7089,.T.);
#7091=CARTESIAN_POINT('',(2.738078991339653,2.5,-9.150000000000002));
#7092=VERTEX_POINT('',#7091);
#7093=CARTESIAN_POINT('',(3.738078991339653,2.5,-9.150000000000002));
#7094=DIRECTION('',(0.0,1.0,0.0));
#7095=DIRECTION('',(1.0,0.0,0.0));
#7096=AXIS2_PLACEMENT_3D('',#7093,#7094,#7095);
#7097=CIRCLE('',#7096,1.0);
#7098=EDGE_CURVE('',#7092,#7092,#7097,.T.);
#7099=ORIENTED_EDGE('',*,*,#7098,.T.);
#7100=EDGE_LOOP('',(#7099));
#7101=FACE_BOUND('',#7100,.T.);
#7102=ADVANCED_FACE('',(#7090,#7101),#7082,.F.);
#7103=CARTESIAN_POINT('',(3.749999999999999,8.0,-6.000000000000001));
#7104=DIRECTION('',(1.0,0.0,0.0));
#7105=DIRECTION('',(0.0,0.0,1.0));
#7106=AXIS2_PLACEMENT_3D('',#7103,#7104,#7105);
#7107=PLANE('',#7106);
#7108=CARTESIAN_POINT('',(3.749999999999999,8.0,-5.000000000000002));
#7109=VERTEX_POINT('',#7108);
#7110=CARTESIAN_POINT('',(3.749999999999999,8.0,-6.000000000000001));
#7111=VERTEX_POINT('',#7110);
#7112=CARTESIAN_POINT('',(3.749999999999999,8.0,-5.000000000000002));
#7113=DIRECTION('',(0.0,0.0,-1.0));
#7114=VECTOR('',#7113,0.999999999999999);
#7115=LINE('',#7112,#7114);
#7116=EDGE_CURVE('',#7109,#7111,#7115,.T.);
#7117=ORIENTED_EDGE('',*,*,#7116,.F.);
#7118=CARTESIAN_POINT('',(3.749999999999999,7.850000000000001,-5.000000000000002));
#7119=VERTEX_POINT('',#7118);
#7120=CARTESIAN_POINT('',(3.749999999999999,8.0,-5.000000000000002));
#7121=DIRECTION('',(0.0,-1.0,0.0));
#7122=VECTOR('',#7121,0.15);
#7123=LINE('',#7120,#7122);
#7124=EDGE_CURVE('',#7109,#7119,#7123,.T.);
#7125=ORIENTED_EDGE('',*,*,#7124,.T.);
#7126=CARTESIAN_POINT('',(3.749999999999999,7.850000000000001,-6.000000000000001));
#7127=VERTEX_POINT('',#7126);
#7128=CARTESIAN_POINT('',(3.749999999999999,7.850000000000001,-6.0));
#7129=DIRECTION('',(0.0,0.0,1.0));
#7130=VECTOR('',#7129,0.999999999999998);
#7131=LINE('',#7128,#7130);
#7132=EDGE_CURVE('',#7127,#7119,#7131,.T.);
#7133=ORIENTED_EDGE('',*,*,#7132,.F.);
#7134=CARTESIAN_POINT('',(3.749999999999999,8.0,-6.000000000000001));
#7135=DIRECTION('',(0.0,-1.0,0.0));
#7136=VECTOR('',#7135,0.15);
#7137=LINE('',#7134,#7136);
#7138=EDGE_CURVE('',#7111,#7127,#7137,.T.);
#7139=ORIENTED_EDGE('',*,*,#7138,.F.);
#7140=EDGE_LOOP('',(#7117,#7125,#7133,#7139));
#7141=FACE_OUTER_BOUND('',#7140,.T.);
#7142=ADVANCED_FACE('',(#7141),#7107,.T.);
#7143=CARTESIAN_POINT('',(5.75,8.0,-6.000000000000001));
#7144=DIRECTION('',(0.0,0.0,1.0));
#7145=DIRECTION('',(-1.0,0.0,0.0));
#7146=AXIS2_PLACEMENT_3D('',#7143,#7144,#7145);
#7147=PLANE('',#7146);
#7148=CARTESIAN_POINT('',(5.75,8.0,-6.000000000000001));
#7149=VERTEX_POINT('',#7148);
#7150=CARTESIAN_POINT('',(3.749999999999999,8.0,-6.000000000000001));
#7151=DIRECTION('',(1.0,0.0,0.0));
#7152=VECTOR('',#7151,2.000000000000001);
#7153=LINE('',#7150,#7152);
#7154=EDGE_CURVE('',#7111,#7149,#7153,.T.);
#7155=ORIENTED_EDGE('',*,*,#7154,.F.);
#7156=ORIENTED_EDGE('',*,*,#7138,.T.);
#7157=CARTESIAN_POINT('',(5.75,7.850000000000001,-6.000000000000001));
#7158=VERTEX_POINT('',#7157);
#7159=CARTESIAN_POINT('',(5.75,7.850000000000001,-6.000000000000001));
#7160=DIRECTION('',(-1.0,0.0,0.0));
#7161=VECTOR('',#7160,2.000000000000001);
#7162=LINE('',#7159,#7161);
#7163=EDGE_CURVE('',#7158,#7127,#7162,.T.);
#7164=ORIENTED_EDGE('',*,*,#7163,.F.);
#7165=CARTESIAN_POINT('',(5.75,8.0,-6.000000000000001));
#7166=DIRECTION('',(0.0,-1.0,0.0));
#7167=VECTOR('',#7166,0.15);
#7168=LINE('',#7165,#7167);
#7169=EDGE_CURVE('',#7149,#7158,#7168,.T.);
#7170=ORIENTED_EDGE('',*,*,#7169,.F.);
#7171=EDGE_LOOP('',(#7155,#7156,#7164,#7170));
#7172=FACE_OUTER_BOUND('',#7171,.T.);
#7173=ADVANCED_FACE('',(#7172),#7147,.T.);
#7174=CARTESIAN_POINT('',(5.75,8.0,-5.000000000000002));
#7175=DIRECTION('',(-1.0,0.0,0.0));
#7176=DIRECTION('',(0.0,0.0,-1.0));
#7177=AXIS2_PLACEMENT_3D('',#7174,#7175,#7176);
#7178=PLANE('',#7177);
#7179=CARTESIAN_POINT('',(5.75,8.0,-5.000000000000002));
#7180=VERTEX_POINT('',#7179);
#7181=CARTESIAN_POINT('',(5.75,8.0,-6.000000000000001));
#7182=DIRECTION('',(0.0,0.0,1.0));
#7183=VECTOR('',#7182,0.999999999999999);
#7184=LINE('',#7181,#7183);
#7185=EDGE_CURVE('',#7149,#7180,#7184,.T.);
#7186=ORIENTED_EDGE('',*,*,#7185,.F.);
#7187=ORIENTED_EDGE('',*,*,#7169,.T.);
#7188=CARTESIAN_POINT('',(5.75,7.850000000000001,-5.000000000000002));
#7189=VERTEX_POINT('',#7188);
#7190=CARTESIAN_POINT('',(5.75,7.850000000000001,-5.000000000000002));
#7191=DIRECTION('',(0.0,0.0,-1.0));
#7192=VECTOR('',#7191,0.999999999999999);
#7193=LINE('',#7190,#7192);
#7194=EDGE_CURVE('',#7189,#7158,#7193,.T.);
#7195=ORIENTED_EDGE('',*,*,#7194,.F.);
#7196=CARTESIAN_POINT('',(5.75,8.0,-5.000000000000002));
#7197=DIRECTION('',(0.0,-1.0,0.0));
#7198=VECTOR('',#7197,0.15);
#7199=LINE('',#7196,#7198);
#7200=EDGE_CURVE('',#7180,#7189,#7199,.T.);
#7201=ORIENTED_EDGE('',*,*,#7200,.F.);
#7202=EDGE_LOOP('',(#7186,#7187,#7195,#7201));
#7203=FACE_OUTER_BOUND('',#7202,.T.);
#7204=ADVANCED_FACE('',(#7203),#7178,.T.);
#7205=CARTESIAN_POINT('',(3.749999999999999,8.0,-5.000000000000002));
#7206=DIRECTION('',(0.0,0.0,-1.0));
#7207=DIRECTION('',(1.0,0.0,0.0));
#7208=AXIS2_PLACEMENT_3D('',#7205,#7206,#7207);
#7209=PLANE('',#7208);
#7210=CARTESIAN_POINT('',(5.75,8.0,-5.000000000000002));
#7211=DIRECTION('',(-1.0,0.0,0.0));
#7212=VECTOR('',#7211,2.000000000000001);
#7213=LINE('',#7210,#7212);
#7214=EDGE_CURVE('',#7180,#7109,#7213,.T.);
#7215=ORIENTED_EDGE('',*,*,#7214,.F.);
#7216=ORIENTED_EDGE('',*,*,#7200,.T.);
#7217=CARTESIAN_POINT('',(3.749999999999999,7.850000000000001,-5.000000000000002));
#7218=DIRECTION('',(1.0,0.0,0.0));
#7219=VECTOR('',#7218,2.000000000000001);
#7220=LINE('',#7217,#7219);
#7221=EDGE_CURVE('',#7119,#7189,#7220,.T.);
#7222=ORIENTED_EDGE('',*,*,#7221,.F.);
#7223=ORIENTED_EDGE('',*,*,#7124,.F.);
#7224=EDGE_LOOP('',(#7215,#7216,#7222,#7223));
#7225=FACE_OUTER_BOUND('',#7224,.T.);
#7226=ADVANCED_FACE('',(#7225),#7209,.T.);
#7227=CARTESIAN_POINT('',(4.749999999999997,7.85,-5.500000000000002));
#7228=DIRECTION('',(0.0,-1.0,0.0));
#7229=DIRECTION('',(0.0,0.0,1.0));
#7230=AXIS2_PLACEMENT_3D('',#7227,#7228,#7229);
#7231=PLANE('',#7230);
#7232=ORIENTED_EDGE('',*,*,#7221,.T.);
#7233=ORIENTED_EDGE('',*,*,#7194,.T.);
#7234=ORIENTED_EDGE('',*,*,#7163,.T.);
#7235=ORIENTED_EDGE('',*,*,#7132,.T.);
#7236=EDGE_LOOP('',(#7232,#7233,#7234,#7235));
#7237=FACE_OUTER_BOUND('',#7236,.T.);
#7238=ADVANCED_FACE('',(#7237),#7231,.F.);
#7239=CARTESIAN_POINT('',(3.738078991339653,-2.9,-9.150000000000002));
#7240=DIRECTION('',(0.0,1.0,0.0));
#7241=DIRECTION('',(1.0,0.0,0.0));
#7242=AXIS2_PLACEMENT_3D('',#7239,#7240,#7241);
#7243=CONICAL_SURFACE('',#7242,0.9,45.000000000000007);
#7244=CARTESIAN_POINT('',(2.738078991339653,-2.8,-9.150000000000002));
#7245=VERTEX_POINT('',#7244);
#7246=CARTESIAN_POINT('',(3.738078991339653,-2.8,-9.150000000000002));
#7247=DIRECTION('',(0.0,1.0,0.0));
#7248=DIRECTION('',(1.0,0.0,0.0));
#7249=AXIS2_PLACEMENT_3D('',#7246,#7247,#7248);
#7250=CIRCLE('',#7249,1.0);
#7251=EDGE_CURVE('',#7245,#7245,#7250,.T.);
#7252=ORIENTED_EDGE('',*,*,#7251,.F.);
#7253=EDGE_LOOP('',(#7252));
#7254=FACE_OUTER_BOUND('',#7253,.T.);
#7255=CARTESIAN_POINT('',(2.938078991339653,-3.0,-9.150000000000002));
#7256=VERTEX_POINT('',#7255);
#7257=CARTESIAN_POINT('',(3.738078991339653,-3.0,-9.150000000000002));
#7258=DIRECTION('',(0.0,-1.0,0.0));
#7259=DIRECTION('',(1.0,0.0,0.0));
#7260=AXIS2_PLACEMENT_3D('',#7257,#7258,#7259);
#7261=CIRCLE('',#7260,0.8);
#7262=EDGE_CURVE('',#7256,#7256,#7261,.T.);
#7263=ORIENTED_EDGE('',*,*,#7262,.F.);
#7264=EDGE_LOOP('',(#7263));
#7265=FACE_BOUND('',#7264,.T.);
#7266=ADVANCED_FACE('',(#7254,#7265),#7243,.T.);
#7267=CARTESIAN_POINT('',(3.738078991339653,0.0,-9.150000000000002));
#7268=DIRECTION('',(0.0,1.0,0.0));
#7269=DIRECTION('',(1.0,0.0,0.0));
#7270=AXIS2_PLACEMENT_3D('',#7267,#7268,#7269);
#7271=CYLINDRICAL_SURFACE('',#7270,1.0);
#7272=ORIENTED_EDGE('',*,*,#7098,.F.);
#7273=EDGE_LOOP('',(#7272));
#7274=FACE_OUTER_BOUND('',#7273,.T.);
#7275=ORIENTED_EDGE('',*,*,#7251,.T.);
#7276=EDGE_LOOP('',(#7275));
#7277=FACE_BOUND('',#7276,.T.);
#7278=ADVANCED_FACE('',(#7274,#7277),#7271,.T.);
#7279=CARTESIAN_POINT('',(3.738078991339653,-3.0,-9.150000000000004));
#7280=DIRECTION('',(0.0,-1.0,0.0));
#7281=DIRECTION('',(0.0,0.0,1.0));
#7282=AXIS2_PLACEMENT_3D('',#7279,#7280,#7281);
#7283=PLANE('',#7282);
#7284=ORIENTED_EDGE('',*,*,#7262,.T.);
#7285=EDGE_LOOP('',(#7284));
#7286=FACE_OUTER_BOUND('',#7285,.T.);
#7287=ADVANCED_FACE('',(#7286),#7283,.T.);
#7288=CARTESIAN_POINT('',(-3.749999999999999,8.0,-6.000000000000001));
#7289=DIRECTION('',(1.0,0.0,0.0));
#7290=DIRECTION('',(0.0,0.0,1.0));
#7291=AXIS2_PLACEMENT_3D('',#7288,#7289,#7290);
#7292=PLANE('',#7291);
#7293=CARTESIAN_POINT('',(-3.749999999999999,8.0,-6.000000000000001));
#7294=VERTEX_POINT('',#7293);
#7295=CARTESIAN_POINT('',(-3.749999999999999,8.0,-5.000000000000002));
#7296=VERTEX_POINT('',#7295);
#7297=CARTESIAN_POINT('',(-3.749999999999999,8.0,-6.000000000000001));
#7298=DIRECTION('',(0.0,0.0,1.0));
#7299=VECTOR('',#7298,0.999999999999999);
#7300=LINE('',#7297,#7299);
#7301=EDGE_CURVE('',#7294,#7296,#7300,.T.);
#7302=ORIENTED_EDGE('',*,*,#7301,.F.);
#7303=CARTESIAN_POINT('',(-3.749999999999999,7.850000000000001,-6.000000000000001));
#7304=VERTEX_POINT('',#7303);
#7305=CARTESIAN_POINT('',(-3.749999999999999,8.0,-6.000000000000001));
#7306=DIRECTION('',(0.0,-1.0,0.0));
#7307=VECTOR('',#7306,0.15);
#7308=LINE('',#7305,#7307);
#7309=EDGE_CURVE('',#7294,#7304,#7308,.T.);
#7310=ORIENTED_EDGE('',*,*,#7309,.T.);
#7311=CARTESIAN_POINT('',(-3.749999999999999,7.850000000000001,-5.000000000000002));
#7312=VERTEX_POINT('',#7311);
#7313=CARTESIAN_POINT('',(-3.749999999999999,7.850000000000001,-6.0));
#7314=DIRECTION('',(0.0,0.0,1.0));
#7315=VECTOR('',#7314,0.999999999999998);
#7316=LINE('',#7313,#7315);
#7317=EDGE_CURVE('',#7304,#7312,#7316,.T.);
#7318=ORIENTED_EDGE('',*,*,#7317,.T.);
#7319=CARTESIAN_POINT('',(-3.749999999999999,8.0,-5.000000000000002));
#7320=DIRECTION('',(0.0,-1.0,0.0));
#7321=VECTOR('',#7320,0.15);
#7322=LINE('',#7319,#7321);
#7323=EDGE_CURVE('',#7296,#7312,#7322,.T.);
#7324=ORIENTED_EDGE('',*,*,#7323,.F.);
#7325=EDGE_LOOP('',(#7302,#7310,#7318,#7324));
#7326=FACE_OUTER_BOUND('',#7325,.T.);
#7327=ADVANCED_FACE('',(#7326),#7292,.F.);
#7328=CARTESIAN_POINT('',(-5.75,8.0,-6.000000000000001));
#7329=DIRECTION('',(0.0,0.0,-1.0));
#7330=DIRECTION('',(1.0,0.0,0.0));
#7331=AXIS2_PLACEMENT_3D('',#7328,#7329,#7330);
#7332=PLANE('',#7331);
#7333=CARTESIAN_POINT('',(-5.75,8.0,-6.000000000000001));
#7334=VERTEX_POINT('',#7333);
#7335=CARTESIAN_POINT('',(-5.75,8.0,-6.000000000000001));
#7336=DIRECTION('',(1.0,0.0,0.0));
#7337=VECTOR('',#7336,2.000000000000001);
#7338=LINE('',#7335,#7337);
#7339=EDGE_CURVE('',#7334,#7294,#7338,.T.);
#7340=ORIENTED_EDGE('',*,*,#7339,.F.);
#7341=CARTESIAN_POINT('',(-5.75,7.850000000000001,-6.000000000000001));
#7342=VERTEX_POINT('',#7341);
#7343=CARTESIAN_POINT('',(-5.75,8.0,-6.000000000000001));
#7344=DIRECTION('',(0.0,-1.0,0.0));
#7345=VECTOR('',#7344,0.15);
#7346=LINE('',#7343,#7345);
#7347=EDGE_CURVE('',#7334,#7342,#7346,.T.);
#7348=ORIENTED_EDGE('',*,*,#7347,.T.);
#7349=CARTESIAN_POINT('',(-5.75,7.850000000000001,-6.000000000000001));
#7350=DIRECTION('',(1.0,0.0,0.0));
#7351=VECTOR('',#7350,2.000000000000001);
#7352=LINE('',#7349,#7351);
#7353=EDGE_CURVE('',#7342,#7304,#7352,.T.);
#7354=ORIENTED_EDGE('',*,*,#7353,.T.);
#7355=ORIENTED_EDGE('',*,*,#7309,.F.);
#7356=EDGE_LOOP('',(#7340,#7348,#7354,#7355));
#7357=FACE_OUTER_BOUND('',#7356,.T.);
#7358=ADVANCED_FACE('',(#7357),#7332,.F.);
#7359=CARTESIAN_POINT('',(-5.75,8.0,-5.000000000000002));
#7360=DIRECTION('',(-1.0,0.0,0.0));
#7361=DIRECTION('',(0.0,0.0,-1.0));
#7362=AXIS2_PLACEMENT_3D('',#7359,#7360,#7361);
#7363=PLANE('',#7362);
#7364=CARTESIAN_POINT('',(-5.75,8.0,-5.000000000000002));
#7365=VERTEX_POINT('',#7364);
#7366=CARTESIAN_POINT('',(-5.75,8.0,-5.000000000000002));
#7367=DIRECTION('',(0.0,0.0,-1.0));
#7368=VECTOR('',#7367,0.999999999999999);
#7369=LINE('',#7366,#7368);
#7370=EDGE_CURVE('',#7365,#7334,#7369,.T.);
#7371=ORIENTED_EDGE('',*,*,#7370,.F.);
#7372=CARTESIAN_POINT('',(-5.75,7.850000000000001,-5.000000000000002));
#7373=VERTEX_POINT('',#7372);
#7374=CARTESIAN_POINT('',(-5.75,8.0,-5.000000000000002));
#7375=DIRECTION('',(0.0,-1.0,0.0));
#7376=VECTOR('',#7375,0.15);
#7377=LINE('',#7374,#7376);
#7378=EDGE_CURVE('',#7365,#7373,#7377,.T.);
#7379=ORIENTED_EDGE('',*,*,#7378,.T.);
#7380=CARTESIAN_POINT('',(-5.75,7.850000000000001,-5.000000000000002));
#7381=DIRECTION('',(0.0,0.0,-1.0));
#7382=VECTOR('',#7381,0.999999999999999);
#7383=LINE('',#7380,#7382);
#7384=EDGE_CURVE('',#7373,#7342,#7383,.T.);
#7385=ORIENTED_EDGE('',*,*,#7384,.T.);
#7386=ORIENTED_EDGE('',*,*,#7347,.F.);
#7387=EDGE_LOOP('',(#7371,#7379,#7385,#7386));
#7388=FACE_OUTER_BOUND('',#7387,.T.);
#7389=ADVANCED_FACE('',(#7388),#7363,.F.);
#7390=CARTESIAN_POINT('',(-3.749999999999999,8.0,-5.000000000000002));
#7391=DIRECTION('',(0.0,0.0,1.0));
#7392=DIRECTION('',(-1.0,0.0,0.0));
#7393=AXIS2_PLACEMENT_3D('',#7390,#7391,#7392);
#7394=PLANE('',#7393);
#7395=CARTESIAN_POINT('',(-3.749999999999999,8.0,-5.000000000000002));
#7396=DIRECTION('',(-1.0,0.0,0.0));
#7397=VECTOR('',#7396,2.0);
#7398=LINE('',#7395,#7397);
#7399=EDGE_CURVE('',#7296,#7365,#7398,.T.);
#7400=ORIENTED_EDGE('',*,*,#7399,.F.);
#7401=ORIENTED_EDGE('',*,*,#7323,.T.);
#7402=CARTESIAN_POINT('',(-3.749999999999999,7.850000000000001,-5.000000000000002));
#7403=DIRECTION('',(-1.0,0.0,0.0));
#7404=VECTOR('',#7403,2.000000000000001);
#7405=LINE('',#7402,#7404);
#7406=EDGE_CURVE('',#7312,#7373,#7405,.T.);
#7407=ORIENTED_EDGE('',*,*,#7406,.T.);
#7408=ORIENTED_EDGE('',*,*,#7378,.F.);
#7409=EDGE_LOOP('',(#7400,#7401,#7407,#7408));
#7410=FACE_OUTER_BOUND('',#7409,.T.);
#7411=ADVANCED_FACE('',(#7410),#7394,.F.);
#7412=CARTESIAN_POINT('',(-4.749999999999997,7.85,-5.500000000000002));
#7413=DIRECTION('',(0.0,1.0,0.0));
#7414=DIRECTION('',(0.0,0.0,1.0));
#7415=AXIS2_PLACEMENT_3D('',#7412,#7413,#7414);
#7416=PLANE('',#7415);
#7417=ORIENTED_EDGE('',*,*,#7406,.F.);
#7418=ORIENTED_EDGE('',*,*,#7317,.F.);
#7419=ORIENTED_EDGE('',*,*,#7353,.F.);
#7420=ORIENTED_EDGE('',*,*,#7384,.F.);
#7421=EDGE_LOOP('',(#7417,#7418,#7419,#7420));
#7422=FACE_OUTER_BOUND('',#7421,.T.);
#7423=ADVANCED_FACE('',(#7422),#7416,.T.);
#7424=CARTESIAN_POINT('',(-3.238078991339654,0.0,-4.699999999999999));
#7425=DIRECTION('',(1.0,0.0,0.0));
#7426=DIRECTION('',(0.0,0.0,-1.0));
#7427=AXIS2_PLACEMENT_3D('',#7424,#7425,#7426);
#7428=PLANE('',#7427);
#7429=CARTESIAN_POINT('',(-3.238078991339654,0.0,-4.699999999999999));
#7430=VERTEX_POINT('',#7429);
#7431=CARTESIAN_POINT('',(-3.238078991339654,0.0,-5.199999999999998));
#7432=VERTEX_POINT('',#7431);
#7433=CARTESIAN_POINT('',(-3.238078991339654,0.0,-4.699999999999999));
#7434=DIRECTION('',(0.0,0.0,-1.0));
#7435=VECTOR('',#7434,0.499999999999998);
#7436=LINE('',#7433,#7435);
#7437=EDGE_CURVE('',#7430,#7432,#7436,.T.);
#7438=ORIENTED_EDGE('',*,*,#7437,.F.);
#7439=CARTESIAN_POINT('',(-3.238078991339654,2.0,-4.699999999999999));
#7440=VERTEX_POINT('',#7439);
#7441=CARTESIAN_POINT('',(-3.238078991339654,0.0,-4.699999999999999));
#7442=DIRECTION('',(0.0,1.0,0.0));
#7443=VECTOR('',#7442,2.0);
#7444=LINE('',#7441,#7443);
#7445=EDGE_CURVE('',#7430,#7440,#7444,.T.);
#7446=ORIENTED_EDGE('',*,*,#7445,.T.);
#7447=CARTESIAN_POINT('',(-3.238078991339654,2.0,-5.199999999999998));
#7448=VERTEX_POINT('',#7447);
#7449=CARTESIAN_POINT('',(-3.238078991339654,2.0,-4.699999999999998));
#7450=DIRECTION('',(0.0,0.0,-1.0));
#7451=VECTOR('',#7450,0.499999999999999);
#7452=LINE('',#7449,#7451);
#7453=EDGE_CURVE('',#7440,#7448,#7452,.T.);
#7454=ORIENTED_EDGE('',*,*,#7453,.T.);
#7455=CARTESIAN_POINT('',(-3.238078991339654,0.0,-5.199999999999998));
#7456=DIRECTION('',(0.0,1.0,0.0));
#7457=VECTOR('',#7456,2.0);
#7458=LINE('',#7455,#7457);
#7459=EDGE_CURVE('',#7432,#7448,#7458,.T.);
#7460=ORIENTED_EDGE('',*,*,#7459,.F.);
#7461=EDGE_LOOP('',(#7438,#7446,#7454,#7460));
#7462=FACE_OUTER_BOUND('',#7461,.T.);
#7463=ADVANCED_FACE('',(#7462),#7428,.F.);
#7464=CARTESIAN_POINT('',(-4.238078991339654,0.0,-4.699999999999999));
#7465=DIRECTION('',(0.0,0.0,1.0));
#7466=DIRECTION('',(1.0,0.0,0.0));
#7467=AXIS2_PLACEMENT_3D('',#7464,#7465,#7466);
#7468=PLANE('',#7467);
#7469=CARTESIAN_POINT('',(-4.238078991339654,0.0,-4.699999999999999));
#7470=VERTEX_POINT('',#7469);
#7471=CARTESIAN_POINT('',(-4.238078991339654,0.0,-4.699999999999999));
#7472=DIRECTION('',(1.0,0.0,0.0));
#7473=VECTOR('',#7472,1.0);
#7474=LINE('',#7471,#7473);
#7475=EDGE_CURVE('',#7470,#7430,#7474,.T.);
#7476=ORIENTED_EDGE('',*,*,#7475,.F.);
#7477=CARTESIAN_POINT('',(-4.238078991339654,2.0,-4.699999999999999));
#7478=VERTEX_POINT('',#7477);
#7479=CARTESIAN_POINT('',(-4.238078991339654,0.0,-4.699999999999999));
#7480=DIRECTION('',(0.0,1.0,0.0));
#7481=VECTOR('',#7480,2.0);
#7482=LINE('',#7479,#7481);
#7483=EDGE_CURVE('',#7470,#7478,#7482,.T.);
#7484=ORIENTED_EDGE('',*,*,#7483,.T.);
#7485=CARTESIAN_POINT('',(-4.238078991339654,2.0,-4.699999999999999));
#7486=DIRECTION('',(1.0,0.0,0.0));
#7487=VECTOR('',#7486,1.0);
#7488=LINE('',#7485,#7487);
#7489=EDGE_CURVE('',#7478,#7440,#7488,.T.);
#7490=ORIENTED_EDGE('',*,*,#7489,.T.);
#7491=ORIENTED_EDGE('',*,*,#7445,.F.);
#7492=EDGE_LOOP('',(#7476,#7484,#7490,#7491));
#7493=FACE_OUTER_BOUND('',#7492,.T.);
#7494=ADVANCED_FACE('',(#7493),#7468,.F.);
#7495=CARTESIAN_POINT('',(-4.238078991339654,0.0,-5.199999999999998));
#7496=DIRECTION('',(-1.0,0.0,0.0));
#7497=DIRECTION('',(0.0,0.0,1.0));
#7498=AXIS2_PLACEMENT_3D('',#7495,#7496,#7497);
#7499=PLANE('',#7498);
#7500=CARTESIAN_POINT('',(-4.238078991339654,0.0,-5.199999999999998));
#7501=VERTEX_POINT('',#7500);
#7502=CARTESIAN_POINT('',(-4.238078991339654,0.0,-5.199999999999998));
#7503=DIRECTION('',(0.0,0.0,1.0));
#7504=VECTOR('',#7503,0.499999999999998);
#7505=LINE('',#7502,#7504);
#7506=EDGE_CURVE('',#7501,#7470,#7505,.T.);
#7507=ORIENTED_EDGE('',*,*,#7506,.F.);
#7508=CARTESIAN_POINT('',(-4.238078991339654,2.0,-5.199999999999998));
#7509=VERTEX_POINT('',#7508);
#7510=CARTESIAN_POINT('',(-4.238078991339654,0.0,-5.199999999999998));
#7511=DIRECTION('',(0.0,1.0,0.0));
#7512=VECTOR('',#7511,2.0);
#7513=LINE('',#7510,#7512);
#7514=EDGE_CURVE('',#7501,#7509,#7513,.T.);
#7515=ORIENTED_EDGE('',*,*,#7514,.T.);
#7516=CARTESIAN_POINT('',(-4.238078991339654,2.0,-5.199999999999998));
#7517=DIRECTION('',(0.0,0.0,1.0));
#7518=VECTOR('',#7517,0.499999999999999);
#7519=LINE('',#7516,#7518);
#7520=EDGE_CURVE('',#7509,#7478,#7519,.T.);
#7521=ORIENTED_EDGE('',*,*,#7520,.T.);
#7522=ORIENTED_EDGE('',*,*,#7483,.F.);
#7523=EDGE_LOOP('',(#7507,#7515,#7521,#7522));
#7524=FACE_OUTER_BOUND('',#7523,.T.);
#7525=ADVANCED_FACE('',(#7524),#7499,.F.);
#7526=CARTESIAN_POINT('',(-3.238078991339654,0.0,-5.199999999999998));
#7527=DIRECTION('',(0.0,0.0,-1.0));
#7528=DIRECTION('',(-1.0,0.0,0.0));
#7529=AXIS2_PLACEMENT_3D('',#7526,#7527,#7528);
#7530=PLANE('',#7529);
#7531=CARTESIAN_POINT('',(-3.238078991339654,0.0,-5.199999999999998));
#7532=DIRECTION('',(-1.0,0.0,0.0));
#7533=VECTOR('',#7532,0.999999999999999);
#7534=LINE('',#7531,#7533);
#7535=EDGE_CURVE('',#7432,#7501,#7534,.T.);
#7536=ORIENTED_EDGE('',*,*,#7535,.F.);
#7537=ORIENTED_EDGE('',*,*,#7459,.T.);
#7538=CARTESIAN_POINT('',(-3.238078991339654,2.0,-5.199999999999998));
#7539=DIRECTION('',(-1.0,0.0,0.0));
#7540=VECTOR('',#7539,1.0);
#7541=LINE('',#7538,#7540);
#7542=EDGE_CURVE('',#7448,#7509,#7541,.T.);
#7543=ORIENTED_EDGE('',*,*,#7542,.T.);
#7544=ORIENTED_EDGE('',*,*,#7514,.F.);
#7545=EDGE_LOOP('',(#7536,#7537,#7543,#7544));
#7546=FACE_OUTER_BOUND('',#7545,.T.);
#7547=ADVANCED_FACE('',(#7546),#7530,.F.);
#7548=CARTESIAN_POINT('',(-3.738078991339653,2.0,-4.949999999999998));
#7549=DIRECTION('',(0.0,1.0,0.0));
#7550=DIRECTION('',(0.0,0.0,1.0));
#7551=AXIS2_PLACEMENT_3D('',#7548,#7549,#7550);
#7552=PLANE('',#7551);
#7553=ORIENTED_EDGE('',*,*,#7542,.F.);
#7554=ORIENTED_EDGE('',*,*,#7453,.F.);
#7555=ORIENTED_EDGE('',*,*,#7489,.F.);
#7556=ORIENTED_EDGE('',*,*,#7520,.F.);
#7557=EDGE_LOOP('',(#7553,#7554,#7555,#7556));
#7558=FACE_OUTER_BOUND('',#7557,.T.);
#7559=ADVANCED_FACE('',(#7558),#7552,.F.);
#7560=CARTESIAN_POINT('',(-3.738078991339653,0.0,-9.150000000000002));
#7561=DIRECTION('',(0.0,1.0,0.0));
#7562=DIRECTION('',(1.0,0.0,0.0));
#7563=AXIS2_PLACEMENT_3D('',#7560,#7561,#7562);
#7564=CYLINDRICAL_SURFACE('',#7563,1.05);
#7565=CARTESIAN_POINT('',(-2.688078991339653,0.0,-9.150000000000002));
#7566=VERTEX_POINT('',#7565);
#7567=CARTESIAN_POINT('',(-2.688078991339653,2.5,-9.150000000000002));
#7568=VERTEX_POINT('',#7567);
#7569=CARTESIAN_POINT('',(-2.688078991339653,0.0,-9.150000000000002));
#7570=DIRECTION('',(0.0,1.0,0.0));
#7571=VECTOR('',#7570,2.5);
#7572=LINE('',#7569,#7571);
#7573=EDGE_CURVE('',#7566,#7568,#7572,.T.);
#7574=ORIENTED_EDGE('',*,*,#7573,.F.);
#7575=CARTESIAN_POINT('',(-4.788078991339654,0.0,-9.150000000000002));
#7576=VERTEX_POINT('',#7575);
#7577=CARTESIAN_POINT('',(-3.738078991339653,0.0,-9.150000000000002));
#7578=DIRECTION('',(0.0,1.0,0.0));
#7579=DIRECTION('',(1.0,0.0,0.0));
#7580=AXIS2_PLACEMENT_3D('',#7577,#7578,#7579);
#7581=CIRCLE('',#7580,1.05);
#7582=EDGE_CURVE('',#7576,#7566,#7581,.T.);
#7583=ORIENTED_EDGE('',*,*,#7582,.F.);
#7584=CARTESIAN_POINT('',(-4.788078991339654,2.5,-9.150000000000002));
#7585=VERTEX_POINT('',#7584);
#7586=CARTESIAN_POINT('',(-4.788078991339654,0.0,-9.150000000000002));
#7587=DIRECTION('',(0.0,1.0,0.0));
#7588=VECTOR('',#7587,2.5);
#7589=LINE('',#7586,#7588);
#7590=EDGE_CURVE('',#7576,#7585,#7589,.T.);
#7591=ORIENTED_EDGE('',*,*,#7590,.T.);
#7592=CARTESIAN_POINT('',(-3.738078991339653,2.5,-9.150000000000002));
#7593=DIRECTION('',(0.0,1.0,0.0));
#7594=DIRECTION('',(1.0,0.0,0.0));
#7595=AXIS2_PLACEMENT_3D('',#7592,#7593,#7594);
#7596=CIRCLE('',#7595,1.05);
#7597=EDGE_CURVE('',#7585,#7568,#7596,.T.);
#7598=ORIENTED_EDGE('',*,*,#7597,.T.);
#7599=EDGE_LOOP('',(#7574,#7583,#7591,#7598));
#7600=FACE_OUTER_BOUND('',#7599,.T.);
#7601=ADVANCED_FACE('',(#7600),#7564,.F.);
#7602=CARTESIAN_POINT('',(-3.738078991339653,0.0,-9.150000000000002));
#7603=DIRECTION('',(0.0,1.0,0.0));
#7604=DIRECTION('',(1.0,0.0,0.0));
#7605=AXIS2_PLACEMENT_3D('',#7602,#7603,#7604);
#7606=CYLINDRICAL_SURFACE('',#7605,1.05);
#7607=CARTESIAN_POINT('',(-3.245719110929854,0.0,-10.077405924157731));
#7608=VERTEX_POINT('',#7607);
#7609=CARTESIAN_POINT('',(-3.245719110929854,2.5,-10.077405924157731));
#7610=VERTEX_POINT('',#7609);
#7611=CARTESIAN_POINT('',(-3.245719110929854,0.0,-10.077405924157731));
#7612=DIRECTION('',(0.0,1.0,0.0));
#7613=VECTOR('',#7612,2.5);
#7614=LINE('',#7611,#7613);
#7615=EDGE_CURVE('',#7608,#7610,#7614,.T.);
#7616=ORIENTED_EDGE('',*,*,#7615,.T.);
#7617=CARTESIAN_POINT('',(-4.230438871749453,2.5,-10.077405924157731));
#7618=VERTEX_POINT('',#7617);
#7619=CARTESIAN_POINT('',(-3.738078991339653,2.5,-9.150000000000002));
#7620=DIRECTION('',(0.0,1.0,0.0));
#7621=DIRECTION('',(1.0,0.0,0.0));
#7622=AXIS2_PLACEMENT_3D('',#7619,#7620,#7621);
#7623=CIRCLE('',#7622,1.05);
#7624=EDGE_CURVE('',#7610,#7618,#7623,.T.);
#7625=ORIENTED_EDGE('',*,*,#7624,.T.);
#7626=CARTESIAN_POINT('',(-4.230438871749453,0.0,-10.077405924157731));
#7627=VERTEX_POINT('',#7626);
#7628=CARTESIAN_POINT('',(-4.230438871749453,0.0,-10.077405924157731));
#7629=DIRECTION('',(0.0,1.0,0.0));
#7630=VECTOR('',#7629,2.5);
#7631=LINE('',#7628,#7630);
#7632=EDGE_CURVE('',#7627,#7618,#7631,.T.);
#7633=ORIENTED_EDGE('',*,*,#7632,.F.);
#7634=CARTESIAN_POINT('',(-3.738078991339653,0.0,-9.150000000000002));
#7635=DIRECTION('',(0.0,1.0,0.0));
#7636=DIRECTION('',(1.0,0.0,0.0));
#7637=AXIS2_PLACEMENT_3D('',#7634,#7635,#7636);
#7638=CIRCLE('',#7637,1.05);
#7639=EDGE_CURVE('',#7608,#7627,#7638,.T.);
#7640=ORIENTED_EDGE('',*,*,#7639,.F.);
#7641=EDGE_LOOP('',(#7616,#7625,#7633,#7640));
#7642=FACE_OUTER_BOUND('',#7641,.T.);
#7643=ADVANCED_FACE('',(#7642),#7606,.F.);
#7644=CARTESIAN_POINT('',(-4.788078991339654,0.0,-10.077405924157731));
#7645=DIRECTION('',(-1.0,0.0,0.0));
#7646=DIRECTION('',(0.0,0.0,1.0));
#7647=AXIS2_PLACEMENT_3D('',#7644,#7645,#7646);
#7648=PLANE('',#7647);
#7649=CARTESIAN_POINT('',(-4.788078991339654,0.0,-10.077405924157731));
#7650=VERTEX_POINT('',#7649);
#7651=CARTESIAN_POINT('',(-4.788078991339654,0.0,-10.077405924157731));
#7652=DIRECTION('',(0.0,0.0,1.0));
#7653=VECTOR('',#7652,0.927405924157728);
#7654=LINE('',#7651,#7653);
#7655=EDGE_CURVE('',#7650,#7576,#7654,.T.);
#7656=ORIENTED_EDGE('',*,*,#7655,.F.);
#7657=CARTESIAN_POINT('',(-4.788078991339654,2.5,-10.077405924157731));
#7658=VERTEX_POINT('',#7657);
#7659=CARTESIAN_POINT('',(-4.788078991339654,0.0,-10.077405924157731));
#7660=DIRECTION('',(0.0,1.0,0.0));
#7661=VECTOR('',#7660,2.5);
#7662=LINE('',#7659,#7661);
#7663=EDGE_CURVE('',#7650,#7658,#7662,.T.);
#7664=ORIENTED_EDGE('',*,*,#7663,.T.);
#7665=CARTESIAN_POINT('',(-4.788078991339654,2.5,-10.077405924157729));
#7666=DIRECTION('',(0.0,0.0,1.0));
#7667=VECTOR('',#7666,0.927405924157727);
#7668=LINE('',#7665,#7667);
#7669=EDGE_CURVE('',#7658,#7585,#7668,.T.);
#7670=ORIENTED_EDGE('',*,*,#7669,.T.);
#7671=ORIENTED_EDGE('',*,*,#7590,.F.);
#7672=EDGE_LOOP('',(#7656,#7664,#7670,#7671));
#7673=FACE_OUTER_BOUND('',#7672,.T.);
#7674=ADVANCED_FACE('',(#7673),#7648,.F.);
#7675=CARTESIAN_POINT('',(-4.230438871749453,0.0,-10.077405924157731));
#7676=DIRECTION('',(0.0,0.0,-1.0));
#7677=DIRECTION('',(-1.0,0.0,0.0));
#7678=AXIS2_PLACEMENT_3D('',#7675,#7676,#7677);
#7679=PLANE('',#7678);
#7680=CARTESIAN_POINT('',(-4.230438871749453,0.0,-10.077405924157731));
#7681=DIRECTION('',(-1.0,0.0,0.0));
#7682=VECTOR('',#7681,0.557640119590201);
#7683=LINE('',#7680,#7682);
#7684=EDGE_CURVE('',#7627,#7650,#7683,.T.);
#7685=ORIENTED_EDGE('',*,*,#7684,.F.);
#7686=ORIENTED_EDGE('',*,*,#7632,.T.);
#7687=CARTESIAN_POINT('',(-4.230438871749453,2.5,-10.077405924157731));
#7688=DIRECTION('',(-1.0,0.0,0.0));
#7689=VECTOR('',#7688,0.557640119590201);
#7690=LINE('',#7687,#7689);
#7691=EDGE_CURVE('',#7618,#7658,#7690,.T.);
#7692=ORIENTED_EDGE('',*,*,#7691,.T.);
#7693=ORIENTED_EDGE('',*,*,#7663,.F.);
#7694=EDGE_LOOP('',(#7685,#7686,#7692,#7693));
#7695=FACE_OUTER_BOUND('',#7694,.T.);
#7696=ADVANCED_FACE('',(#7695),#7679,.F.);
#7697=CARTESIAN_POINT('',(-2.688078991339653,0.0,-10.077405924157727));
#7698=DIRECTION('',(0.0,0.0,-1.0));
#7699=DIRECTION('',(-1.0,0.0,0.0));
#7700=AXIS2_PLACEMENT_3D('',#7697,#7698,#7699);
#7701=PLANE('',#7700);
#7702=CARTESIAN_POINT('',(-2.688078991339653,0.0,-10.077405924157727));
#7703=VERTEX_POINT('',#7702);
#7704=CARTESIAN_POINT('',(-2.688078991339653,0.0,-10.077405924157725));
#7705=DIRECTION('',(-1.0,0.0,0.0));
#7706=VECTOR('',#7705,0.557640119590201);
#7707=LINE('',#7704,#7706);
#7708=EDGE_CURVE('',#7703,#7608,#7707,.T.);
#7709=ORIENTED_EDGE('',*,*,#7708,.F.);
#7710=CARTESIAN_POINT('',(-2.688078991339653,2.5,-10.077405924157727));
#7711=VERTEX_POINT('',#7710);
#7712=CARTESIAN_POINT('',(-2.688078991339653,0.0,-10.077405924157727));
#7713=DIRECTION('',(0.0,1.0,0.0));
#7714=VECTOR('',#7713,2.5);
#7715=LINE('',#7712,#7714);
#7716=EDGE_CURVE('',#7703,#7711,#7715,.T.);
#7717=ORIENTED_EDGE('',*,*,#7716,.T.);
#7718=CARTESIAN_POINT('',(-2.688078991339653,2.5,-10.077405924157729));
#7719=DIRECTION('',(-1.0,0.0,0.0));
#7720=VECTOR('',#7719,0.557640119590201);
#7721=LINE('',#7718,#7720);
#7722=EDGE_CURVE('',#7711,#7610,#7721,.T.);
#7723=ORIENTED_EDGE('',*,*,#7722,.T.);
#7724=ORIENTED_EDGE('',*,*,#7615,.F.);
#7725=EDGE_LOOP('',(#7709,#7717,#7723,#7724));
#7726=FACE_OUTER_BOUND('',#7725,.T.);
#7727=ADVANCED_FACE('',(#7726),#7701,.F.);
#7728=CARTESIAN_POINT('',(-2.688078991339653,0.0,-9.150000000000002));
#7729=DIRECTION('',(1.0,0.0,0.0));
#7730=DIRECTION('',(0.0,0.0,-1.0));
#7731=AXIS2_PLACEMENT_3D('',#7728,#7729,#7730);
#7732=PLANE('',#7731);
#7733=CARTESIAN_POINT('',(-2.688078991339653,0.0,-9.150000000000002));
#7734=DIRECTION('',(0.0,0.0,-1.0));
#7735=VECTOR('',#7734,0.927405924157725);
#7736=LINE('',#7733,#7735);
#7737=EDGE_CURVE('',#7566,#7703,#7736,.T.);
#7738=ORIENTED_EDGE('',*,*,#7737,.F.);
#7739=ORIENTED_EDGE('',*,*,#7573,.T.);
#7740=CARTESIAN_POINT('',(-2.688078991339653,2.5,-9.150000000000002));
#7741=DIRECTION('',(0.0,0.0,-1.0));
#7742=VECTOR('',#7741,0.927405924157725);
#7743=LINE('',#7740,#7742);
#7744=EDGE_CURVE('',#7568,#7711,#7743,.T.);
#7745=ORIENTED_EDGE('',*,*,#7744,.T.);
#7746=ORIENTED_EDGE('',*,*,#7716,.F.);
#7747=EDGE_LOOP('',(#7738,#7739,#7745,#7746));
#7748=FACE_OUTER_BOUND('',#7747,.T.);
#7749=ADVANCED_FACE('',(#7748),#7732,.F.);
#7750=CARTESIAN_POINT('',(-2.825152076057631,2.5,-9.743036406807036));
#7751=DIRECTION('',(0.0,-1.0,0.0));
#7752=DIRECTION('',(0.0,0.0,-1.0));
#7753=AXIS2_PLACEMENT_3D('',#7750,#7751,#7752);
#7754=PLANE('',#7753);
#7755=ORIENTED_EDGE('',*,*,#7744,.F.);
#7756=ORIENTED_EDGE('',*,*,#7597,.F.);
#7757=ORIENTED_EDGE('',*,*,#7669,.F.);
#7758=ORIENTED_EDGE('',*,*,#7691,.F.);
#7759=ORIENTED_EDGE('',*,*,#7624,.F.);
#7760=ORIENTED_EDGE('',*,*,#7722,.F.);
#7761=EDGE_LOOP('',(#7755,#7756,#7757,#7758,#7759,#7760));
#7762=FACE_OUTER_BOUND('',#7761,.T.);
#7763=CARTESIAN_POINT('',(-2.738078991339653,2.5,-9.150000000000002));
#7764=VERTEX_POINT('',#7763);
#7765=CARTESIAN_POINT('',(-3.738078991339653,2.5,-9.150000000000002));
#7766=DIRECTION('',(0.0,-1.0,0.0));
#7767=DIRECTION('',(-1.0,0.0,0.0));
#7768=AXIS2_PLACEMENT_3D('',#7765,#7766,#7767);
#7769=CIRCLE('',#7768,1.0);
#7770=EDGE_CURVE('',#7764,#7764,#7769,.T.);
#7771=ORIENTED_EDGE('',*,*,#7770,.F.);
#7772=EDGE_LOOP('',(#7771));
#7773=FACE_BOUND('',#7772,.T.);
#7774=ADVANCED_FACE('',(#7762,#7773),#7754,.T.);
#7775=CARTESIAN_POINT('',(-3.738078991339653,-2.9,-9.150000000000002));
#7776=DIRECTION('',(0.0,1.0,0.0));
#7777=DIRECTION('',(-1.0,0.0,0.0));
#7778=AXIS2_PLACEMENT_3D('',#7775,#7776,#7777);
#7779=CONICAL_SURFACE('',#7778,0.9,45.000000000000007);
#7780=CARTESIAN_POINT('',(-2.738078991339653,-2.8,-9.150000000000002));
#7781=VERTEX_POINT('',#7780);
#7782=CARTESIAN_POINT('',(-3.738078991339653,-2.8,-9.150000000000002));
#7783=DIRECTION('',(0.0,-1.0,0.0));
#7784=DIRECTION('',(-1.0,0.0,0.0));
#7785=AXIS2_PLACEMENT_3D('',#7782,#7783,#7784);
#7786=CIRCLE('',#7785,1.0);
#7787=EDGE_CURVE('',#7781,#7781,#7786,.T.);
#7788=ORIENTED_EDGE('',*,*,#7787,.T.);
#7789=EDGE_LOOP('',(#7788));
#7790=FACE_OUTER_BOUND('',#7789,.T.);
#7791=CARTESIAN_POINT('',(-2.938078991339653,-3.0,-9.150000000000002));
#7792=VERTEX_POINT('',#7791);
#7793=CARTESIAN_POINT('',(-3.738078991339653,-3.0,-9.150000000000002));
#7794=DIRECTION('',(0.0,1.0,0.0));
#7795=DIRECTION('',(-1.0,0.0,0.0));
#7796=AXIS2_PLACEMENT_3D('',#7793,#7794,#7795);
#7797=CIRCLE('',#7796,0.8);
#7798=EDGE_CURVE('',#7792,#7792,#7797,.T.);
#7799=ORIENTED_EDGE('',*,*,#7798,.T.);
#7800=EDGE_LOOP('',(#7799));
#7801=FACE_BOUND('',#7800,.T.);
#7802=ADVANCED_FACE('',(#7790,#7801),#7779,.T.);
#7803=CARTESIAN_POINT('',(-3.738078991339653,0.0,-9.150000000000002));
#7804=DIRECTION('',(0.0,-1.0,0.0));
#7805=DIRECTION('',(-1.0,0.0,0.0));
#7806=AXIS2_PLACEMENT_3D('',#7803,#7804,#7805);
#7807=CYLINDRICAL_SURFACE('',#7806,1.0);
#7808=ORIENTED_EDGE('',*,*,#7770,.T.);
#7809=EDGE_LOOP('',(#7808));
#7810=FACE_OUTER_BOUND('',#7809,.T.);
#7811=ORIENTED_EDGE('',*,*,#7787,.F.);
#7812=EDGE_LOOP('',(#7811));
#7813=FACE_BOUND('',#7812,.T.);
#7814=ADVANCED_FACE('',(#7810,#7813),#7807,.T.);
#7815=CARTESIAN_POINT('',(-3.738078991339653,-3.0,-9.150000000000004));
#7816=DIRECTION('',(0.0,1.0,0.0));
#7817=DIRECTION('',(0.0,0.0,1.0));
#7818=AXIS2_PLACEMENT_3D('',#7815,#7816,#7817);
#7819=PLANE('',#7818);
#7820=ORIENTED_EDGE('',*,*,#7798,.F.);
#7821=EDGE_LOOP('',(#7820));
#7822=FACE_OUTER_BOUND('',#7821,.T.);
#7823=ADVANCED_FACE('',(#7822),#7819,.F.);
#7824=CARTESIAN_POINT('',(6.725000000000002,-3.3,-4.025265372500003));
#7825=DIRECTION('',(0.0,1.0,0.0));
#7826=DIRECTION('',(0.0,0.0,-1.0));
#7827=AXIS2_PLACEMENT_3D('',#7824,#7825,#7826);
#7828=PLANE('',#7827);
#7829=ORIENTED_EDGE('',*,*,#342,.F.);
#7830=CARTESIAN_POINT('',(6.550000000000002,-3.3,-3.850265372500004));
#7831=VERTEX_POINT('',#7830);
#7832=CARTESIAN_POINT('',(6.550000000000002,-3.3,-3.850265372500004));
#7833=DIRECTION('',(1.0,0.0,0.0));
#7834=VECTOR('',#7833,0.350000000000001);
#7835=LINE('',#7832,#7834);
#7836=EDGE_CURVE('',#7831,#329,#7835,.T.);
#7837=ORIENTED_EDGE('',*,*,#7836,.F.);
#7838=CARTESIAN_POINT('',(6.550000000000002,-3.3,-4.200265372500003));
#7839=VERTEX_POINT('',#7838);
#7840=CARTESIAN_POINT('',(6.550000000000002,-3.3,-4.200265372500003));
#7841=DIRECTION('',(0.0,0.0,1.0));
#7842=VECTOR('',#7841,0.35);
#7843=LINE('',#7840,#7842);
#7844=EDGE_CURVE('',#7839,#7831,#7843,.T.);
#7845=ORIENTED_EDGE('',*,*,#7844,.F.);
#7846=CARTESIAN_POINT('',(6.900000000000002,-3.3,-4.200265372500003));
#7847=DIRECTION('',(-1.0,0.0,0.0));
#7848=VECTOR('',#7847,0.350000000000001);
#7849=LINE('',#7846,#7848);
#7850=EDGE_CURVE('',#337,#7839,#7849,.T.);
#7851=ORIENTED_EDGE('',*,*,#7850,.F.);
#7852=EDGE_LOOP('',(#7829,#7837,#7845,#7851));
#7853=FACE_OUTER_BOUND('',#7852,.T.);
#7854=ADVANCED_FACE('',(#7853),#7828,.F.);
#7855=CARTESIAN_POINT('',(6.900000000000002,-2.3,-4.500265372500004));
#7856=DIRECTION('',(0.0,0.287347885566346,0.957826285221151));
#7857=DIRECTION('',(1.0,0.0,0.0));
#7858=AXIS2_PLACEMENT_3D('',#7855,#7856,#7857);
#7859=PLANE('',#7858);
#7860=CARTESIAN_POINT('',(6.550000000000003,-2.3,-4.500132686250003));
#7861=VERTEX_POINT('',#7860);
#7862=CARTESIAN_POINT('',(6.900000000000002,-2.3,-4.500000000000004));
#7863=DIRECTION('',(-1.0,0.0,0.0));
#7864=VECTOR('',#7863,0.350000000000001);
#7865=LINE('',#7862,#7864);
#7866=EDGE_CURVE('',#345,#7861,#7865,.T.);
#7867=ORIENTED_EDGE('',*,*,#7866,.F.);
#7868=ORIENTED_EDGE('',*,*,#350,.T.);
#7869=ORIENTED_EDGE('',*,*,#7850,.T.);
#7870=CARTESIAN_POINT('',(6.550000000000003,-2.3,-4.500265372500004));
#7871=DIRECTION('',(-8.507206E-016,-0.957826285221152,0.287347885566345));
#7872=VECTOR('',#7871,1.044030650891055);
#7873=LINE('',#7870,#7872);
#7874=EDGE_CURVE('',#7861,#7839,#7873,.T.);
#7875=ORIENTED_EDGE('',*,*,#7874,.F.);
#7876=EDGE_LOOP('',(#7867,#7868,#7869,#7875));
#7877=FACE_OUTER_BOUND('',#7876,.T.);
#7878=ADVANCED_FACE('',(#7877),#7859,.F.);
#7879=CARTESIAN_POINT('',(6.550000000000002,-2.3,-3.850265372500004));
#7880=DIRECTION('',(0.0,0.0,-1.0));
#7881=DIRECTION('',(-1.0,0.0,0.0));
#7882=AXIS2_PLACEMENT_3D('',#7879,#7880,#7881);
#7883=PLANE('',#7882);
#7884=CARTESIAN_POINT('',(6.550000000000002,-2.3,-3.850132686250003));
#7885=VERTEX_POINT('',#7884);
#7886=CARTESIAN_POINT('',(6.550000000000002,-2.3,-3.850265372500004));
#7887=DIRECTION('',(1.0,0.0,0.0));
#7888=VECTOR('',#7887,0.350000000000001);
#7889=LINE('',#7886,#7888);
#7890=EDGE_CURVE('',#7885,#327,#7889,.T.);
#7891=ORIENTED_EDGE('',*,*,#7890,.F.);
#7892=CARTESIAN_POINT('',(6.550000000000002,-2.3,-3.850265372500004));
#7893=DIRECTION('',(0.0,-1.0,0.0));
#7894=VECTOR('',#7893,1.0);
#7895=LINE('',#7892,#7894);
#7896=EDGE_CURVE('',#7885,#7831,#7895,.T.);
#7897=ORIENTED_EDGE('',*,*,#7896,.T.);
#7898=ORIENTED_EDGE('',*,*,#7836,.T.);
#7899=ORIENTED_EDGE('',*,*,#334,.F.);
#7900=EDGE_LOOP('',(#7891,#7897,#7898,#7899));
#7901=FACE_OUTER_BOUND('',#7900,.T.);
#7902=ADVANCED_FACE('',(#7901),#7883,.F.);
#7903=CARTESIAN_POINT('',(6.550000000000001,2.7,-3.500000000000003));
#7904=DIRECTION('',(1.0,0.0,0.0));
#7905=DIRECTION('',(0.0,0.0,-1.0));
#7906=AXIS2_PLACEMENT_3D('',#7903,#7904,#7905);
#7907=PLANE('',#7906);
#7908=CARTESIAN_POINT('',(6.550000000000003,-0.3,-2.534265372500004));
#7909=VERTEX_POINT('',#7908);
#7910=CARTESIAN_POINT('',(6.550000000000002,-0.3,-2.534265372500004));
#7911=DIRECTION('',(0.0,0.0,-1.0));
#7912=VECTOR('',#7911,0.65);
#7913=LINE('',#7910,#7912);
#7914=EDGE_CURVE('',#7909,#258,#7913,.T.);
#7915=ORIENTED_EDGE('',*,*,#7914,.T.);
#7916=CARTESIAN_POINT('',(6.550000000000002,-3.3,-3.184265372500004));
#7917=VERTEX_POINT('',#7916);
#7918=CARTESIAN_POINT('',(6.550000000000002,-0.3,-3.184265372500004));
#7919=DIRECTION('',(0.0,-1.0,0.0));
#7920=VECTOR('',#7919,3.0);
#7921=LINE('',#7918,#7920);
#7922=EDGE_CURVE('',#258,#7917,#7921,.T.);
#7923=ORIENTED_EDGE('',*,*,#7922,.T.);
#7924=CARTESIAN_POINT('',(6.550000000000002,-3.3,-2.834265372500004));
#7925=VERTEX_POINT('',#7924);
#7926=CARTESIAN_POINT('',(6.550000000000002,-3.3,-2.834265372500004));
#7927=DIRECTION('',(0.0,0.0,-1.0));
#7928=VECTOR('',#7927,0.35);
#7929=LINE('',#7926,#7928);
#7930=EDGE_CURVE('',#7925,#7917,#7929,.T.);
#7931=ORIENTED_EDGE('',*,*,#7930,.F.);
#7932=CARTESIAN_POINT('',(6.550000000000003,-2.3,-2.534265372500004));
#7933=VERTEX_POINT('',#7932);
#7934=CARTESIAN_POINT('',(6.550000000000003,-2.3,-2.534265372500004));
#7935=DIRECTION('',(-8.507206E-016,-0.957826285221151,-0.287347885566346));
#7936=VECTOR('',#7935,1.044030650891055);
#7937=LINE('',#7934,#7936);
#7938=EDGE_CURVE('',#7933,#7925,#7937,.T.);
#7939=ORIENTED_EDGE('',*,*,#7938,.F.);
#7940=CARTESIAN_POINT('',(6.550000000000003,-0.3,-2.534265372500004));
#7941=DIRECTION('',(0.0,-1.0,0.0));
#7942=VECTOR('',#7941,2.0);
#7943=LINE('',#7940,#7942);
#7944=EDGE_CURVE('',#7909,#7933,#7943,.T.);
#7945=ORIENTED_EDGE('',*,*,#7944,.F.);
#7946=EDGE_LOOP('',(#7915,#7923,#7931,#7939,#7945));
#7947=FACE_OUTER_BOUND('',#7946,.T.);
#7948=ADVANCED_FACE('',(#7947),#7907,.F.);
#7949=CARTESIAN_POINT('',(6.725000000000002,-3.3,-3.009265372500004));
#7950=DIRECTION('',(0.0,-1.0,0.0));
#7951=DIRECTION('',(0.0,0.0,1.0));
#7952=AXIS2_PLACEMENT_3D('',#7949,#7950,#7951);
#7953=PLANE('',#7952);
#7954=ORIENTED_EDGE('',*,*,#414,.T.);
#7955=CARTESIAN_POINT('',(6.900000000000002,-3.3,-2.834265372500004));
#7956=DIRECTION('',(-1.0,0.0,0.0));
#7957=VECTOR('',#7956,0.350000000000001);
#7958=LINE('',#7955,#7957);
#7959=EDGE_CURVE('',#401,#7925,#7958,.T.);
#7960=ORIENTED_EDGE('',*,*,#7959,.T.);
#7961=ORIENTED_EDGE('',*,*,#7930,.T.);
#7962=CARTESIAN_POINT('',(6.550000000000002,-3.3,-3.184265372500004));
#7963=DIRECTION('',(1.0,0.0,0.0));
#7964=VECTOR('',#7963,0.350000000000001);
#7965=LINE('',#7962,#7964);
#7966=EDGE_CURVE('',#7917,#409,#7965,.T.);
#7967=ORIENTED_EDGE('',*,*,#7966,.T.);
#7968=EDGE_LOOP('',(#7954,#7960,#7961,#7967));
#7969=FACE_OUTER_BOUND('',#7968,.T.);
#7970=ADVANCED_FACE('',(#7969),#7953,.T.);
#7971=CARTESIAN_POINT('',(6.900000000000002,-2.3,-2.534265372500004));
#7972=DIRECTION('',(0.0,-0.287347885566346,0.957826285221151));
#7973=DIRECTION('',(1.0,0.0,0.0));
#7974=AXIS2_PLACEMENT_3D('',#7971,#7972,#7973);
#7975=PLANE('',#7974);
#7976=CARTESIAN_POINT('',(6.550000000000003,-2.3,-2.534265372500004));
#7977=DIRECTION('',(1.0,0.0,0.0));
#7978=VECTOR('',#7977,0.35);
#7979=LINE('',#7976,#7978);
#7980=EDGE_CURVE('',#7933,#393,#7979,.T.);
#7981=ORIENTED_EDGE('',*,*,#7980,.F.);
#7982=ORIENTED_EDGE('',*,*,#7938,.T.);
#7983=ORIENTED_EDGE('',*,*,#7959,.F.);
#7984=ORIENTED_EDGE('',*,*,#406,.F.);
#7985=EDGE_LOOP('',(#7981,#7982,#7983,#7984));
#7986=FACE_OUTER_BOUND('',#7985,.T.);
#7987=ADVANCED_FACE('',(#7986),#7975,.T.);
#7988=CARTESIAN_POINT('',(6.550000000000002,-0.3,-3.850000000000003));
#7989=DIRECTION('',(0.0,0.0,-1.0));
#7990=DIRECTION('',(1.0,0.0,0.0));
#7991=AXIS2_PLACEMENT_3D('',#7988,#7989,#7990);
#7992=PLANE('',#7991);
#7993=CARTESIAN_POINT('',(6.550000000000002,-0.3,-3.850000000000003));
#7994=DIRECTION('',(0.0,-1.0,0.0));
#7995=VECTOR('',#7994,2.0);
#7996=LINE('',#7993,#7995);
#7997=EDGE_CURVE('',#256,#7885,#7996,.T.);
#7998=ORIENTED_EDGE('',*,*,#7997,.T.);
#7999=ORIENTED_EDGE('',*,*,#7890,.T.);
#8000=ORIENTED_EDGE('',*,*,#427,.F.);
#8001=ORIENTED_EDGE('',*,*,#316,.T.);
#8002=ORIENTED_EDGE('',*,*,#271,.F.);
#8003=EDGE_LOOP('',(#7998,#7999,#8000,#8001,#8002));
#8004=FACE_OUTER_BOUND('',#8003,.T.);
#8005=ADVANCED_FACE('',(#8004),#7992,.F.);
#8006=CARTESIAN_POINT('',(6.550000000000003,-0.3,-2.534265372500004));
#8007=DIRECTION('',(0.0,0.0,-1.0));
#8008=DIRECTION('',(1.0,0.0,0.0));
#8009=AXIS2_PLACEMENT_3D('',#8006,#8007,#8008);
#8010=PLANE('',#8009);
#8011=CARTESIAN_POINT('',(6.900000000000002,-0.3,-2.534265372500004));
#8012=DIRECTION('',(-1.0,0.0,0.0));
#8013=VECTOR('',#8012,0.35);
#8014=LINE('',#8011,#8013);
#8015=EDGE_CURVE('',#385,#7909,#8014,.T.);
#8016=ORIENTED_EDGE('',*,*,#8015,.T.);
#8017=ORIENTED_EDGE('',*,*,#7944,.T.);
#8018=ORIENTED_EDGE('',*,*,#7980,.T.);
#8019=ORIENTED_EDGE('',*,*,#398,.F.);
#8020=EDGE_LOOP('',(#8016,#8017,#8018,#8019));
#8021=FACE_OUTER_BOUND('',#8020,.T.);
#8022=ADVANCED_FACE('',(#8021),#8010,.F.);
#8023=CARTESIAN_POINT('',(6.900000000000002,-0.3,-3.184265372500004));
#8024=DIRECTION('',(0.0,0.0,1.0));
#8025=DIRECTION('',(-1.0,0.0,0.0));
#8026=AXIS2_PLACEMENT_3D('',#8023,#8024,#8025);
#8027=PLANE('',#8026);
#8028=ORIENTED_EDGE('',*,*,#420,.T.);
#8029=ORIENTED_EDGE('',*,*,#7966,.F.);
#8030=ORIENTED_EDGE('',*,*,#7922,.F.);
#8031=ORIENTED_EDGE('',*,*,#285,.T.);
#8032=ORIENTED_EDGE('',*,*,#309,.T.);
#8033=EDGE_LOOP('',(#8028,#8029,#8030,#8031,#8032));
#8034=FACE_OUTER_BOUND('',#8033,.T.);
#8035=ADVANCED_FACE('',(#8034),#8027,.F.);
#8036=CARTESIAN_POINT('',(6.550000000000002,5.700000000000001,-4.500000000000004));
#8037=DIRECTION('',(0.0,0.0,1.0));
#8038=DIRECTION('',(0.0,-1.0,0.0));
#8039=AXIS2_PLACEMENT_3D('',#8036,#8037,#8038);
#8040=PLANE('',#8039);
#8041=CARTESIAN_POINT('',(6.550000000000002,-0.3,-4.500000000000004));
#8042=VERTEX_POINT('',#8041);
#8043=CARTESIAN_POINT('',(6.550000000000002,-0.3,-4.500000000000004));
#8044=DIRECTION('',(1.0,0.0,0.0));
#8045=VECTOR('',#8044,0.350000000000001);
#8046=LINE('',#8043,#8045);
#8047=EDGE_CURVE('',#8042,#353,#8046,.T.);
#8048=ORIENTED_EDGE('',*,*,#8047,.T.);
#8049=ORIENTED_EDGE('',*,*,#358,.T.);
#8050=ORIENTED_EDGE('',*,*,#7866,.T.);
#8051=CARTESIAN_POINT('',(6.550000000000002,-0.3,-4.500000000000004));
#8052=DIRECTION('',(0.0,-1.0,0.0));
#8053=VECTOR('',#8052,1.999999999999999);
#8054=LINE('',#8051,#8053);
#8055=EDGE_CURVE('',#8042,#7861,#8054,.T.);
#8056=ORIENTED_EDGE('',*,*,#8055,.F.);
#8057=EDGE_LOOP('',(#8048,#8049,#8050,#8056));
#8058=FACE_OUTER_BOUND('',#8057,.T.);
#8059=ADVANCED_FACE('',(#8058),#8040,.F.);
#8060=CARTESIAN_POINT('',(6.550000000000002,5.700000000000001,-2.500000000000004));
#8061=DIRECTION('',(0.0,-1.0,0.0));
#8062=DIRECTION('',(0.0,0.0,-1.0));
#8063=AXIS2_PLACEMENT_3D('',#8060,#8061,#8062);
#8064=PLANE('',#8063);
#8065=CARTESIAN_POINT('',(6.550000000000002,5.700000000000001,-2.500000000000004));
#8066=VERTEX_POINT('',#8065);
#8067=CARTESIAN_POINT('',(6.550000000000002,5.700000000000001,-4.500000000000004));
#8068=VERTEX_POINT('',#8067);
#8069=CARTESIAN_POINT('',(6.550000000000002,5.700000000000001,-2.500000000000004));
#8070=DIRECTION('',(0.0,0.0,-1.0));
#8071=VECTOR('',#8070,2.0);
#8072=LINE('',#8069,#8071);
#8073=EDGE_CURVE('',#8066,#8068,#8072,.T.);
#8074=ORIENTED_EDGE('',*,*,#8073,.F.);
#8075=CARTESIAN_POINT('',(6.900000000000002,5.700000000000001,-2.500000000000004));
#8076=DIRECTION('',(-1.0,0.0,0.0));
#8077=VECTOR('',#8076,0.350000000000001);
#8078=LINE('',#8075,#8077);
#8079=EDGE_CURVE('',#369,#8066,#8078,.T.);
#8080=ORIENTED_EDGE('',*,*,#8079,.F.);
#8081=ORIENTED_EDGE('',*,*,#374,.T.);
#8082=CARTESIAN_POINT('',(6.550000000000002,5.700000000000001,-4.500000000000004));
#8083=DIRECTION('',(1.0,0.0,0.0));
#8084=VECTOR('',#8083,0.350000000000001);
#8085=LINE('',#8082,#8084);
#8086=EDGE_CURVE('',#8068,#361,#8085,.T.);
#8087=ORIENTED_EDGE('',*,*,#8086,.F.);
#8088=EDGE_LOOP('',(#8074,#8080,#8081,#8087));
#8089=FACE_OUTER_BOUND('',#8088,.T.);
#8090=ADVANCED_FACE('',(#8089),#8064,.F.);
#8091=CARTESIAN_POINT('',(6.550000000000001,2.7,-3.500000000000003));
#8092=DIRECTION('',(1.0,0.0,0.0));
#8093=DIRECTION('',(0.0,0.0,-1.0));
#8094=AXIS2_PLACEMENT_3D('',#8091,#8092,#8093);
#8095=PLANE('',#8094);
#8096=ORIENTED_EDGE('',*,*,#7997,.F.);
#8097=CARTESIAN_POINT('',(6.550000000000002,-0.3,-3.850000000000004));
#8098=DIRECTION('',(0.0,0.0,-1.0));
#8099=VECTOR('',#8098,0.65);
#8100=LINE('',#8097,#8099);
#8101=EDGE_CURVE('',#256,#8042,#8100,.T.);
#8102=ORIENTED_EDGE('',*,*,#8101,.T.);
#8103=ORIENTED_EDGE('',*,*,#8055,.T.);
#8104=ORIENTED_EDGE('',*,*,#7874,.T.);
#8105=ORIENTED_EDGE('',*,*,#7844,.T.);
#8106=ORIENTED_EDGE('',*,*,#7896,.F.);
#8107=EDGE_LOOP('',(#8096,#8102,#8103,#8104,#8105,#8106));
#8108=FACE_OUTER_BOUND('',#8107,.T.);
#8109=ADVANCED_FACE('',(#8108),#8095,.F.);
#8110=CARTESIAN_POINT('',(6.550000000000002,8.0,-4.500000000000004));
#8111=DIRECTION('',(1.0,0.0,0.0));
#8112=DIRECTION('',(0.0,0.0,1.0));
#8113=AXIS2_PLACEMENT_3D('',#8110,#8111,#8112);
#8114=PLANE('',#8113);
#8115=ORIENTED_EDGE('',*,*,#8073,.T.);
#8116=CARTESIAN_POINT('',(6.550000000000002,8.0,-4.500000000000004));
#8117=VERTEX_POINT('',#8116);
#8118=CARTESIAN_POINT('',(6.550000000000002,8.0,-4.500000000000004));
#8119=DIRECTION('',(0.0,-1.0,0.0));
#8120=VECTOR('',#8119,2.3);
#8121=LINE('',#8118,#8120);
#8122=EDGE_CURVE('',#8117,#8068,#8121,.T.);
#8123=ORIENTED_EDGE('',*,*,#8122,.F.);
#8124=CARTESIAN_POINT('',(6.550000000000002,8.0,-2.500000000000004));
#8125=VERTEX_POINT('',#8124);
#8126=CARTESIAN_POINT('',(6.550000000000002,8.0,-2.500000000000003));
#8127=DIRECTION('',(0.0,0.0,-1.0));
#8128=VECTOR('',#8127,2.0);
#8129=LINE('',#8126,#8128);
#8130=EDGE_CURVE('',#8125,#8117,#8129,.T.);
#8131=ORIENTED_EDGE('',*,*,#8130,.F.);
#8132=CARTESIAN_POINT('',(6.550000000000002,8.0,-2.500000000000004));
#8133=DIRECTION('',(0.0,-1.0,0.0));
#8134=VECTOR('',#8133,2.299999999999999);
#8135=LINE('',#8132,#8134);
#8136=EDGE_CURVE('',#8125,#8066,#8135,.T.);
#8137=ORIENTED_EDGE('',*,*,#8136,.T.);
#8138=EDGE_LOOP('',(#8115,#8123,#8131,#8137));
#8139=FACE_OUTER_BOUND('',#8138,.T.);
#8140=ADVANCED_FACE('',(#8139),#8114,.T.);
#8141=CARTESIAN_POINT('',(-6.725000000000002,-3.3,-4.025265372500003));
#8142=DIRECTION('',(0.0,-1.0,0.0));
#8143=DIRECTION('',(0.0,0.0,-1.0));
#8144=AXIS2_PLACEMENT_3D('',#8141,#8142,#8143);
#8145=PLANE('',#8144);
#8146=ORIENTED_EDGE('',*,*,#239,.T.);
#8147=CARTESIAN_POINT('',(-6.550000000000002,-3.3,-4.200265372500003));
#8148=VERTEX_POINT('',#8147);
#8149=CARTESIAN_POINT('',(-6.900000000000002,-3.3,-4.200265372500003));
#8150=DIRECTION('',(1.0,0.0,0.0));
#8151=VECTOR('',#8150,0.350000000000001);
#8152=LINE('',#8149,#8151);
#8153=EDGE_CURVE('',#226,#8148,#8152,.T.);
#8154=ORIENTED_EDGE('',*,*,#8153,.T.);
#8155=CARTESIAN_POINT('',(-6.550000000000002,-3.3,-3.850265372500004));
#8156=VERTEX_POINT('',#8155);
#8157=CARTESIAN_POINT('',(-6.550000000000002,-3.3,-4.200265372500003));
#8158=DIRECTION('',(0.0,0.0,1.0));
#8159=VECTOR('',#8158,0.35);
#8160=LINE('',#8157,#8159);
#8161=EDGE_CURVE('',#8148,#8156,#8160,.T.);
#8162=ORIENTED_EDGE('',*,*,#8161,.T.);
#8163=CARTESIAN_POINT('',(-6.550000000000002,-3.3,-3.850265372500004));
#8164=DIRECTION('',(-1.0,0.0,0.0));
#8165=VECTOR('',#8164,0.350000000000001);
#8166=LINE('',#8163,#8165);
#8167=EDGE_CURVE('',#8156,#234,#8166,.T.);
#8168=ORIENTED_EDGE('',*,*,#8167,.T.);
#8169=EDGE_LOOP('',(#8146,#8154,#8162,#8168));
#8170=FACE_OUTER_BOUND('',#8169,.T.);
#8171=ADVANCED_FACE('',(#8170),#8145,.T.);
#8172=CARTESIAN_POINT('',(-6.900000000000002,-2.3,-4.500265372500004));
#8173=DIRECTION('',(0.0,-0.287347885566346,-0.957826285221151));
#8174=DIRECTION('',(-1.0,0.0,0.0));
#8175=AXIS2_PLACEMENT_3D('',#8172,#8173,#8174);
#8176=PLANE('',#8175);
#8177=CARTESIAN_POINT('',(-6.550000000000003,-2.3,-4.500132686250003));
#8178=VERTEX_POINT('',#8177);
#8179=CARTESIAN_POINT('',(-6.900000000000002,-2.3,-4.500000000000004));
#8180=DIRECTION('',(1.0,0.0,0.0));
#8181=VECTOR('',#8180,0.350000000000001);
#8182=LINE('',#8179,#8181);
#8183=EDGE_CURVE('',#218,#8178,#8182,.T.);
#8184=ORIENTED_EDGE('',*,*,#8183,.T.);
#8185=CARTESIAN_POINT('',(-6.550000000000003,-2.3,-4.500265372500004));
#8186=DIRECTION('',(8.507206E-016,-0.957826285221152,0.287347885566345));
#8187=VECTOR('',#8186,1.044030650891055);
#8188=LINE('',#8185,#8187);
#8189=EDGE_CURVE('',#8178,#8148,#8188,.T.);
#8190=ORIENTED_EDGE('',*,*,#8189,.T.);
#8191=ORIENTED_EDGE('',*,*,#8153,.F.);
#8192=ORIENTED_EDGE('',*,*,#231,.F.);
#8193=EDGE_LOOP('',(#8184,#8190,#8191,#8192));
#8194=FACE_OUTER_BOUND('',#8193,.T.);
#8195=ADVANCED_FACE('',(#8194),#8176,.T.);
#8196=CARTESIAN_POINT('',(-6.550000000000002,-2.3,-3.850265372500004));
#8197=DIRECTION('',(0.0,0.0,1.0));
#8198=DIRECTION('',(1.0,0.0,0.0));
#8199=AXIS2_PLACEMENT_3D('',#8196,#8197,#8198);
#8200=PLANE('',#8199);
#8201=CARTESIAN_POINT('',(-6.550000000000002,-2.3,-3.850132686250003));
#8202=VERTEX_POINT('',#8201);
#8203=CARTESIAN_POINT('',(-6.900000000000002,-2.3,-3.850265372500004));
#8204=DIRECTION('',(1.0,0.0,0.0));
#8205=VECTOR('',#8204,0.350000000000001);
#8206=LINE('',#8203,#8205);
#8207=EDGE_CURVE('',#145,#8202,#8206,.T.);
#8208=ORIENTED_EDGE('',*,*,#8207,.F.);
#8209=ORIENTED_EDGE('',*,*,#245,.T.);
#8210=ORIENTED_EDGE('',*,*,#8167,.F.);
#8211=CARTESIAN_POINT('',(-6.550000000000002,-2.3,-3.850265372500004));
#8212=DIRECTION('',(0.0,-1.0,0.0));
#8213=VECTOR('',#8212,1.0);
#8214=LINE('',#8211,#8213);
#8215=EDGE_CURVE('',#8202,#8156,#8214,.T.);
#8216=ORIENTED_EDGE('',*,*,#8215,.F.);
#8217=EDGE_LOOP('',(#8208,#8209,#8210,#8216));
#8218=FACE_OUTER_BOUND('',#8217,.T.);
#8219=ADVANCED_FACE('',(#8218),#8200,.T.);
#8220=CARTESIAN_POINT('',(-6.725000000000002,-3.3,-3.009265372500004));
#8221=DIRECTION('',(0.0,1.0,0.0));
#8222=DIRECTION('',(0.0,0.0,1.0));
#8223=AXIS2_PLACEMENT_3D('',#8220,#8221,#8222);
#8224=PLANE('',#8223);
#8225=ORIENTED_EDGE('',*,*,#167,.F.);
#8226=CARTESIAN_POINT('',(-6.550000000000002,-3.3,-3.184265372500004));
#8227=VERTEX_POINT('',#8226);
#8228=CARTESIAN_POINT('',(-6.550000000000002,-3.3,-3.184265372500004));
#8229=DIRECTION('',(-1.0,0.0,0.0));
#8230=VECTOR('',#8229,0.350000000000001);
#8231=LINE('',#8228,#8230);
#8232=EDGE_CURVE('',#8227,#154,#8231,.T.);
#8233=ORIENTED_EDGE('',*,*,#8232,.F.);
#8234=CARTESIAN_POINT('',(-6.550000000000002,-3.3,-2.834265372500004));
#8235=VERTEX_POINT('',#8234);
#8236=CARTESIAN_POINT('',(-6.550000000000002,-3.3,-2.834265372500004));
#8237=DIRECTION('',(0.0,0.0,-1.0));
#8238=VECTOR('',#8237,0.35);
#8239=LINE('',#8236,#8238);
#8240=EDGE_CURVE('',#8235,#8227,#8239,.T.);
#8241=ORIENTED_EDGE('',*,*,#8240,.F.);
#8242=CARTESIAN_POINT('',(-6.900000000000002,-3.3,-2.834265372500004));
#8243=DIRECTION('',(1.0,0.0,0.0));
#8244=VECTOR('',#8243,0.350000000000001);
#8245=LINE('',#8242,#8244);
#8246=EDGE_CURVE('',#162,#8235,#8245,.T.);
#8247=ORIENTED_EDGE('',*,*,#8246,.F.);
#8248=EDGE_LOOP('',(#8225,#8233,#8241,#8247));
#8249=FACE_OUTER_BOUND('',#8248,.T.);
#8250=ADVANCED_FACE('',(#8249),#8224,.F.);
#8251=CARTESIAN_POINT('',(-6.900000000000002,-2.3,-2.534265372500004));
#8252=DIRECTION('',(0.0,0.287347885566346,-0.957826285221151));
#8253=DIRECTION('',(-1.0,0.0,0.0));
#8254=AXIS2_PLACEMENT_3D('',#8251,#8252,#8253);
#8255=PLANE('',#8254);
#8256=CARTESIAN_POINT('',(-6.550000000000003,-2.3,-2.534265372500004));
#8257=VERTEX_POINT('',#8256);
#8258=CARTESIAN_POINT('',(-6.550000000000003,-2.3,-2.534265372500004));
#8259=DIRECTION('',(-1.0,0.0,0.0));
#8260=VECTOR('',#8259,0.35);
#8261=LINE('',#8258,#8260);
#8262=EDGE_CURVE('',#8257,#170,#8261,.T.);
#8263=ORIENTED_EDGE('',*,*,#8262,.T.);
#8264=ORIENTED_EDGE('',*,*,#175,.T.);
#8265=ORIENTED_EDGE('',*,*,#8246,.T.);
#8266=CARTESIAN_POINT('',(-6.550000000000003,-2.3,-2.534265372500004));
#8267=DIRECTION('',(8.507206E-016,-0.957826285221151,-0.287347885566346));
#8268=VECTOR('',#8267,1.044030650891055);
#8269=LINE('',#8266,#8268);
#8270=EDGE_CURVE('',#8257,#8235,#8269,.T.);
#8271=ORIENTED_EDGE('',*,*,#8270,.F.);
#8272=EDGE_LOOP('',(#8263,#8264,#8265,#8271));
#8273=FACE_OUTER_BOUND('',#8272,.T.);
#8274=ADVANCED_FACE('',(#8273),#8255,.F.);
#8275=CARTESIAN_POINT('',(-6.550000000000002,-0.3,-3.850000000000003));
#8276=DIRECTION('',(0.0,0.0,1.0));
#8277=DIRECTION('',(-1.0,0.0,0.0));
#8278=AXIS2_PLACEMENT_3D('',#8275,#8276,#8277);
#8279=PLANE('',#8278);
#8280=ORIENTED_EDGE('',*,*,#150,.F.);
#8281=ORIENTED_EDGE('',*,*,#8207,.T.);
#8282=CARTESIAN_POINT('',(-6.550000000000002,-0.3,-3.850000000000003));
#8283=DIRECTION('',(0.0,-1.0,0.0));
#8284=VECTOR('',#8283,2.0);
#8285=LINE('',#8282,#8284);
#8286=EDGE_CURVE('',#76,#8202,#8285,.T.);
#8287=ORIENTED_EDGE('',*,*,#8286,.F.);
#8288=ORIENTED_EDGE('',*,*,#103,.T.);
#8289=ORIENTED_EDGE('',*,*,#127,.F.);
#8290=EDGE_LOOP('',(#8280,#8281,#8287,#8288,#8289));
#8291=FACE_OUTER_BOUND('',#8290,.T.);
#8292=ADVANCED_FACE('',(#8291),#8279,.T.);
#8293=CARTESIAN_POINT('',(-6.550000000000002,-0.3,-4.500000000000004));
#8294=DIRECTION('',(1.0,0.0,0.0));
#8295=DIRECTION('',(0.0,0.0,1.0));
#8296=AXIS2_PLACEMENT_3D('',#8293,#8294,#8295);
#8297=PLANE('',#8296);
#8298=ORIENTED_EDGE('',*,*,#8215,.T.);
#8299=ORIENTED_EDGE('',*,*,#8161,.F.);
#8300=ORIENTED_EDGE('',*,*,#8189,.F.);
#8301=CARTESIAN_POINT('',(-6.550000000000002,-0.3,-4.500000000000004));
#8302=VERTEX_POINT('',#8301);
#8303=CARTESIAN_POINT('',(-6.550000000000002,-0.3,-4.500000000000004));
#8304=DIRECTION('',(0.0,-1.0,0.0));
#8305=VECTOR('',#8304,2.0);
#8306=LINE('',#8303,#8305);
#8307=EDGE_CURVE('',#8302,#8178,#8306,.T.);
#8308=ORIENTED_EDGE('',*,*,#8307,.F.);
#8309=CARTESIAN_POINT('',(-6.550000000000002,-0.3,-3.850000000000004));
#8310=DIRECTION('',(0.0,0.0,-1.0));
#8311=VECTOR('',#8310,0.65);
#8312=LINE('',#8309,#8311);
#8313=EDGE_CURVE('',#76,#8302,#8312,.T.);
#8314=ORIENTED_EDGE('',*,*,#8313,.F.);
#8315=ORIENTED_EDGE('',*,*,#8286,.T.);
#8316=EDGE_LOOP('',(#8298,#8299,#8300,#8308,#8314,#8315));
#8317=FACE_OUTER_BOUND('',#8316,.T.);
#8318=ADVANCED_FACE('',(#8317),#8297,.T.);
#8319=CARTESIAN_POINT('',(-6.900000000000002,-0.3,-4.500000000000004));
#8320=DIRECTION('',(0.0,0.0,-1.0));
#8321=DIRECTION('',(1.0,0.0,0.0));
#8322=AXIS2_PLACEMENT_3D('',#8319,#8320,#8321);
#8323=PLANE('',#8322);
#8324=CARTESIAN_POINT('',(-6.550000000000001,-0.3,-4.500000000000004));
#8325=DIRECTION('',(-1.0,0.0,0.0));
#8326=VECTOR('',#8325,0.350000000000001);
#8327=LINE('',#8324,#8326);
#8328=EDGE_CURVE('',#8302,#210,#8327,.T.);
#8329=ORIENTED_EDGE('',*,*,#8328,.F.);
#8330=ORIENTED_EDGE('',*,*,#8307,.T.);
#8331=ORIENTED_EDGE('',*,*,#8183,.F.);
#8332=ORIENTED_EDGE('',*,*,#223,.F.);
#8333=EDGE_LOOP('',(#8329,#8330,#8331,#8332));
#8334=FACE_OUTER_BOUND('',#8333,.T.);
#8335=ADVANCED_FACE('',(#8334),#8323,.T.);
#8336=CARTESIAN_POINT('',(-6.550000000000003,-0.3,-2.534265372500004));
#8337=DIRECTION('',(0.0,0.0,1.0));
#8338=DIRECTION('',(-1.0,0.0,0.0));
#8339=AXIS2_PLACEMENT_3D('',#8336,#8337,#8338);
#8340=PLANE('',#8339);
#8341=CARTESIAN_POINT('',(-6.550000000000003,-0.3,-2.534265372500004));
#8342=VERTEX_POINT('',#8341);
#8343=CARTESIAN_POINT('',(-6.900000000000002,-0.3,-2.534265372500004));
#8344=DIRECTION('',(1.0,0.0,0.0));
#8345=VECTOR('',#8344,0.35);
#8346=LINE('',#8343,#8345);
#8347=EDGE_CURVE('',#178,#8342,#8346,.T.);
#8348=ORIENTED_EDGE('',*,*,#8347,.F.);
#8349=ORIENTED_EDGE('',*,*,#183,.T.);
#8350=ORIENTED_EDGE('',*,*,#8262,.F.);
#8351=CARTESIAN_POINT('',(-6.550000000000003,-0.3,-2.534265372500004));
#8352=DIRECTION('',(0.0,-1.0,0.0));
#8353=VECTOR('',#8352,2.0);
#8354=LINE('',#8351,#8353);
#8355=EDGE_CURVE('',#8342,#8257,#8354,.T.);
#8356=ORIENTED_EDGE('',*,*,#8355,.F.);
#8357=EDGE_LOOP('',(#8348,#8349,#8350,#8356));
#8358=FACE_OUTER_BOUND('',#8357,.T.);
#8359=ADVANCED_FACE('',(#8358),#8340,.T.);
#8360=CARTESIAN_POINT('',(-6.550000000000002,-0.3,-3.184265372500004));
#8361=DIRECTION('',(1.0,0.0,0.0));
#8362=DIRECTION('',(0.0,0.0,1.0));
#8363=AXIS2_PLACEMENT_3D('',#8360,#8361,#8362);
#8364=PLANE('',#8363);
#8365=CARTESIAN_POINT('',(-6.550000000000003,-0.3,-2.534265372500004));
#8366=DIRECTION('',(0.0,0.0,-1.0));
#8367=VECTOR('',#8366,0.65);
#8368=LINE('',#8365,#8367);
#8369=EDGE_CURVE('',#8342,#74,#8368,.T.);
#8370=ORIENTED_EDGE('',*,*,#8369,.F.);
#8371=ORIENTED_EDGE('',*,*,#8355,.T.);
#8372=ORIENTED_EDGE('',*,*,#8270,.T.);
#8373=ORIENTED_EDGE('',*,*,#8240,.T.);
#8374=CARTESIAN_POINT('',(-6.550000000000002,-0.3,-3.184265372500004));
#8375=DIRECTION('',(0.0,-1.0,0.0));
#8376=VECTOR('',#8375,3.0);
#8377=LINE('',#8374,#8376);
#8378=EDGE_CURVE('',#74,#8227,#8377,.T.);
#8379=ORIENTED_EDGE('',*,*,#8378,.F.);
#8380=EDGE_LOOP('',(#8370,#8371,#8372,#8373,#8379));
#8381=FACE_OUTER_BOUND('',#8380,.T.);
#8382=ADVANCED_FACE('',(#8381),#8364,.T.);
#8383=CARTESIAN_POINT('',(-6.900000000000002,-0.3,-3.184265372500004));
#8384=DIRECTION('',(0.0,0.0,-1.0));
#8385=DIRECTION('',(1.0,0.0,0.0));
#8386=AXIS2_PLACEMENT_3D('',#8383,#8384,#8385);
#8387=PLANE('',#8386);
#8388=ORIENTED_EDGE('',*,*,#8378,.T.);
#8389=ORIENTED_EDGE('',*,*,#8232,.T.);
#8390=ORIENTED_EDGE('',*,*,#159,.F.);
#8391=ORIENTED_EDGE('',*,*,#134,.F.);
#8392=ORIENTED_EDGE('',*,*,#89,.F.);
#8393=EDGE_LOOP('',(#8388,#8389,#8390,#8391,#8392));
#8394=FACE_OUTER_BOUND('',#8393,.T.);
#8395=ADVANCED_FACE('',(#8394),#8387,.T.);
#8396=CARTESIAN_POINT('',(-6.920000000000001,-0.3,-3.500000000000001));
#8397=DIRECTION('',(0.0,1.0,0.0));
#8398=DIRECTION('',(0.0,0.0,1.0));
#8399=AXIS2_PLACEMENT_3D('',#8396,#8397,#8398);
#8400=PLANE('',#8399);
#8401=ORIENTED_EDGE('',*,*,#81,.T.);
#8402=ORIENTED_EDGE('',*,*,#8313,.T.);
#8403=ORIENTED_EDGE('',*,*,#8328,.T.);
#8404=CARTESIAN_POINT('',(-6.950000000000002,-0.3,-4.500000000000004));
#8405=VERTEX_POINT('',#8404);
#8406=CARTESIAN_POINT('',(-6.900000000000002,-0.3,-4.500000000000004));
#8407=DIRECTION('',(-1.0,0.0,0.0));
#8408=VECTOR('',#8407,0.05);
#8409=LINE('',#8406,#8408);
#8410=EDGE_CURVE('',#210,#8405,#8409,.T.);
#8411=ORIENTED_EDGE('',*,*,#8410,.T.);
#8412=CARTESIAN_POINT('',(-6.950000000000002,-0.3,-3.999999999999999));
#8413=VERTEX_POINT('',#8412);
#8414=CARTESIAN_POINT('',(-6.950000000000002,-0.3,-4.500000000000004));
#8415=DIRECTION('',(0.0,0.0,1.0));
#8416=VECTOR('',#8415,0.500000000000004);
#8417=LINE('',#8414,#8416);
#8418=EDGE_CURVE('',#8405,#8413,#8417,.T.);
#8419=ORIENTED_EDGE('',*,*,#8418,.T.);
#8420=CARTESIAN_POINT('',(-7.750000000000002,-0.3,-3.999999999999999));
#8421=VERTEX_POINT('',#8420);
#8422=CARTESIAN_POINT('',(-6.950000000000002,-0.3,-3.999999999999999));
#8423=DIRECTION('',(-1.0,0.0,0.0));
#8424=VECTOR('',#8423,0.8);
#8425=LINE('',#8422,#8424);
#8426=EDGE_CURVE('',#8413,#8421,#8425,.T.);
#8427=ORIENTED_EDGE('',*,*,#8426,.T.);
#8428=CARTESIAN_POINT('',(-7.750000000000002,-0.3,-4.699999999999999));
#8429=VERTEX_POINT('',#8428);
#8430=CARTESIAN_POINT('',(-7.750000000000002,-0.3,-3.999999999999999));
#8431=DIRECTION('',(0.0,0.0,-1.0));
#8432=VECTOR('',#8431,0.7);
#8433=LINE('',#8430,#8432);
#8434=EDGE_CURVE('',#8421,#8429,#8433,.T.);
#8435=ORIENTED_EDGE('',*,*,#8434,.T.);
#8436=CARTESIAN_POINT('',(-6.350000000000001,-0.3,-4.699999999999999));
#8437=VERTEX_POINT('',#8436);
#8438=CARTESIAN_POINT('',(-7.750000000000002,-0.3,-4.699999999999999));
#8439=DIRECTION('',(1.0,0.0,0.0));
#8440=VECTOR('',#8439,1.4);
#8441=LINE('',#8438,#8440);
#8442=EDGE_CURVE('',#8429,#8437,#8441,.T.);
#8443=ORIENTED_EDGE('',*,*,#8442,.T.);
#8444=CARTESIAN_POINT('',(-6.350000000000001,-0.3,-2.299999999999999));
#8445=VERTEX_POINT('',#8444);
#8446=CARTESIAN_POINT('',(-6.350000000000001,-0.3,-4.699999999999999));
#8447=DIRECTION('',(0.0,0.0,1.0));
#8448=VECTOR('',#8447,2.4);
#8449=LINE('',#8446,#8448);
#8450=EDGE_CURVE('',#8437,#8445,#8449,.T.);
#8451=ORIENTED_EDGE('',*,*,#8450,.T.);
#8452=CARTESIAN_POINT('',(-7.750000000000002,-0.3,-2.299999999999999));
#8453=VERTEX_POINT('',#8452);
#8454=CARTESIAN_POINT('',(-6.350000000000001,-0.3,-2.299999999999999));
#8455=DIRECTION('',(-1.0,0.0,0.0));
#8456=VECTOR('',#8455,1.4);
#8457=LINE('',#8454,#8456);
#8458=EDGE_CURVE('',#8445,#8453,#8457,.T.);
#8459=ORIENTED_EDGE('',*,*,#8458,.T.);
#8460=CARTESIAN_POINT('',(-7.750000000000002,-0.3,-2.999999999999998));
#8461=VERTEX_POINT('',#8460);
#8462=CARTESIAN_POINT('',(-7.750000000000002,-0.3,-2.299999999999999));
#8463=DIRECTION('',(0.0,0.0,-1.0));
#8464=VECTOR('',#8463,0.699999999999999);
#8465=LINE('',#8462,#8464);
#8466=EDGE_CURVE('',#8453,#8461,#8465,.T.);
#8467=ORIENTED_EDGE('',*,*,#8466,.T.);
#8468=CARTESIAN_POINT('',(-6.950000000000002,-0.3,-2.999999999999998));
#8469=VERTEX_POINT('',#8468);
#8470=CARTESIAN_POINT('',(-7.750000000000002,-0.3,-2.999999999999998));
#8471=DIRECTION('',(1.0,0.0,0.0));
#8472=VECTOR('',#8471,0.8);
#8473=LINE('',#8470,#8472);
#8474=EDGE_CURVE('',#8461,#8469,#8473,.T.);
#8475=ORIENTED_EDGE('',*,*,#8474,.T.);
#8476=CARTESIAN_POINT('',(-6.950000000000002,-0.3,-2.500000000000004));
#8477=VERTEX_POINT('',#8476);
#8478=CARTESIAN_POINT('',(-6.950000000000002,-0.3,-2.999999999999998));
#8479=DIRECTION('',(0.0,0.0,1.0));
#8480=VECTOR('',#8479,0.499999999999995);
#8481=LINE('',#8478,#8480);
#8482=EDGE_CURVE('',#8469,#8477,#8481,.T.);
#8483=ORIENTED_EDGE('',*,*,#8482,.T.);
#8484=CARTESIAN_POINT('',(-6.950000000000002,-0.3,-2.500000000000004));
#8485=DIRECTION('',(1.0,0.0,0.0));
#8486=VECTOR('',#8485,0.05);
#8487=LINE('',#8484,#8486);
#8488=EDGE_CURVE('',#8477,#186,#8487,.T.);
#8489=ORIENTED_EDGE('',*,*,#8488,.T.);
#8490=ORIENTED_EDGE('',*,*,#191,.F.);
#8491=ORIENTED_EDGE('',*,*,#8347,.T.);
#8492=ORIENTED_EDGE('',*,*,#8369,.T.);
#8493=EDGE_LOOP('',(#8401,#8402,#8403,#8411,#8419,#8427,#8435,#8443,#8451,#8459,#8467,#8475,#8483,#8489,#8490,#8491,#8492));
#8494=FACE_OUTER_BOUND('',#8493,.T.);
#8495=ADVANCED_FACE('',(#8494),#8400,.F.);
#8496=CARTESIAN_POINT('',(-6.550000000000002,5.700000000000001,-2.500000000000004));
#8497=DIRECTION('',(0.0,1.0,0.0));
#8498=DIRECTION('',(0.0,0.0,-1.0));
#8499=AXIS2_PLACEMENT_3D('',#8496,#8497,#8498);
#8500=PLANE('',#8499);
#8501=CARTESIAN_POINT('',(-6.550000000000002,5.700000000000001,-4.500000000000004));
#8502=VERTEX_POINT('',#8501);
#8503=CARTESIAN_POINT('',(-6.550000000000002,5.700000000000001,-2.500000000000004));
#8504=VERTEX_POINT('',#8503);
#8505=CARTESIAN_POINT('',(-6.550000000000002,5.700000000000001,-4.500000000000004));
#8506=DIRECTION('',(0.0,0.0,1.0));
#8507=VECTOR('',#8506,2.0);
#8508=LINE('',#8505,#8507);
#8509=EDGE_CURVE('',#8502,#8504,#8508,.T.);
#8510=ORIENTED_EDGE('',*,*,#8509,.F.);
#8511=CARTESIAN_POINT('',(-6.900000000000002,5.700000000000001,-4.500000000000004));
#8512=DIRECTION('',(1.0,0.0,0.0));
#8513=VECTOR('',#8512,0.350000000000001);
#8514=LINE('',#8511,#8513);
#8515=EDGE_CURVE('',#202,#8502,#8514,.T.);
#8516=ORIENTED_EDGE('',*,*,#8515,.F.);
#8517=ORIENTED_EDGE('',*,*,#207,.F.);
#8518=CARTESIAN_POINT('',(-6.550000000000002,5.700000000000001,-2.500000000000004));
#8519=DIRECTION('',(-1.0,0.0,0.0));
#8520=VECTOR('',#8519,0.350000000000001);
#8521=LINE('',#8518,#8520);
#8522=EDGE_CURVE('',#8504,#194,#8521,.T.);
#8523=ORIENTED_EDGE('',*,*,#8522,.F.);
#8524=EDGE_LOOP('',(#8510,#8516,#8517,#8523));
#8525=FACE_OUTER_BOUND('',#8524,.T.);
#8526=ADVANCED_FACE('',(#8525),#8500,.T.);
#8527=CARTESIAN_POINT('',(-6.950000000000002,8.0,-4.500000000000004));
#8528=DIRECTION('',(0.0,0.0,-1.0));
#8529=DIRECTION('',(1.0,0.0,0.0));
#8530=AXIS2_PLACEMENT_3D('',#8527,#8528,#8529);
#8531=PLANE('',#8530);
#8532=ORIENTED_EDGE('',*,*,#215,.T.);
#8533=ORIENTED_EDGE('',*,*,#8515,.T.);
#8534=CARTESIAN_POINT('',(-6.550000000000002,8.0,-4.500000000000004));
#8535=VERTEX_POINT('',#8534);
#8536=CARTESIAN_POINT('',(-6.550000000000002,8.0,-4.500000000000004));
#8537=DIRECTION('',(0.0,-1.0,0.0));
#8538=VECTOR('',#8537,2.299999999999999);
#8539=LINE('',#8536,#8538);
#8540=EDGE_CURVE('',#8535,#8502,#8539,.T.);
#8541=ORIENTED_EDGE('',*,*,#8540,.F.);
#8542=CARTESIAN_POINT('',(-6.950000000000002,8.0,-4.500000000000004));
#8543=VERTEX_POINT('',#8542);
#8544=CARTESIAN_POINT('',(-6.950000000000002,8.0,-4.500000000000004));
#8545=DIRECTION('',(1.0,0.0,0.0));
#8546=VECTOR('',#8545,0.4);
#8547=LINE('',#8544,#8546);
#8548=EDGE_CURVE('',#8543,#8535,#8547,.T.);
#8549=ORIENTED_EDGE('',*,*,#8548,.F.);
#8550=CARTESIAN_POINT('',(-6.950000000000002,8.0,-4.500000000000004));
#8551=DIRECTION('',(0.0,-1.0,0.0));
#8552=VECTOR('',#8551,8.300000000000001);
#8553=LINE('',#8550,#8552);
#8554=EDGE_CURVE('',#8543,#8405,#8553,.T.);
#8555=ORIENTED_EDGE('',*,*,#8554,.T.);
#8556=ORIENTED_EDGE('',*,*,#8410,.F.);
#8557=EDGE_LOOP('',(#8532,#8533,#8541,#8549,#8555,#8556));
#8558=FACE_OUTER_BOUND('',#8557,.T.);
#8559=ADVANCED_FACE('',(#8558),#8531,.F.);
#8560=CARTESIAN_POINT('',(-6.550000000000002,8.0,-4.500000000000004));
#8561=DIRECTION('',(1.0,0.0,0.0));
#8562=DIRECTION('',(0.0,0.0,1.0));
#8563=AXIS2_PLACEMENT_3D('',#8560,#8561,#8562);
#8564=PLANE('',#8563);
#8565=ORIENTED_EDGE('',*,*,#8509,.T.);
#8566=CARTESIAN_POINT('',(-6.550000000000002,8.0,-2.500000000000004));
#8567=VERTEX_POINT('',#8566);
#8568=CARTESIAN_POINT('',(-6.550000000000002,8.0,-2.500000000000004));
#8569=DIRECTION('',(0.0,-1.0,0.0));
#8570=VECTOR('',#8569,2.3);
#8571=LINE('',#8568,#8570);
#8572=EDGE_CURVE('',#8567,#8504,#8571,.T.);
#8573=ORIENTED_EDGE('',*,*,#8572,.F.);
#8574=CARTESIAN_POINT('',(-6.550000000000002,8.0,-4.500000000000004));
#8575=DIRECTION('',(0.0,0.0,1.0));
#8576=VECTOR('',#8575,2.0);
#8577=LINE('',#8574,#8576);
#8578=EDGE_CURVE('',#8535,#8567,#8577,.T.);
#8579=ORIENTED_EDGE('',*,*,#8578,.F.);
#8580=ORIENTED_EDGE('',*,*,#8540,.T.);
#8581=EDGE_LOOP('',(#8565,#8573,#8579,#8580));
#8582=FACE_OUTER_BOUND('',#8581,.T.);
#8583=ADVANCED_FACE('',(#8582),#8564,.F.);
#8584=CARTESIAN_POINT('',(-6.550000000000002,8.0,-2.500000000000004));
#8585=DIRECTION('',(0.0,0.0,1.0));
#8586=DIRECTION('',(-1.0,0.0,0.0));
#8587=AXIS2_PLACEMENT_3D('',#8584,#8585,#8586);
#8588=PLANE('',#8587);
#8589=ORIENTED_EDGE('',*,*,#8522,.T.);
#8590=ORIENTED_EDGE('',*,*,#199,.T.);
#8591=ORIENTED_EDGE('',*,*,#8488,.F.);
#8592=CARTESIAN_POINT('',(-6.950000000000002,8.0,-2.500000000000004));
#8593=VERTEX_POINT('',#8592);
#8594=CARTESIAN_POINT('',(-6.950000000000002,8.0,-2.500000000000004));
#8595=DIRECTION('',(0.0,-1.0,0.0));
#8596=VECTOR('',#8595,8.300000000000001);
#8597=LINE('',#8594,#8596);
#8598=EDGE_CURVE('',#8593,#8477,#8597,.T.);
#8599=ORIENTED_EDGE('',*,*,#8598,.F.);
#8600=CARTESIAN_POINT('',(-6.550000000000002,8.0,-2.500000000000004));
#8601=DIRECTION('',(-1.0,0.0,0.0));
#8602=VECTOR('',#8601,0.4);
#8603=LINE('',#8600,#8602);
#8604=EDGE_CURVE('',#8567,#8593,#8603,.T.);
#8605=ORIENTED_EDGE('',*,*,#8604,.F.);
#8606=ORIENTED_EDGE('',*,*,#8572,.T.);
#8607=EDGE_LOOP('',(#8589,#8590,#8591,#8599,#8605,#8606));
#8608=FACE_OUTER_BOUND('',#8607,.T.);
#8609=ADVANCED_FACE('',(#8608),#8588,.F.);
#8610=CARTESIAN_POINT('',(7.049999999999999,0.0,7.0));
#8611=DIRECTION('',(-1.0,0.0,0.0));
#8612=DIRECTION('',(0.0,0.0,-1.0));
#8613=AXIS2_PLACEMENT_3D('',#8610,#8611,#8612);
#8614=PLANE('',#8613);
#8615=CARTESIAN_POINT('',(7.049999999999999,2.636108E-016,6.3));
#8616=VERTEX_POINT('',#8615);
#8617=CARTESIAN_POINT('',(7.049999999999999,0.0,7.0));
#8618=VERTEX_POINT('',#8617);
#8619=CARTESIAN_POINT('',(7.049999999999999,0.0,6.3));
#8620=DIRECTION('',(0.0,0.0,1.0));
#8621=VECTOR('',#8620,0.7);
#8622=LINE('',#8619,#8621);
#8623=EDGE_CURVE('',#8616,#8618,#8622,.T.);
#8624=ORIENTED_EDGE('',*,*,#8623,.F.);
#8625=CARTESIAN_POINT('',(7.049999999999999,-0.3,6.3));
#8626=VERTEX_POINT('',#8625);
#8627=CARTESIAN_POINT('',(7.049999999999999,0.0,6.3));
#8628=DIRECTION('',(0.0,-1.0,0.0));
#8629=VECTOR('',#8628,0.3);
#8630=LINE('',#8627,#8629);
#8631=EDGE_CURVE('',#8616,#8626,#8630,.T.);
#8632=ORIENTED_EDGE('',*,*,#8631,.T.);
#8633=CARTESIAN_POINT('',(7.049999999999999,-0.3,7.0));
#8634=VERTEX_POINT('',#8633);
#8635=CARTESIAN_POINT('',(7.049999999999999,-0.3,7.0));
#8636=DIRECTION('',(0.0,0.0,-1.0));
#8637=VECTOR('',#8636,0.699999999999999);
#8638=LINE('',#8635,#8637);
#8639=EDGE_CURVE('',#8634,#8626,#8638,.T.);
#8640=ORIENTED_EDGE('',*,*,#8639,.F.);
#8641=CARTESIAN_POINT('',(7.049999999999999,0.0,7.0));
#8642=DIRECTION('',(0.0,-1.0,0.0));
#8643=VECTOR('',#8642,0.3);
#8644=LINE('',#8641,#8643);
#8645=EDGE_CURVE('',#8618,#8634,#8644,.T.);
#8646=ORIENTED_EDGE('',*,*,#8645,.F.);
#8647=EDGE_LOOP('',(#8624,#8632,#8640,#8646));
#8648=FACE_OUTER_BOUND('',#8647,.T.);
#8649=ADVANCED_FACE('',(#8648),#8614,.T.);
#8650=CARTESIAN_POINT('',(7.049999999999999,0.0,6.3));
#8651=DIRECTION('',(0.0,0.0,-1.0));
#8652=DIRECTION('',(1.0,0.0,0.0));
#8653=AXIS2_PLACEMENT_3D('',#8650,#8651,#8652);
#8654=PLANE('',#8653);
#8655=CARTESIAN_POINT('',(7.749999999999999,0.0,6.3));
#8656=VERTEX_POINT('',#8655);
#8657=CARTESIAN_POINT('',(7.749999999999999,0.0,6.3));
#8658=DIRECTION('',(-1.0,0.0,0.0));
#8659=VECTOR('',#8658,0.7);
#8660=LINE('',#8657,#8659);
#8661=EDGE_CURVE('',#8656,#8616,#8660,.T.);
#8662=ORIENTED_EDGE('',*,*,#8661,.F.);
#8663=CARTESIAN_POINT('',(7.749999999999999,-0.3,6.3));
#8664=VERTEX_POINT('',#8663);
#8665=CARTESIAN_POINT('',(7.749999999999999,0.0,6.3));
#8666=DIRECTION('',(0.0,-1.0,0.0));
#8667=VECTOR('',#8666,0.3);
#8668=LINE('',#8665,#8667);
#8669=EDGE_CURVE('',#8656,#8664,#8668,.T.);
#8670=ORIENTED_EDGE('',*,*,#8669,.T.);
#8671=CARTESIAN_POINT('',(7.049999999999999,-0.3,6.3));
#8672=DIRECTION('',(1.0,0.0,0.0));
#8673=VECTOR('',#8672,0.700000000000001);
#8674=LINE('',#8671,#8673);
#8675=EDGE_CURVE('',#8626,#8664,#8674,.T.);
#8676=ORIENTED_EDGE('',*,*,#8675,.F.);
#8677=ORIENTED_EDGE('',*,*,#8631,.F.);
#8678=EDGE_LOOP('',(#8662,#8670,#8676,#8677));
#8679=FACE_OUTER_BOUND('',#8678,.T.);
#8680=ADVANCED_FACE('',(#8679),#8654,.T.);
#8681=CARTESIAN_POINT('',(7.399999999999999,-0.3,6.65));
#8682=DIRECTION('',(0.0,1.0,0.0));
#8683=DIRECTION('',(0.0,0.0,1.0));
#8684=AXIS2_PLACEMENT_3D('',#8681,#8682,#8683);
#8685=PLANE('',#8684);
#8686=ORIENTED_EDGE('',*,*,#8675,.T.);
#8687=CARTESIAN_POINT('',(7.749999999999999,-0.3,7.0));
#8688=VERTEX_POINT('',#8687);
#8689=CARTESIAN_POINT('',(7.749999999999999,-0.3,6.3));
#8690=DIRECTION('',(0.0,0.0,1.0));
#8691=VECTOR('',#8690,0.699999999999999);
#8692=LINE('',#8689,#8691);
#8693=EDGE_CURVE('',#8664,#8688,#8692,.T.);
#8694=ORIENTED_EDGE('',*,*,#8693,.T.);
#8695=CARTESIAN_POINT('',(7.749999999999999,-0.3,7.0));
#8696=DIRECTION('',(-1.0,0.0,0.0));
#8697=VECTOR('',#8696,0.7);
#8698=LINE('',#8695,#8697);
#8699=EDGE_CURVE('',#8688,#8634,#8698,.T.);
#8700=ORIENTED_EDGE('',*,*,#8699,.T.);
#8701=ORIENTED_EDGE('',*,*,#8639,.T.);
#8702=EDGE_LOOP('',(#8686,#8694,#8700,#8701));
#8703=FACE_OUTER_BOUND('',#8702,.T.);
#8704=ADVANCED_FACE('',(#8703),#8685,.F.);
#8705=CARTESIAN_POINT('',(-7.050000000000002,0.0,6.3));
#8706=DIRECTION('',(1.0,0.0,0.0));
#8707=DIRECTION('',(0.0,0.0,1.0));
#8708=AXIS2_PLACEMENT_3D('',#8705,#8706,#8707);
#8709=PLANE('',#8708);
#8710=CARTESIAN_POINT('',(-7.050000000000002,0.0,7.000000000000002));
#8711=VERTEX_POINT('',#8710);
#8712=CARTESIAN_POINT('',(-7.050000000000002,0.0,6.3));
#8713=VERTEX_POINT('',#8712);
#8714=CARTESIAN_POINT('',(-7.050000000000002,0.0,7.000000000000002));
#8715=DIRECTION('',(0.0,0.0,-1.0));
#8716=VECTOR('',#8715,0.700000000000002);
#8717=LINE('',#8714,#8716);
#8718=EDGE_CURVE('',#8711,#8713,#8717,.T.);
#8719=ORIENTED_EDGE('',*,*,#8718,.F.);
#8720=CARTESIAN_POINT('',(-7.050000000000002,-0.3,7.000000000000002));
#8721=VERTEX_POINT('',#8720);
#8722=CARTESIAN_POINT('',(-7.050000000000002,0.0,7.000000000000002));
#8723=DIRECTION('',(0.0,-1.0,0.0));
#8724=VECTOR('',#8723,0.3);
#8725=LINE('',#8722,#8724);
#8726=EDGE_CURVE('',#8711,#8721,#8725,.T.);
#8727=ORIENTED_EDGE('',*,*,#8726,.T.);
#8728=CARTESIAN_POINT('',(-7.050000000000002,-0.3,6.3));
#8729=VERTEX_POINT('',#8728);
#8730=CARTESIAN_POINT('',(-7.050000000000002,-0.3,6.3));
#8731=DIRECTION('',(0.0,0.0,1.0));
#8732=VECTOR('',#8731,0.700000000000002);
#8733=LINE('',#8730,#8732);
#8734=EDGE_CURVE('',#8729,#8721,#8733,.T.);
#8735=ORIENTED_EDGE('',*,*,#8734,.F.);
#8736=CARTESIAN_POINT('',(-7.050000000000002,0.0,6.3));
#8737=DIRECTION('',(0.0,-1.0,0.0));
#8738=VECTOR('',#8737,0.3);
#8739=LINE('',#8736,#8738);
#8740=EDGE_CURVE('',#8713,#8729,#8739,.T.);
#8741=ORIENTED_EDGE('',*,*,#8740,.F.);
#8742=EDGE_LOOP('',(#8719,#8727,#8735,#8741));
#8743=FACE_OUTER_BOUND('',#8742,.T.);
#8744=ADVANCED_FACE('',(#8743),#8709,.T.);
#8745=CARTESIAN_POINT('',(-7.750000000000002,0.0,6.3));
#8746=DIRECTION('',(0.0,0.0,-1.0));
#8747=DIRECTION('',(1.0,0.0,0.0));
#8748=AXIS2_PLACEMENT_3D('',#8745,#8746,#8747);
#8749=PLANE('',#8748);
#8750=CARTESIAN_POINT('',(-7.750000000000002,0.0,6.3));
#8751=VERTEX_POINT('',#8750);
#8752=CARTESIAN_POINT('',(-7.050000000000003,0.0,6.3));
#8753=DIRECTION('',(-1.0,0.0,0.0));
#8754=VECTOR('',#8753,0.699999999999999);
#8755=LINE('',#8752,#8754);
#8756=EDGE_CURVE('',#8713,#8751,#8755,.T.);
#8757=ORIENTED_EDGE('',*,*,#8756,.F.);
#8758=ORIENTED_EDGE('',*,*,#8740,.T.);
#8759=CARTESIAN_POINT('',(-7.750000000000002,-0.3,6.3));
#8760=VERTEX_POINT('',#8759);
#8761=CARTESIAN_POINT('',(-7.750000000000002,-0.3,6.3));
#8762=DIRECTION('',(1.0,0.0,0.0));
#8763=VECTOR('',#8762,0.699999999999999);
#8764=LINE('',#8761,#8763);
#8765=EDGE_CURVE('',#8760,#8729,#8764,.T.);
#8766=ORIENTED_EDGE('',*,*,#8765,.F.);
#8767=CARTESIAN_POINT('',(-7.750000000000002,0.0,6.3));
#8768=DIRECTION('',(0.0,-1.0,0.0));
#8769=VECTOR('',#8768,0.3);
#8770=LINE('',#8767,#8769);
#8771=EDGE_CURVE('',#8751,#8760,#8770,.T.);
#8772=ORIENTED_EDGE('',*,*,#8771,.F.);
#8773=EDGE_LOOP('',(#8757,#8758,#8766,#8772));
#8774=FACE_OUTER_BOUND('',#8773,.T.);
#8775=ADVANCED_FACE('',(#8774),#8749,.T.);
#8776=CARTESIAN_POINT('',(-7.400000000000003,-0.3,6.650000000000001));
#8777=DIRECTION('',(0.0,1.0,0.0));
#8778=DIRECTION('',(0.0,0.0,1.0));
#8779=AXIS2_PLACEMENT_3D('',#8776,#8777,#8778);
#8780=PLANE('',#8779);
#8781=CARTESIAN_POINT('',(-7.750000000000002,-0.3,7.000000000000002));
#8782=VERTEX_POINT('',#8781);
#8783=CARTESIAN_POINT('',(-7.750000000000002,-0.3,7.000000000000002));
#8784=DIRECTION('',(0.0,0.0,-1.0));
#8785=VECTOR('',#8784,0.700000000000002);
#8786=LINE('',#8783,#8785);
#8787=EDGE_CURVE('',#8782,#8760,#8786,.T.);
#8788=ORIENTED_EDGE('',*,*,#8787,.T.);
#8789=ORIENTED_EDGE('',*,*,#8765,.T.);
#8790=ORIENTED_EDGE('',*,*,#8734,.T.);
#8791=CARTESIAN_POINT('',(-7.050000000000002,-0.3,7.000000000000002));
#8792=DIRECTION('',(-1.0,0.0,0.0));
#8793=VECTOR('',#8792,0.699999999999999);
#8794=LINE('',#8791,#8793);
#8795=EDGE_CURVE('',#8721,#8782,#8794,.T.);
#8796=ORIENTED_EDGE('',*,*,#8795,.T.);
#8797=EDGE_LOOP('',(#8788,#8789,#8790,#8796));
#8798=FACE_OUTER_BOUND('',#8797,.T.);
#8799=ADVANCED_FACE('',(#8798),#8780,.F.);
#8800=CARTESIAN_POINT('',(-5.645202E-016,0.0,-8.279629E-016));
#8801=DIRECTION('',(0.0,1.0,0.0));
#8802=DIRECTION('',(0.0,0.0,1.0));
#8803=AXIS2_PLACEMENT_3D('',#8800,#8801,#8802);
#8804=PLANE('',#8803);
#8805=ORIENTED_EDGE('',*,*,#8661,.T.);
#8806=CARTESIAN_POINT('',(7.049999999999997,2.636108E-016,-1.2));
#8807=VERTEX_POINT('',#8806);
#8808=CARTESIAN_POINT('',(7.05,0.0,6.300000000000001));
#8809=DIRECTION('',(0.0,0.0,-1.0));
#8810=VECTOR('',#8809,7.5);
#8811=LINE('',#8808,#8810);
#8812=EDGE_CURVE('',#8616,#8807,#8811,.T.);
#8813=ORIENTED_EDGE('',*,*,#8812,.T.);
#8814=CARTESIAN_POINT('',(4.897454160890985,0.0,-1.2));
#8815=VERTEX_POINT('',#8814);
#8816=CARTESIAN_POINT('',(7.049999999999997,0.0,-1.2));
#8817=DIRECTION('',(-1.0,0.0,0.0));
#8818=VECTOR('',#8817,2.152545839109012);
#8819=LINE('',#8816,#8818);
#8820=EDGE_CURVE('',#8807,#8815,#8819,.T.);
#8821=ORIENTED_EDGE('',*,*,#8820,.T.);
#8822=CARTESIAN_POINT('',(4.897454160890986,0.0,6.3));
#8823=VERTEX_POINT('',#8822);
#8824=CARTESIAN_POINT('',(4.897454160890985,-1.387779E-016,-1.2));
#8825=DIRECTION('',(0.0,0.0,1.0));
#8826=VECTOR('',#8825,7.5);
#8827=LINE('',#8824,#8826);
#8828=EDGE_CURVE('',#8815,#8823,#8827,.T.);
#8829=ORIENTED_EDGE('',*,*,#8828,.T.);
#8830=CARTESIAN_POINT('',(4.897454160890986,0.0,6.300000000000001));
#8831=DIRECTION('',(1.0,0.0,0.0));
#8832=VECTOR('',#8831,2.152545839109013);
#8833=LINE('',#8830,#8832);
#8834=EDGE_CURVE('',#8823,#8616,#8833,.T.);
#8835=ORIENTED_EDGE('',*,*,#8834,.T.);
#8836=ORIENTED_EDGE('',*,*,#8623,.T.);
#8837=CARTESIAN_POINT('',(-7.050000000000003,0.0,7.000000000000002));
#8838=DIRECTION('',(1.0,0.0,0.0));
#8839=VECTOR('',#8838,14.100000000000001);
#8840=LINE('',#8837,#8839);
#8841=EDGE_CURVE('',#8711,#8618,#8840,.T.);
#8842=ORIENTED_EDGE('',*,*,#8841,.F.);
#8843=ORIENTED_EDGE('',*,*,#8718,.T.);
#8844=ORIENTED_EDGE('',*,*,#8756,.T.);
#8845=CARTESIAN_POINT('',(-7.750000000000002,0.0,-2.299999999999999));
#8846=VERTEX_POINT('',#8845);
#8847=CARTESIAN_POINT('',(-7.750000000000002,0.0,-2.299999999999999));
#8848=DIRECTION('',(0.0,0.0,1.0));
#8849=VECTOR('',#8848,8.599999999999998);
#8850=LINE('',#8847,#8849);
#8851=EDGE_CURVE('',#8846,#8751,#8850,.T.);
#8852=ORIENTED_EDGE('',*,*,#8851,.F.);
#8853=CARTESIAN_POINT('',(-6.350000000000001,0.0,-2.299999999999999));
#8854=VERTEX_POINT('',#8853);
#8855=CARTESIAN_POINT('',(-7.750000000000002,0.0,-2.299999999999999));
#8856=DIRECTION('',(1.0,0.0,0.0));
#8857=VECTOR('',#8856,1.4);
#8858=LINE('',#8855,#8857);
#8859=EDGE_CURVE('',#8846,#8854,#8858,.T.);
#8860=ORIENTED_EDGE('',*,*,#8859,.T.);
#8861=CARTESIAN_POINT('',(-6.350000000000001,0.0,-4.699999999999999));
#8862=VERTEX_POINT('',#8861);
#8863=CARTESIAN_POINT('',(-6.350000000000001,0.0,-2.299999999999999));
#8864=DIRECTION('',(0.0,0.0,-1.0));
#8865=VECTOR('',#8864,2.4);
#8866=LINE('',#8863,#8865);
#8867=EDGE_CURVE('',#8854,#8862,#8866,.T.);
#8868=ORIENTED_EDGE('',*,*,#8867,.T.);
#8869=CARTESIAN_POINT('',(-7.750000000000002,0.0,-4.699999999999999));
#8870=VERTEX_POINT('',#8869);
#8871=CARTESIAN_POINT('',(-6.350000000000001,0.0,-4.699999999999999));
#8872=DIRECTION('',(-1.0,0.0,0.0));
#8873=VECTOR('',#8872,1.4);
#8874=LINE('',#8871,#8873);
#8875=EDGE_CURVE('',#8862,#8870,#8874,.T.);
#8876=ORIENTED_EDGE('',*,*,#8875,.T.);
#8877=CARTESIAN_POINT('',(-7.750000000000002,0.0,-7.000000000000003));
#8878=VERTEX_POINT('',#8877);
#8879=CARTESIAN_POINT('',(-7.750000000000002,0.0,-7.000000000000003));
#8880=DIRECTION('',(0.0,0.0,1.0));
#8881=VECTOR('',#8880,2.300000000000003);
#8882=LINE('',#8879,#8881);
#8883=EDGE_CURVE('',#8878,#8870,#8882,.T.);
#8884=ORIENTED_EDGE('',*,*,#8883,.F.);
#8885=CARTESIAN_POINT('',(-7.949999999999999,0.0,-7.000000000000003));
#8886=VERTEX_POINT('',#8885);
#8887=CARTESIAN_POINT('',(-7.750000000000002,0.0,-7.000000000000003));
#8888=DIRECTION('',(-1.0,0.0,0.0));
#8889=VECTOR('',#8888,0.199999999999998);
#8890=LINE('',#8887,#8889);
#8891=EDGE_CURVE('',#8878,#8886,#8890,.T.);
#8892=ORIENTED_EDGE('',*,*,#8891,.T.);
#8893=CARTESIAN_POINT('',(-7.949999999999999,0.0,-7.500000000000004));
#8894=VERTEX_POINT('',#8893);
#8895=CARTESIAN_POINT('',(-7.949999999999999,0.0,-7.000000000000003));
#8896=DIRECTION('',(0.0,0.0,-1.0));
#8897=VECTOR('',#8896,0.500000000000001);
#8898=LINE('',#8895,#8897);
#8899=EDGE_CURVE('',#8886,#8894,#8898,.T.);
#8900=ORIENTED_EDGE('',*,*,#8899,.T.);
#8901=CARTESIAN_POINT('',(-7.736712288056163,1.026342E-047,-7.500000000000004));
#8902=VERTEX_POINT('',#8901);
#8903=CARTESIAN_POINT('',(-7.736712288056163,0.0,-7.500000000000003));
#8904=DIRECTION('',(-1.0,0.0,0.0));
#8905=VECTOR('',#8904,0.213287711943837);
#8906=LINE('',#8903,#8905);
#8907=EDGE_CURVE('',#8902,#8894,#8906,.T.);
#8908=ORIENTED_EDGE('',*,*,#8907,.F.);
#8909=CARTESIAN_POINT('',(-4.236712288056162,0.0,-7.500000000000001));
#8910=DIRECTION('',(0.0,1.0,0.0));
#8911=DIRECTION('',(-0.707106781186548,0.0,-0.707106781186547));
#8912=AXIS2_PLACEMENT_3D('',#8909,#8910,#8911);
#8913=CIRCLE('',#8912,3.5);
#8914=EDGE_CURVE('',#5268,#8902,#8913,.T.);
#8915=ORIENTED_EDGE('',*,*,#8914,.F.);
#8916=ORIENTED_EDGE('',*,*,#5295,.F.);
#8917=CARTESIAN_POINT('',(7.763287711943838,1.026342E-047,-7.500000000000002));
#8918=VERTEX_POINT('',#8917);
#8919=CARTESIAN_POINT('',(4.263287711943838,0.0,-7.5));
#8920=DIRECTION('',(0.0,1.0,0.0));
#8921=DIRECTION('',(0.707106781186547,0.0,-0.707106781186548));
#8922=AXIS2_PLACEMENT_3D('',#8919,#8920,#8921);
#8923=CIRCLE('',#8922,3.5);
#8924=EDGE_CURVE('',#8918,#5284,#8923,.T.);
#8925=ORIENTED_EDGE('',*,*,#8924,.F.);
#8926=CARTESIAN_POINT('',(7.950000000000001,0.0,-7.500000000000002));
#8927=VERTEX_POINT('',#8926);
#8928=CARTESIAN_POINT('',(7.950000000000001,0.0,-7.500000000000002));
#8929=DIRECTION('',(-1.0,0.0,0.0));
#8930=VECTOR('',#8929,0.186712288056164);
#8931=LINE('',#8928,#8930);
#8932=EDGE_CURVE('',#8927,#8918,#8931,.T.);
#8933=ORIENTED_EDGE('',*,*,#8932,.F.);
#8934=CARTESIAN_POINT('',(7.950000000000001,0.0,-7.000000000000002));
#8935=VERTEX_POINT('',#8934);
#8936=CARTESIAN_POINT('',(7.950000000000001,0.0,-7.000000000000002));
#8937=DIRECTION('',(0.0,0.0,-1.0));
#8938=VECTOR('',#8937,0.5);
#8939=LINE('',#8936,#8938);
#8940=EDGE_CURVE('',#8935,#8927,#8939,.T.);
#8941=ORIENTED_EDGE('',*,*,#8940,.F.);
#8942=CARTESIAN_POINT('',(7.750000000000002,0.0,-7.000000000000002));
#8943=VERTEX_POINT('',#8942);
#8944=CARTESIAN_POINT('',(7.950000000000002,0.0,-7.000000000000002));
#8945=DIRECTION('',(-1.0,0.0,0.0));
#8946=VECTOR('',#8945,0.2);
#8947=LINE('',#8944,#8946);
#8948=EDGE_CURVE('',#8935,#8943,#8947,.T.);
#8949=ORIENTED_EDGE('',*,*,#8948,.T.);
#8950=CARTESIAN_POINT('',(7.750000000000002,0.0,-4.699999999999999));
#8951=VERTEX_POINT('',#8950);
#8952=CARTESIAN_POINT('',(7.750000000000001,0.0,-4.699999999999999));
#8953=DIRECTION('',(0.0,0.0,-1.0));
#8954=VECTOR('',#8953,2.300000000000003);
#8955=LINE('',#8952,#8954);
#8956=EDGE_CURVE('',#8951,#8943,#8955,.T.);
#8957=ORIENTED_EDGE('',*,*,#8956,.F.);
#8958=CARTESIAN_POINT('',(6.350000000000001,0.0,-4.699999999999999));
#8959=VERTEX_POINT('',#8958);
#8960=CARTESIAN_POINT('',(7.750000000000002,0.0,-4.699999999999999));
#8961=DIRECTION('',(-1.0,0.0,0.0));
#8962=VECTOR('',#8961,1.4);
#8963=LINE('',#8960,#8962);
#8964=EDGE_CURVE('',#8951,#8959,#8963,.T.);
#8965=ORIENTED_EDGE('',*,*,#8964,.T.);
#8966=CARTESIAN_POINT('',(6.350000000000001,0.0,-2.299999999999999));
#8967=VERTEX_POINT('',#8966);
#8968=CARTESIAN_POINT('',(6.350000000000001,0.0,-4.699999999999999));
#8969=DIRECTION('',(0.0,0.0,1.0));
#8970=VECTOR('',#8969,2.4);
#8971=LINE('',#8968,#8970);
#8972=EDGE_CURVE('',#8959,#8967,#8971,.T.);
#8973=ORIENTED_EDGE('',*,*,#8972,.T.);
#8974=CARTESIAN_POINT('',(7.750000000000002,0.0,-2.299999999999999));
#8975=VERTEX_POINT('',#8974);
#8976=CARTESIAN_POINT('',(6.350000000000001,0.0,-2.299999999999999));
#8977=DIRECTION('',(1.0,0.0,0.0));
#8978=VECTOR('',#8977,1.4);
#8979=LINE('',#8976,#8978);
#8980=EDGE_CURVE('',#8967,#8975,#8979,.T.);
#8981=ORIENTED_EDGE('',*,*,#8980,.T.);
#8982=CARTESIAN_POINT('',(7.749999999999999,0.0,6.300000000000001));
#8983=DIRECTION('',(0.0,0.0,-1.0));
#8984=VECTOR('',#8983,8.6);
#8985=LINE('',#8982,#8984);
#8986=EDGE_CURVE('',#8656,#8975,#8985,.T.);
#8987=ORIENTED_EDGE('',*,*,#8986,.F.);
#8988=EDGE_LOOP('',(#8805,#8813,#8821,#8829,#8835,#8836,#8842,#8843,#8844,#8852,#8860,#8868,#8876,#8884,#8892,#8900,#8908,#8915,#8916,#8925,#8933,#8941,#8949,#8957,#8965,#8973,#8981,#8987));
#8989=FACE_OUTER_BOUND('',#8988,.T.);
#8990=ORIENTED_EDGE('',*,*,#6570,.T.);
#8991=ORIENTED_EDGE('',*,*,#6547,.F.);
#8992=ORIENTED_EDGE('',*,*,#6592,.T.);
#8993=ORIENTED_EDGE('',*,*,#6443,.F.);
#8994=ORIENTED_EDGE('',*,*,#6480,.T.);
#8995=ORIENTED_EDGE('',*,*,#6608,.T.);
#8996=EDGE_LOOP('',(#8990,#8991,#8992,#8993,#8994,#8995));
#8997=FACE_BOUND('',#8996,.T.);
#8998=ORIENTED_EDGE('',*,*,#6629,.T.);
#8999=ORIENTED_EDGE('',*,*,#6727,.T.);
#9000=ORIENTED_EDGE('',*,*,#6698,.T.);
#9001=ORIENTED_EDGE('',*,*,#6667,.T.);
#9002=EDGE_LOOP('',(#8998,#8999,#9000,#9001));
#9003=FACE_BOUND('',#9002,.T.);
#9004=ORIENTED_EDGE('',*,*,#6765,.T.);
#9005=ORIENTED_EDGE('',*,*,#6803,.T.);
#9006=ORIENTED_EDGE('',*,*,#6834,.T.);
#9007=ORIENTED_EDGE('',*,*,#6863,.T.);
#9008=EDGE_LOOP('',(#9004,#9005,#9006,#9007));
#9009=FACE_BOUND('',#9008,.T.);
#9010=ORIENTED_EDGE('',*,*,#6952,.T.);
#9011=ORIENTED_EDGE('',*,*,#7036,.T.);
#9012=ORIENTED_EDGE('',*,*,#7065,.T.);
#9013=ORIENTED_EDGE('',*,*,#6925,.T.);
#9014=ORIENTED_EDGE('',*,*,#6983,.T.);
#9015=ORIENTED_EDGE('',*,*,#7012,.T.);
#9016=EDGE_LOOP('',(#9010,#9011,#9012,#9013,#9014,#9015));
#9017=FACE_BOUND('',#9016,.T.);
#9018=ORIENTED_EDGE('',*,*,#7437,.T.);
#9019=ORIENTED_EDGE('',*,*,#7535,.T.);
#9020=ORIENTED_EDGE('',*,*,#7506,.T.);
#9021=ORIENTED_EDGE('',*,*,#7475,.T.);
#9022=EDGE_LOOP('',(#9018,#9019,#9020,#9021));
#9023=FACE_BOUND('',#9022,.T.);
#9024=ORIENTED_EDGE('',*,*,#7639,.T.);
#9025=ORIENTED_EDGE('',*,*,#7684,.T.);
#9026=ORIENTED_EDGE('',*,*,#7655,.T.);
#9027=ORIENTED_EDGE('',*,*,#7582,.T.);
#9028=ORIENTED_EDGE('',*,*,#7737,.T.);
#9029=ORIENTED_EDGE('',*,*,#7708,.T.);
#9030=EDGE_LOOP('',(#9024,#9025,#9026,#9027,#9028,#9029));
#9031=FACE_BOUND('',#9030,.T.);
#9032=ADVANCED_FACE('',(#8989,#8997,#9003,#9009,#9017,#9023,#9031),#8804,.F.);
#9033=CARTESIAN_POINT('',(6.350000000000001,0.0,-2.299999999999999));
#9034=DIRECTION('',(0.0,0.0,-1.0));
#9035=DIRECTION('',(1.0,0.0,0.0));
#9036=AXIS2_PLACEMENT_3D('',#9033,#9034,#9035);
#9037=PLANE('',#9036);
#9038=ORIENTED_EDGE('',*,*,#8980,.F.);
#9039=CARTESIAN_POINT('',(6.350000000000001,-0.3,-2.299999999999999));
#9040=VERTEX_POINT('',#9039);
#9041=CARTESIAN_POINT('',(6.350000000000001,0.0,-2.299999999999999));
#9042=DIRECTION('',(0.0,-1.0,0.0));
#9043=VECTOR('',#9042,0.3);
#9044=LINE('',#9041,#9043);
#9045=EDGE_CURVE('',#8967,#9040,#9044,.T.);
#9046=ORIENTED_EDGE('',*,*,#9045,.T.);
#9047=CARTESIAN_POINT('',(7.750000000000002,-0.3,-2.299999999999999));
#9048=VERTEX_POINT('',#9047);
#9049=CARTESIAN_POINT('',(6.350000000000001,-0.3,-2.299999999999999));
#9050=DIRECTION('',(1.0,0.0,0.0));
#9051=VECTOR('',#9050,1.4);
#9052=LINE('',#9049,#9051);
#9053=EDGE_CURVE('',#9040,#9048,#9052,.T.);
#9054=ORIENTED_EDGE('',*,*,#9053,.T.);
#9055=CARTESIAN_POINT('',(7.750000000000002,0.0,-2.299999999999999));
#9056=DIRECTION('',(0.0,-1.0,0.0));
#9057=VECTOR('',#9056,0.3);
#9058=LINE('',#9055,#9057);
#9059=EDGE_CURVE('',#8975,#9048,#9058,.T.);
#9060=ORIENTED_EDGE('',*,*,#9059,.F.);
#9061=EDGE_LOOP('',(#9038,#9046,#9054,#9060));
#9062=FACE_OUTER_BOUND('',#9061,.T.);
#9063=ADVANCED_FACE('',(#9062),#9037,.F.);
#9064=CARTESIAN_POINT('',(6.350000000000001,0.0,-4.699999999999999));
#9065=DIRECTION('',(1.0,0.0,0.0));
#9066=DIRECTION('',(0.0,0.0,1.0));
#9067=AXIS2_PLACEMENT_3D('',#9064,#9065,#9066);
#9068=PLANE('',#9067);
#9069=ORIENTED_EDGE('',*,*,#8972,.F.);
#9070=CARTESIAN_POINT('',(6.350000000000001,-0.3,-4.699999999999999));
#9071=VERTEX_POINT('',#9070);
#9072=CARTESIAN_POINT('',(6.350000000000001,0.0,-4.699999999999999));
#9073=DIRECTION('',(0.0,-1.0,0.0));
#9074=VECTOR('',#9073,0.3);
#9075=LINE('',#9072,#9074);
#9076=EDGE_CURVE('',#8959,#9071,#9075,.T.);
#9077=ORIENTED_EDGE('',*,*,#9076,.T.);
#9078=CARTESIAN_POINT('',(6.350000000000001,-0.3,-4.699999999999999));
#9079=DIRECTION('',(0.0,0.0,1.0));
#9080=VECTOR('',#9079,2.4);
#9081=LINE('',#9078,#9080);
#9082=EDGE_CURVE('',#9071,#9040,#9081,.T.);
#9083=ORIENTED_EDGE('',*,*,#9082,.T.);
#9084=ORIENTED_EDGE('',*,*,#9045,.F.);
#9085=EDGE_LOOP('',(#9069,#9077,#9083,#9084));
#9086=FACE_OUTER_BOUND('',#9085,.T.);
#9087=ADVANCED_FACE('',(#9086),#9068,.F.);
#9088=CARTESIAN_POINT('',(7.750000000000002,0.0,-4.699999999999999));
#9089=DIRECTION('',(0.0,0.0,1.0));
#9090=DIRECTION('',(-1.0,0.0,0.0));
#9091=AXIS2_PLACEMENT_3D('',#9088,#9089,#9090);
#9092=PLANE('',#9091);
#9093=ORIENTED_EDGE('',*,*,#8964,.F.);
#9094=CARTESIAN_POINT('',(7.750000000000002,-0.3,-4.699999999999999));
#9095=VERTEX_POINT('',#9094);
#9096=CARTESIAN_POINT('',(7.750000000000002,0.0,-4.699999999999999));
#9097=DIRECTION('',(0.0,-1.0,0.0));
#9098=VECTOR('',#9097,0.3);
#9099=LINE('',#9096,#9098);
#9100=EDGE_CURVE('',#8951,#9095,#9099,.T.);
#9101=ORIENTED_EDGE('',*,*,#9100,.T.);
#9102=CARTESIAN_POINT('',(7.750000000000002,-0.3,-4.699999999999999));
#9103=DIRECTION('',(-1.0,0.0,0.0));
#9104=VECTOR('',#9103,1.4);
#9105=LINE('',#9102,#9104);
#9106=EDGE_CURVE('',#9095,#9071,#9105,.T.);
#9107=ORIENTED_EDGE('',*,*,#9106,.T.);
#9108=ORIENTED_EDGE('',*,*,#9076,.F.);
#9109=EDGE_LOOP('',(#9093,#9101,#9107,#9108));
#9110=FACE_OUTER_BOUND('',#9109,.T.);
#9111=ADVANCED_FACE('',(#9110),#9092,.F.);
#9112=CARTESIAN_POINT('',(6.920000000000001,-0.3,-3.500000000000001));
#9113=DIRECTION('',(0.0,-1.0,0.0));
#9114=DIRECTION('',(0.0,0.0,1.0));
#9115=AXIS2_PLACEMENT_3D('',#9112,#9113,#9114);
#9116=PLANE('',#9115);
#9117=ORIENTED_EDGE('',*,*,#263,.T.);
#9118=ORIENTED_EDGE('',*,*,#7914,.F.);
#9119=ORIENTED_EDGE('',*,*,#8015,.F.);
#9120=ORIENTED_EDGE('',*,*,#390,.T.);
#9121=CARTESIAN_POINT('',(6.950000000000002,-0.3,-2.500000000000004));
#9122=VERTEX_POINT('',#9121);
#9123=CARTESIAN_POINT('',(6.950000000000002,-0.3,-2.500000000000004));
#9124=DIRECTION('',(-1.0,0.0,0.0));
#9125=VECTOR('',#9124,0.05);
#9126=LINE('',#9123,#9125);
#9127=EDGE_CURVE('',#9122,#377,#9126,.T.);
#9128=ORIENTED_EDGE('',*,*,#9127,.F.);
#9129=CARTESIAN_POINT('',(6.950000000000002,-0.3,-2.999999999999998));
#9130=VERTEX_POINT('',#9129);
#9131=CARTESIAN_POINT('',(6.950000000000002,-0.3,-2.999999999999998));
#9132=DIRECTION('',(0.0,0.0,1.0));
#9133=VECTOR('',#9132,0.499999999999995);
#9134=LINE('',#9131,#9133);
#9135=EDGE_CURVE('',#9130,#9122,#9134,.T.);
#9136=ORIENTED_EDGE('',*,*,#9135,.F.);
#9137=CARTESIAN_POINT('',(7.750000000000002,-0.3,-2.999999999999998));
#9138=VERTEX_POINT('',#9137);
#9139=CARTESIAN_POINT('',(7.750000000000002,-0.3,-2.999999999999998));
#9140=DIRECTION('',(-1.0,0.0,0.0));
#9141=VECTOR('',#9140,0.8);
#9142=LINE('',#9139,#9141);
#9143=EDGE_CURVE('',#9138,#9130,#9142,.T.);
#9144=ORIENTED_EDGE('',*,*,#9143,.F.);
#9145=CARTESIAN_POINT('',(7.750000000000002,-0.3,-2.299999999999999));
#9146=DIRECTION('',(0.0,0.0,-1.0));
#9147=VECTOR('',#9146,0.699999999999999);
#9148=LINE('',#9145,#9147);
#9149=EDGE_CURVE('',#9048,#9138,#9148,.T.);
#9150=ORIENTED_EDGE('',*,*,#9149,.F.);
#9151=ORIENTED_EDGE('',*,*,#9053,.F.);
#9152=ORIENTED_EDGE('',*,*,#9082,.F.);
#9153=ORIENTED_EDGE('',*,*,#9106,.F.);
#9154=CARTESIAN_POINT('',(7.750000000000002,-0.3,-3.999999999999999));
#9155=VERTEX_POINT('',#9154);
#9156=CARTESIAN_POINT('',(7.750000000000002,-0.3,-3.999999999999999));
#9157=DIRECTION('',(0.0,0.0,-1.0));
#9158=VECTOR('',#9157,0.7);
#9159=LINE('',#9156,#9158);
#9160=EDGE_CURVE('',#9155,#9095,#9159,.T.);
#9161=ORIENTED_EDGE('',*,*,#9160,.F.);
#9162=CARTESIAN_POINT('',(6.950000000000002,-0.3,-3.999999999999999));
#9163=VERTEX_POINT('',#9162);
#9164=CARTESIAN_POINT('',(6.950000000000002,-0.3,-3.999999999999999));
#9165=DIRECTION('',(1.0,0.0,0.0));
#9166=VECTOR('',#9165,0.8);
#9167=LINE('',#9164,#9166);
#9168=EDGE_CURVE('',#9163,#9155,#9167,.T.);
#9169=ORIENTED_EDGE('',*,*,#9168,.F.);
#9170=CARTESIAN_POINT('',(6.950000000000002,-0.3,-4.500000000000004));
#9171=VERTEX_POINT('',#9170);
#9172=CARTESIAN_POINT('',(6.950000000000002,-0.3,-4.500000000000004));
#9173=DIRECTION('',(0.0,0.0,1.0));
#9174=VECTOR('',#9173,0.500000000000004);
#9175=LINE('',#9172,#9174);
#9176=EDGE_CURVE('',#9171,#9163,#9175,.T.);
#9177=ORIENTED_EDGE('',*,*,#9176,.F.);
#9178=CARTESIAN_POINT('',(6.900000000000002,-0.3,-4.500000000000004));
#9179=DIRECTION('',(1.0,0.0,0.0));
#9180=VECTOR('',#9179,0.05);
#9181=LINE('',#9178,#9180);
#9182=EDGE_CURVE('',#353,#9171,#9181,.T.);
#9183=ORIENTED_EDGE('',*,*,#9182,.F.);
#9184=ORIENTED_EDGE('',*,*,#8047,.F.);
#9185=ORIENTED_EDGE('',*,*,#8101,.F.);
#9186=EDGE_LOOP('',(#9117,#9118,#9119,#9120,#9128,#9136,#9144,#9150,#9151,#9152,#9153,#9161,#9169,#9177,#9183,#9184,#9185));
#9187=FACE_OUTER_BOUND('',#9186,.T.);
#9188=ADVANCED_FACE('',(#9187),#9116,.T.);
#9189=CARTESIAN_POINT('',(-6.350000000000001,0.0,-2.299999999999999));
#9190=DIRECTION('',(0.0,0.0,1.0));
#9191=DIRECTION('',(-1.0,0.0,0.0));
#9192=AXIS2_PLACEMENT_3D('',#9189,#9190,#9191);
#9193=PLANE('',#9192);
#9194=ORIENTED_EDGE('',*,*,#8859,.F.);
#9195=CARTESIAN_POINT('',(-7.750000000000002,0.0,-2.299999999999999));
#9196=DIRECTION('',(0.0,-1.0,0.0));
#9197=VECTOR('',#9196,0.3);
#9198=LINE('',#9195,#9197);
#9199=EDGE_CURVE('',#8846,#8453,#9198,.T.);
#9200=ORIENTED_EDGE('',*,*,#9199,.T.);
#9201=ORIENTED_EDGE('',*,*,#8458,.F.);
#9202=CARTESIAN_POINT('',(-6.350000000000001,0.0,-2.299999999999999));
#9203=DIRECTION('',(0.0,-1.0,0.0));
#9204=VECTOR('',#9203,0.3);
#9205=LINE('',#9202,#9204);
#9206=EDGE_CURVE('',#8854,#8445,#9205,.T.);
#9207=ORIENTED_EDGE('',*,*,#9206,.F.);
#9208=EDGE_LOOP('',(#9194,#9200,#9201,#9207));
#9209=FACE_OUTER_BOUND('',#9208,.T.);
#9210=ADVANCED_FACE('',(#9209),#9193,.T.);
#9211=CARTESIAN_POINT('',(-6.350000000000001,0.0,-4.699999999999999));
#9212=DIRECTION('',(1.0,0.0,0.0));
#9213=DIRECTION('',(0.0,0.0,1.0));
#9214=AXIS2_PLACEMENT_3D('',#9211,#9212,#9213);
#9215=PLANE('',#9214);
#9216=ORIENTED_EDGE('',*,*,#8867,.F.);
#9217=ORIENTED_EDGE('',*,*,#9206,.T.);
#9218=ORIENTED_EDGE('',*,*,#8450,.F.);
#9219=CARTESIAN_POINT('',(-6.350000000000001,0.0,-4.699999999999999));
#9220=DIRECTION('',(0.0,-1.0,0.0));
#9221=VECTOR('',#9220,0.3);
#9222=LINE('',#9219,#9221);
#9223=EDGE_CURVE('',#8862,#8437,#9222,.T.);
#9224=ORIENTED_EDGE('',*,*,#9223,.F.);
#9225=EDGE_LOOP('',(#9216,#9217,#9218,#9224));
#9226=FACE_OUTER_BOUND('',#9225,.T.);
#9227=ADVANCED_FACE('',(#9226),#9215,.T.);
#9228=CARTESIAN_POINT('',(-7.750000000000002,0.0,-4.699999999999999));
#9229=DIRECTION('',(0.0,0.0,-1.0));
#9230=DIRECTION('',(1.0,0.0,0.0));
#9231=AXIS2_PLACEMENT_3D('',#9228,#9229,#9230);
#9232=PLANE('',#9231);
#9233=ORIENTED_EDGE('',*,*,#8875,.F.);
#9234=ORIENTED_EDGE('',*,*,#9223,.T.);
#9235=ORIENTED_EDGE('',*,*,#8442,.F.);
#9236=CARTESIAN_POINT('',(-7.750000000000002,0.0,-4.699999999999999));
#9237=DIRECTION('',(0.0,-1.0,0.0));
#9238=VECTOR('',#9237,0.3);
#9239=LINE('',#9236,#9238);
#9240=EDGE_CURVE('',#8870,#8429,#9239,.T.);
#9241=ORIENTED_EDGE('',*,*,#9240,.F.);
#9242=EDGE_LOOP('',(#9233,#9234,#9235,#9241));
#9243=FACE_OUTER_BOUND('',#9242,.T.);
#9244=ADVANCED_FACE('',(#9243),#9232,.T.);
#9245=CARTESIAN_POINT('',(7.750000000000002,0.0,-3.999999999999999));
#9246=DIRECTION('',(0.0,0.0,1.0));
#9247=DIRECTION('',(0.0,1.0,0.0));
#9248=AXIS2_PLACEMENT_3D('',#9245,#9246,#9247);
#9249=PLANE('',#9248);
#9250=CARTESIAN_POINT('',(7.45,8.000000000000002,-4.0));
#9251=VERTEX_POINT('',#9250);
#9252=CARTESIAN_POINT('',(7.750000000000002,7.7,-4.0));
#9253=VERTEX_POINT('',#9252);
#9254=CARTESIAN_POINT('',(7.45,7.7,-3.999999999999999));
#9255=DIRECTION('',(0.0,0.0,-1.0));
#9256=DIRECTION('',(0.707106781186547,0.707106781186547,0.0));
#9257=AXIS2_PLACEMENT_3D('',#9254,#9255,#9256);
#9258=CIRCLE('',#9257,0.3);
#9259=EDGE_CURVE('',#9251,#9253,#9258,.T.);
#9260=ORIENTED_EDGE('',*,*,#9259,.F.);
#9261=CARTESIAN_POINT('',(6.950000000000002,8.0,-4.0));
#9262=VERTEX_POINT('',#9261);
#9263=CARTESIAN_POINT('',(6.950000000000001,8.0,-4.0));
#9264=DIRECTION('',(1.0,0.0,0.0));
#9265=VECTOR('',#9264,0.499999999999998);
#9266=LINE('',#9263,#9265);
#9267=EDGE_CURVE('',#9262,#9251,#9266,.T.);
#9268=ORIENTED_EDGE('',*,*,#9267,.F.);
#9269=CARTESIAN_POINT('',(6.950000000000001,8.0,-4.0));
#9270=DIRECTION('',(0.0,-1.0,0.0));
#9271=VECTOR('',#9270,8.300000000000001);
#9272=LINE('',#9269,#9271);
#9273=EDGE_CURVE('',#9262,#9163,#9272,.T.);
#9274=ORIENTED_EDGE('',*,*,#9273,.T.);
#9275=ORIENTED_EDGE('',*,*,#9168,.T.);
#9276=CARTESIAN_POINT('',(7.750000000000002,7.700000000000001,-3.999999999999999));
#9277=DIRECTION('',(0.0,-1.0,0.0));
#9278=VECTOR('',#9277,8.000000000000002);
#9279=LINE('',#9276,#9278);
#9280=EDGE_CURVE('',#9253,#9155,#9279,.T.);
#9281=ORIENTED_EDGE('',*,*,#9280,.F.);
#9282=EDGE_LOOP('',(#9260,#9268,#9274,#9275,#9281));
#9283=FACE_OUTER_BOUND('',#9282,.T.);
#9284=ADVANCED_FACE('',(#9283),#9249,.T.);
#9285=CARTESIAN_POINT('',(6.950000000000002,8.0,-2.500000000000004));
#9286=DIRECTION('',(-1.0,0.0,0.0));
#9287=DIRECTION('',(0.0,0.0,-1.0));
#9288=AXIS2_PLACEMENT_3D('',#9285,#9286,#9287);
#9289=PLANE('',#9288);
#9290=CARTESIAN_POINT('',(6.950000000000002,8.0,-2.500000000000004));
#9291=VERTEX_POINT('',#9290);
#9292=CARTESIAN_POINT('',(6.950000000000002,8.0,-2.500000000000004));
#9293=DIRECTION('',(0.0,-1.0,0.0));
#9294=VECTOR('',#9293,8.300000000000001);
#9295=LINE('',#9292,#9294);
#9296=EDGE_CURVE('',#9291,#9122,#9295,.T.);
#9297=ORIENTED_EDGE('',*,*,#9296,.F.);
#9298=CARTESIAN_POINT('',(6.950000000000002,8.0,-3.0));
#9299=VERTEX_POINT('',#9298);
#9300=CARTESIAN_POINT('',(6.950000000000002,8.0,-3.0));
#9301=DIRECTION('',(0.0,0.0,1.0));
#9302=VECTOR('',#9301,0.499999999999997);
#9303=LINE('',#9300,#9302);
#9304=EDGE_CURVE('',#9299,#9291,#9303,.T.);
#9305=ORIENTED_EDGE('',*,*,#9304,.F.);
#9306=CARTESIAN_POINT('',(6.950000000000002,8.0,-2.999999999999998));
#9307=DIRECTION('',(0.0,-1.0,0.0));
#9308=VECTOR('',#9307,8.300000000000001);
#9309=LINE('',#9306,#9308);
#9310=EDGE_CURVE('',#9299,#9130,#9309,.T.);
#9311=ORIENTED_EDGE('',*,*,#9310,.T.);
#9312=ORIENTED_EDGE('',*,*,#9135,.T.);
#9313=EDGE_LOOP('',(#9297,#9305,#9311,#9312));
#9314=FACE_OUTER_BOUND('',#9313,.T.);
#9315=ADVANCED_FACE('',(#9314),#9289,.T.);
#9316=CARTESIAN_POINT('',(6.950000000000002,8.0,-2.500000000000004));
#9317=DIRECTION('',(-1.0,0.0,0.0));
#9318=DIRECTION('',(0.0,0.0,-1.0));
#9319=AXIS2_PLACEMENT_3D('',#9316,#9317,#9318);
#9320=PLANE('',#9319);
#9321=ORIENTED_EDGE('',*,*,#9273,.F.);
#9322=CARTESIAN_POINT('',(6.950000000000002,8.0,-4.500000000000004));
#9323=VERTEX_POINT('',#9322);
#9324=CARTESIAN_POINT('',(6.950000000000002,8.0,-4.500000000000004));
#9325=DIRECTION('',(0.0,0.0,1.0));
#9326=VECTOR('',#9325,0.500000000000004);
#9327=LINE('',#9324,#9326);
#9328=EDGE_CURVE('',#9323,#9262,#9327,.T.);
#9329=ORIENTED_EDGE('',*,*,#9328,.F.);
#9330=CARTESIAN_POINT('',(6.950000000000002,8.0,-4.500000000000004));
#9331=DIRECTION('',(0.0,-1.0,0.0));
#9332=VECTOR('',#9331,8.300000000000001);
#9333=LINE('',#9330,#9332);
#9334=EDGE_CURVE('',#9323,#9171,#9333,.T.);
#9335=ORIENTED_EDGE('',*,*,#9334,.T.);
#9336=ORIENTED_EDGE('',*,*,#9176,.T.);
#9337=EDGE_LOOP('',(#9321,#9329,#9335,#9336));
#9338=FACE_OUTER_BOUND('',#9337,.T.);
#9339=ADVANCED_FACE('',(#9338),#9320,.T.);
#9340=CARTESIAN_POINT('',(6.950000000000002,8.0,-4.500000000000004));
#9341=DIRECTION('',(0.0,0.0,1.0));
#9342=DIRECTION('',(-1.0,0.0,0.0));
#9343=AXIS2_PLACEMENT_3D('',#9340,#9341,#9342);
#9344=PLANE('',#9343);
#9345=ORIENTED_EDGE('',*,*,#366,.T.);
#9346=ORIENTED_EDGE('',*,*,#9182,.T.);
#9347=ORIENTED_EDGE('',*,*,#9334,.F.);
#9348=CARTESIAN_POINT('',(6.550000000000002,8.0,-4.500000000000004));
#9349=DIRECTION('',(1.0,0.0,0.0));
#9350=VECTOR('',#9349,0.4);
#9351=LINE('',#9348,#9350);
#9352=EDGE_CURVE('',#8117,#9323,#9351,.T.);
#9353=ORIENTED_EDGE('',*,*,#9352,.F.);
#9354=ORIENTED_EDGE('',*,*,#8122,.T.);
#9355=ORIENTED_EDGE('',*,*,#8086,.T.);
#9356=EDGE_LOOP('',(#9345,#9346,#9347,#9353,#9354,#9355));
#9357=FACE_OUTER_BOUND('',#9356,.T.);
#9358=ADVANCED_FACE('',(#9357),#9344,.T.);
#9359=CARTESIAN_POINT('',(6.550000000000002,8.0,-2.500000000000004));
#9360=DIRECTION('',(0.0,0.0,-1.0));
#9361=DIRECTION('',(1.0,0.0,0.0));
#9362=AXIS2_PLACEMENT_3D('',#9359,#9360,#9361);
#9363=PLANE('',#9362);
#9364=ORIENTED_EDGE('',*,*,#8079,.T.);
#9365=ORIENTED_EDGE('',*,*,#8136,.F.);
#9366=CARTESIAN_POINT('',(6.950000000000002,8.0,-2.500000000000004));
#9367=DIRECTION('',(-1.0,0.0,0.0));
#9368=VECTOR('',#9367,0.4);
#9369=LINE('',#9366,#9368);
#9370=EDGE_CURVE('',#9291,#8125,#9369,.T.);
#9371=ORIENTED_EDGE('',*,*,#9370,.F.);
#9372=ORIENTED_EDGE('',*,*,#9296,.T.);
#9373=ORIENTED_EDGE('',*,*,#9127,.T.);
#9374=ORIENTED_EDGE('',*,*,#382,.T.);
#9375=EDGE_LOOP('',(#9364,#9365,#9371,#9372,#9373,#9374));
#9376=FACE_OUTER_BOUND('',#9375,.T.);
#9377=ADVANCED_FACE('',(#9376),#9363,.T.);
#9378=CARTESIAN_POINT('',(7.750000000000002,8.0,-3.0));
#9379=DIRECTION('',(0.0,0.0,-1.0));
#9380=DIRECTION('',(0.0,-1.0,0.0));
#9381=AXIS2_PLACEMENT_3D('',#9378,#9379,#9380);
#9382=PLANE('',#9381);
#9383=CARTESIAN_POINT('',(7.750000000000002,7.7,-3.0));
#9384=VERTEX_POINT('',#9383);
#9385=CARTESIAN_POINT('',(7.45,8.0,-3.0));
#9386=VERTEX_POINT('',#9385);
#9387=CARTESIAN_POINT('',(7.45,7.7,-3.0));
#9388=DIRECTION('',(0.0,0.0,1.0));
#9389=DIRECTION('',(0.707106781186547,0.707106781186547,0.0));
#9390=AXIS2_PLACEMENT_3D('',#9387,#9388,#9389);
#9391=CIRCLE('',#9390,0.3);
#9392=EDGE_CURVE('',#9384,#9386,#9391,.T.);
#9393=ORIENTED_EDGE('',*,*,#9392,.F.);
#9394=CARTESIAN_POINT('',(7.750000000000002,7.7,-2.999999999999998));
#9395=DIRECTION('',(0.0,-1.0,0.0));
#9396=VECTOR('',#9395,8.0);
#9397=LINE('',#9394,#9396);
#9398=EDGE_CURVE('',#9384,#9138,#9397,.T.);
#9399=ORIENTED_EDGE('',*,*,#9398,.T.);
#9400=ORIENTED_EDGE('',*,*,#9143,.T.);
#9401=ORIENTED_EDGE('',*,*,#9310,.F.);
#9402=CARTESIAN_POINT('',(7.449999999999999,8.0,-3.0));
#9403=DIRECTION('',(-1.0,0.0,0.0));
#9404=VECTOR('',#9403,0.499999999999998);
#9405=LINE('',#9402,#9404);
#9406=EDGE_CURVE('',#9386,#9299,#9405,.T.);
#9407=ORIENTED_EDGE('',*,*,#9406,.F.);
#9408=EDGE_LOOP('',(#9393,#9399,#9400,#9401,#9407));
#9409=FACE_OUTER_BOUND('',#9408,.T.);
#9410=ADVANCED_FACE('',(#9409),#9382,.T.);
#9411=CARTESIAN_POINT('',(-5.645202E-016,8.0,-8.279629E-016));
#9412=DIRECTION('',(0.0,1.0,0.0));
#9413=DIRECTION('',(0.0,0.0,1.0));
#9414=AXIS2_PLACEMENT_3D('',#9411,#9412,#9413);
#9415=PLANE('',#9414);
#9416=ORIENTED_EDGE('',*,*,#9406,.T.);
#9417=ORIENTED_EDGE('',*,*,#9304,.T.);
#9418=ORIENTED_EDGE('',*,*,#9370,.T.);
#9419=ORIENTED_EDGE('',*,*,#8130,.T.);
#9420=ORIENTED_EDGE('',*,*,#9352,.T.);
#9421=ORIENTED_EDGE('',*,*,#9328,.T.);
#9422=ORIENTED_EDGE('',*,*,#9267,.T.);
#9423=CARTESIAN_POINT('',(7.450000000000001,8.0,-7.000000000000002));
#9424=VERTEX_POINT('',#9423);
#9425=CARTESIAN_POINT('',(7.450000000000001,8.0,-7.000000000000004));
#9426=DIRECTION('',(0.0,0.0,1.0));
#9427=VECTOR('',#9426,3.000000000000004);
#9428=LINE('',#9425,#9427);
#9429=EDGE_CURVE('',#9424,#9251,#9428,.T.);
#9430=ORIENTED_EDGE('',*,*,#9429,.F.);
#9431=CARTESIAN_POINT('',(-7.450000000000001,8.0,-7.000000000000003));
#9432=VERTEX_POINT('',#9431);
#9433=CARTESIAN_POINT('',(7.450000000000001,8.0,-7.000000000000002));
#9434=DIRECTION('',(-1.0,0.0,0.0));
#9435=VECTOR('',#9434,14.900000000000002);
#9436=LINE('',#9433,#9435);
#9437=EDGE_CURVE('',#9424,#9432,#9436,.T.);
#9438=ORIENTED_EDGE('',*,*,#9437,.T.);
#9439=CARTESIAN_POINT('',(-7.450000000000001,8.000000000000002,-4.0));
#9440=VERTEX_POINT('',#9439);
#9441=CARTESIAN_POINT('',(-7.450000000000001,8.0,-4.0));
#9442=DIRECTION('',(0.0,0.0,-1.0));
#9443=VECTOR('',#9442,3.000000000000003);
#9444=LINE('',#9441,#9443);
#9445=EDGE_CURVE('',#9440,#9432,#9444,.T.);
#9446=ORIENTED_EDGE('',*,*,#9445,.F.);
#9447=CARTESIAN_POINT('',(-6.950000000000002,8.0,-4.0));
#9448=VERTEX_POINT('',#9447);
#9449=CARTESIAN_POINT('',(-7.450000000000001,8.0,-4.0));
#9450=DIRECTION('',(1.0,0.0,0.0));
#9451=VECTOR('',#9450,0.499999999999999);
#9452=LINE('',#9449,#9451);
#9453=EDGE_CURVE('',#9440,#9448,#9452,.T.);
#9454=ORIENTED_EDGE('',*,*,#9453,.T.);
#9455=CARTESIAN_POINT('',(-6.950000000000002,8.0,-4.0));
#9456=DIRECTION('',(0.0,0.0,-1.0));
#9457=VECTOR('',#9456,0.500000000000004);
#9458=LINE('',#9455,#9457);
#9459=EDGE_CURVE('',#9448,#8543,#9458,.T.);
#9460=ORIENTED_EDGE('',*,*,#9459,.T.);
#9461=ORIENTED_EDGE('',*,*,#8548,.T.);
#9462=ORIENTED_EDGE('',*,*,#8578,.T.);
#9463=ORIENTED_EDGE('',*,*,#8604,.T.);
#9464=CARTESIAN_POINT('',(-6.950000000000002,8.0,-3.0));
#9465=VERTEX_POINT('',#9464);
#9466=CARTESIAN_POINT('',(-6.950000000000002,8.0,-2.500000000000004));
#9467=DIRECTION('',(0.0,0.0,-1.0));
#9468=VECTOR('',#9467,0.499999999999997);
#9469=LINE('',#9466,#9468);
#9470=EDGE_CURVE('',#8593,#9465,#9469,.T.);
#9471=ORIENTED_EDGE('',*,*,#9470,.T.);
#9472=CARTESIAN_POINT('',(-7.450000000000001,8.0,-3.0));
#9473=VERTEX_POINT('',#9472);
#9474=CARTESIAN_POINT('',(-6.950000000000002,8.0,-3.0));
#9475=DIRECTION('',(-1.0,0.0,0.0));
#9476=VECTOR('',#9475,0.499999999999999);
#9477=LINE('',#9474,#9476);
#9478=EDGE_CURVE('',#9465,#9473,#9477,.T.);
#9479=ORIENTED_EDGE('',*,*,#9478,.T.);
#9480=CARTESIAN_POINT('',(-7.450000000000001,8.0,7.000000000000002));
#9481=VERTEX_POINT('',#9480);
#9482=CARTESIAN_POINT('',(-7.450000000000001,8.0,7.000000000000002));
#9483=DIRECTION('',(0.0,0.0,-1.0));
#9484=VECTOR('',#9483,10.000000000000002);
#9485=LINE('',#9482,#9484);
#9486=EDGE_CURVE('',#9481,#9473,#9485,.T.);
#9487=ORIENTED_EDGE('',*,*,#9486,.F.);
#9488=CARTESIAN_POINT('',(7.449999999999999,8.0,7.0));
#9489=VERTEX_POINT('',#9488);
#9490=CARTESIAN_POINT('',(-7.450000000000001,8.0,7.000000000000002));
#9491=DIRECTION('',(1.0,0.0,0.0));
#9492=VECTOR('',#9491,14.899999999999999);
#9493=LINE('',#9490,#9492);
#9494=EDGE_CURVE('',#9481,#9489,#9493,.T.);
#9495=ORIENTED_EDGE('',*,*,#9494,.T.);
#9496=CARTESIAN_POINT('',(7.45,8.0,-3.0));
#9497=DIRECTION('',(0.0,0.0,1.0));
#9498=VECTOR('',#9497,10.0);
#9499=LINE('',#9496,#9498);
#9500=EDGE_CURVE('',#9386,#9489,#9499,.T.);
#9501=ORIENTED_EDGE('',*,*,#9500,.F.);
#9502=EDGE_LOOP('',(#9416,#9417,#9418,#9419,#9420,#9421,#9422,#9430,#9438,#9446,#9454,#9460,#9461,#9462,#9463,#9471,#9479,#9487,#9495,#9501));
#9503=FACE_OUTER_BOUND('',#9502,.T.);
#9504=ORIENTED_EDGE('',*,*,#7116,.T.);
#9505=ORIENTED_EDGE('',*,*,#7154,.T.);
#9506=ORIENTED_EDGE('',*,*,#7185,.T.);
#9507=ORIENTED_EDGE('',*,*,#7214,.T.);
#9508=EDGE_LOOP('',(#9504,#9505,#9506,#9507));
#9509=FACE_BOUND('',#9508,.T.);
#9510=ORIENTED_EDGE('',*,*,#7301,.T.);
#9511=ORIENTED_EDGE('',*,*,#7399,.T.);
#9512=ORIENTED_EDGE('',*,*,#7370,.T.);
#9513=ORIENTED_EDGE('',*,*,#7339,.T.);
#9514=EDGE_LOOP('',(#9510,#9511,#9512,#9513));
#9515=FACE_BOUND('',#9514,.T.);
#9516=ADVANCED_FACE('',(#9503,#9509,#9515),#9415,.T.);
#9517=CARTESIAN_POINT('',(7.449999999999999,7.7,3.5));
#9518=DIRECTION('',(1.586033E-016,0.0,-1.0));
#9519=DIRECTION('',(0.707106781186547,0.707106781186547,0.0));
#9520=AXIS2_PLACEMENT_3D('',#9517,#9518,#9519);
#9521=CYLINDRICAL_SURFACE('',#9520,0.3);
#9522=ORIENTED_EDGE('',*,*,#9259,.T.);
#9523=CARTESIAN_POINT('',(7.750000000000002,7.7,-7.000000000000002));
#9524=VERTEX_POINT('',#9523);
#9525=CARTESIAN_POINT('',(7.75,7.7,-4.0));
#9526=DIRECTION('',(0.0,0.0,-1.0));
#9527=VECTOR('',#9526,3.000000000000004);
#9528=LINE('',#9525,#9527);
#9529=EDGE_CURVE('',#9253,#9524,#9528,.T.);
#9530=ORIENTED_EDGE('',*,*,#9529,.T.);
#9531=CARTESIAN_POINT('',(7.45,7.7,-7.000000000000001));
#9532=DIRECTION('',(0.0,0.0,-1.0));
#9533=DIRECTION('',(0.707106781186547,0.707106781186547,0.0));
#9534=AXIS2_PLACEMENT_3D('',#9531,#9532,#9533);
#9535=CIRCLE('',#9534,0.3);
#9536=EDGE_CURVE('',#9524,#9424,#9535,.F.);
#9537=ORIENTED_EDGE('',*,*,#9536,.T.);
#9538=ORIENTED_EDGE('',*,*,#9429,.T.);
#9539=EDGE_LOOP('',(#9522,#9530,#9537,#9538));
#9540=FACE_OUTER_BOUND('',#9539,.T.);
#9541=ADVANCED_FACE('',(#9540),#9521,.T.);
#9542=CARTESIAN_POINT('',(7.749999999999999,0.0,7.0));
#9543=DIRECTION('',(1.0,0.0,0.0));
#9544=DIRECTION('',(0.0,0.0,-1.0));
#9545=AXIS2_PLACEMENT_3D('',#9542,#9543,#9544);
#9546=PLANE('',#9545);
#9547=ORIENTED_EDGE('',*,*,#9280,.T.);
#9548=ORIENTED_EDGE('',*,*,#9160,.T.);
#9549=ORIENTED_EDGE('',*,*,#9100,.F.);
#9550=ORIENTED_EDGE('',*,*,#8956,.T.);
#9551=CARTESIAN_POINT('',(7.750000000000002,0.0,-7.000000000000002));
#9552=DIRECTION('',(0.0,1.0,0.0));
#9553=VECTOR('',#9552,7.7);
#9554=LINE('',#9551,#9553);
#9555=EDGE_CURVE('',#8943,#9524,#9554,.T.);
#9556=ORIENTED_EDGE('',*,*,#9555,.T.);
#9557=ORIENTED_EDGE('',*,*,#9529,.F.);
#9558=EDGE_LOOP('',(#9547,#9548,#9549,#9550,#9556,#9557));
#9559=FACE_OUTER_BOUND('',#9558,.T.);
#9560=ADVANCED_FACE('',(#9559),#9546,.T.);
#9561=CARTESIAN_POINT('',(-6.950000000000002,8.0,-2.500000000000004));
#9562=DIRECTION('',(-1.0,0.0,0.0));
#9563=DIRECTION('',(0.0,0.0,-1.0));
#9564=AXIS2_PLACEMENT_3D('',#9561,#9562,#9563);
#9565=PLANE('',#9564);
#9566=CARTESIAN_POINT('',(-6.950000000000001,8.0,-3.0));
#9567=DIRECTION('',(0.0,-1.0,0.0));
#9568=VECTOR('',#9567,8.300000000000001);
#9569=LINE('',#9566,#9568);
#9570=EDGE_CURVE('',#9465,#8469,#9569,.T.);
#9571=ORIENTED_EDGE('',*,*,#9570,.F.);
#9572=ORIENTED_EDGE('',*,*,#9470,.F.);
#9573=ORIENTED_EDGE('',*,*,#8598,.T.);
#9574=ORIENTED_EDGE('',*,*,#8482,.F.);
#9575=EDGE_LOOP('',(#9571,#9572,#9573,#9574));
#9576=FACE_OUTER_BOUND('',#9575,.T.);
#9577=ADVANCED_FACE('',(#9576),#9565,.F.);
#9578=CARTESIAN_POINT('',(-6.950000000000002,8.0,-2.500000000000004));
#9579=DIRECTION('',(-1.0,0.0,0.0));
#9580=DIRECTION('',(0.0,0.0,-1.0));
#9581=AXIS2_PLACEMENT_3D('',#9578,#9579,#9580);
#9582=PLANE('',#9581);
#9583=ORIENTED_EDGE('',*,*,#8554,.F.);
#9584=ORIENTED_EDGE('',*,*,#9459,.F.);
#9585=CARTESIAN_POINT('',(-6.950000000000001,-0.300000000000001,-3.999999999999999));
#9586=DIRECTION('',(0.0,1.0,0.0));
#9587=VECTOR('',#9586,8.300000000000001);
#9588=LINE('',#9585,#9587);
#9589=EDGE_CURVE('',#8413,#9448,#9588,.T.);
#9590=ORIENTED_EDGE('',*,*,#9589,.F.);
#9591=ORIENTED_EDGE('',*,*,#8418,.F.);
#9592=EDGE_LOOP('',(#9583,#9584,#9590,#9591));
#9593=FACE_OUTER_BOUND('',#9592,.T.);
#9594=ADVANCED_FACE('',(#9593),#9582,.F.);
#9595=CARTESIAN_POINT('',(-7.750000000000002,0.0,-3.999999999999999));
#9596=DIRECTION('',(0.0,0.0,-1.0));
#9597=DIRECTION('',(0.0,1.0,0.0));
#9598=AXIS2_PLACEMENT_3D('',#9595,#9596,#9597);
#9599=PLANE('',#9598);
#9600=ORIENTED_EDGE('',*,*,#9589,.T.);
#9601=ORIENTED_EDGE('',*,*,#9453,.F.);
#9602=CARTESIAN_POINT('',(-7.750000000000002,7.7,-4.0));
#9603=VERTEX_POINT('',#9602);
#9604=CARTESIAN_POINT('',(-7.450000000000001,7.7,-3.999999999999999));
#9605=DIRECTION('',(0.0,0.0,-1.0));
#9606=DIRECTION('',(-0.707106781186547,0.707106781186547,0.0));
#9607=AXIS2_PLACEMENT_3D('',#9604,#9605,#9606);
#9608=CIRCLE('',#9607,0.3);
#9609=EDGE_CURVE('',#9603,#9440,#9608,.T.);
#9610=ORIENTED_EDGE('',*,*,#9609,.F.);
#9611=CARTESIAN_POINT('',(-7.750000000000002,-0.300000000000001,-3.999999999999999));
#9612=DIRECTION('',(0.0,1.0,0.0));
#9613=VECTOR('',#9612,8.0);
#9614=LINE('',#9611,#9613);
#9615=EDGE_CURVE('',#8421,#9603,#9614,.T.);
#9616=ORIENTED_EDGE('',*,*,#9615,.F.);
#9617=ORIENTED_EDGE('',*,*,#8426,.F.);
#9618=EDGE_LOOP('',(#9600,#9601,#9610,#9616,#9617));
#9619=FACE_OUTER_BOUND('',#9618,.T.);
#9620=ADVANCED_FACE('',(#9619),#9599,.F.);
#9621=CARTESIAN_POINT('',(-7.750000000000002,8.0,-3.0));
#9622=DIRECTION('',(0.0,0.0,1.0));
#9623=DIRECTION('',(0.0,-1.0,0.0));
#9624=AXIS2_PLACEMENT_3D('',#9621,#9622,#9623);
#9625=PLANE('',#9624);
#9626=ORIENTED_EDGE('',*,*,#9570,.T.);
#9627=ORIENTED_EDGE('',*,*,#8474,.F.);
#9628=CARTESIAN_POINT('',(-7.750000000000002,7.7,-3.0));
#9629=VERTEX_POINT('',#9628);
#9630=CARTESIAN_POINT('',(-7.750000000000002,7.7,-2.999999999999998));
#9631=DIRECTION('',(0.0,-1.0,0.0));
#9632=VECTOR('',#9631,8.0);
#9633=LINE('',#9630,#9632);
#9634=EDGE_CURVE('',#9629,#8461,#9633,.T.);
#9635=ORIENTED_EDGE('',*,*,#9634,.F.);
#9636=CARTESIAN_POINT('',(-7.450000000000001,7.7,-3.0));
#9637=DIRECTION('',(0.0,0.0,1.0));
#9638=DIRECTION('',(-0.707106781186547,0.707106781186547,0.0));
#9639=AXIS2_PLACEMENT_3D('',#9636,#9637,#9638);
#9640=CIRCLE('',#9639,0.3);
#9641=EDGE_CURVE('',#9473,#9629,#9640,.T.);
#9642=ORIENTED_EDGE('',*,*,#9641,.F.);
#9643=ORIENTED_EDGE('',*,*,#9478,.F.);
#9644=EDGE_LOOP('',(#9626,#9627,#9635,#9642,#9643));
#9645=FACE_OUTER_BOUND('',#9644,.T.);
#9646=ADVANCED_FACE('',(#9645),#9625,.F.);
#9647=CARTESIAN_POINT('',(-7.750000000000002,0.0,-7.000000000000003));
#9648=DIRECTION('',(-1.0,0.0,0.0));
#9649=DIRECTION('',(0.0,0.0,1.0));
#9650=AXIS2_PLACEMENT_3D('',#9647,#9648,#9649);
#9651=PLANE('',#9650);
#9652=ORIENTED_EDGE('',*,*,#9615,.T.);
#9653=CARTESIAN_POINT('',(-7.750000000000002,7.7,-7.000000000000003));
#9654=VERTEX_POINT('',#9653);
#9655=CARTESIAN_POINT('',(-7.750000000000002,7.7,-7.000000000000003));
#9656=DIRECTION('',(0.0,0.0,1.0));
#9657=VECTOR('',#9656,3.000000000000003);
#9658=LINE('',#9655,#9657);
#9659=EDGE_CURVE('',#9654,#9603,#9658,.T.);
#9660=ORIENTED_EDGE('',*,*,#9659,.F.);
#9661=CARTESIAN_POINT('',(-7.750000000000002,0.0,-7.000000000000003));
#9662=DIRECTION('',(0.0,1.0,0.0));
#9663=VECTOR('',#9662,7.7);
#9664=LINE('',#9661,#9663);
#9665=EDGE_CURVE('',#8878,#9654,#9664,.T.);
#9666=ORIENTED_EDGE('',*,*,#9665,.F.);
#9667=ORIENTED_EDGE('',*,*,#8883,.T.);
#9668=ORIENTED_EDGE('',*,*,#9240,.T.);
#9669=ORIENTED_EDGE('',*,*,#8434,.F.);
#9670=EDGE_LOOP('',(#9652,#9660,#9666,#9667,#9668,#9669));
#9671=FACE_OUTER_BOUND('',#9670,.T.);
#9672=ADVANCED_FACE('',(#9671),#9651,.T.);
#9673=CARTESIAN_POINT('',(-7.450000000000001,7.7,-3.500000000000002));
#9674=DIRECTION('',(0.0,0.0,1.0));
#9675=DIRECTION('',(-0.707106781186547,0.707106781186547,0.0));
#9676=AXIS2_PLACEMENT_3D('',#9673,#9674,#9675);
#9677=CYLINDRICAL_SURFACE('',#9676,0.3);
#9678=ORIENTED_EDGE('',*,*,#9609,.T.);
#9679=ORIENTED_EDGE('',*,*,#9445,.T.);
#9680=CARTESIAN_POINT('',(-7.450000000000001,7.7,-7.000000000000002));
#9681=DIRECTION('',(0.0,0.0,-1.0));
#9682=DIRECTION('',(-0.707106781186547,0.707106781186547,0.0));
#9683=AXIS2_PLACEMENT_3D('',#9680,#9681,#9682);
#9684=CIRCLE('',#9683,0.3);
#9685=EDGE_CURVE('',#9432,#9654,#9684,.F.);
#9686=ORIENTED_EDGE('',*,*,#9685,.T.);
#9687=ORIENTED_EDGE('',*,*,#9659,.T.);
#9688=EDGE_LOOP('',(#9678,#9679,#9686,#9687));
#9689=FACE_OUTER_BOUND('',#9688,.T.);
#9690=ADVANCED_FACE('',(#9689),#9677,.T.);
#9691=CARTESIAN_POINT('',(3.749999999999996,3.999999999999999,-1.0));
#9692=DIRECTION('',(-1.432546E-016,0.0,-1.0));
#9693=DIRECTION('',(-1.0,0.0,0.0));
#9694=AXIS2_PLACEMENT_3D('',#9691,#9692,#9693);
#9695=CYLINDRICAL_SURFACE('',#9694,3.5);
#9696=CARTESIAN_POINT('',(1.352605581052625,6.549999999999998,-1.0));
#9697=VERTEX_POINT('',#9696);
#9698=CARTESIAN_POINT('',(1.352605581052623,1.450000000000001,-1.0));
#9699=VERTEX_POINT('',#9698);
#9700=CARTESIAN_POINT('',(3.749999999999996,3.999999999999999,-1.0));
#9701=DIRECTION('',(0.0,0.0,1.0));
#9702=DIRECTION('',(-1.0,0.0,0.0));
#9703=AXIS2_PLACEMENT_3D('',#9700,#9701,#9702);
#9704=CIRCLE('',#9703,3.5);
#9705=EDGE_CURVE('',#9697,#9699,#9704,.T.);
#9706=ORIENTED_EDGE('',*,*,#9705,.F.);
#9707=CARTESIAN_POINT('',(1.352605581052624,6.549999999999998,-4.0));
#9708=VERTEX_POINT('',#9707);
#9709=CARTESIAN_POINT('',(1.352605581052625,6.549999999999998,-1.0));
#9710=DIRECTION('',(0.0,0.0,-1.0));
#9711=VECTOR('',#9710,3.0);
#9712=LINE('',#9709,#9711);
#9713=EDGE_CURVE('',#9697,#9708,#9712,.T.);
#9714=ORIENTED_EDGE('',*,*,#9713,.T.);
#9715=CARTESIAN_POINT('',(1.352605581052622,1.450000000000001,-4.0));
#9716=VERTEX_POINT('',#9715);
#9717=CARTESIAN_POINT('',(3.749999999999996,3.999999999999999,-4.000000000000001));
#9718=DIRECTION('',(0.0,0.0,1.0));
#9719=DIRECTION('',(-1.0,0.0,0.0));
#9720=AXIS2_PLACEMENT_3D('',#9717,#9718,#9719);
#9721=CIRCLE('',#9720,3.5);
#9722=EDGE_CURVE('',#9708,#9716,#9721,.T.);
#9723=ORIENTED_EDGE('',*,*,#9722,.T.);
#9724=CARTESIAN_POINT('',(1.352605581052623,1.450000000000001,-1.0));
#9725=DIRECTION('',(0.0,0.0,-1.0));
#9726=VECTOR('',#9725,3.0);
#9727=LINE('',#9724,#9726);
#9728=EDGE_CURVE('',#9699,#9716,#9727,.T.);
#9729=ORIENTED_EDGE('',*,*,#9728,.F.);
#9730=EDGE_LOOP('',(#9706,#9714,#9723,#9729));
#9731=FACE_OUTER_BOUND('',#9730,.T.);
#9732=ADVANCED_FACE('',(#9731),#9695,.T.);
#9733=CARTESIAN_POINT('',(-1.352605581052629,6.549999999999998,-1.0));
#9734=DIRECTION('',(0.0,1.0,0.0));
#9735=DIRECTION('',(1.0,0.0,0.0));
#9736=AXIS2_PLACEMENT_3D('',#9733,#9734,#9735);
#9737=PLANE('',#9736);
#9738=CARTESIAN_POINT('',(-1.352605581052629,6.549999999999998,-1.0));
#9739=VERTEX_POINT('',#9738);
#9740=CARTESIAN_POINT('',(-1.352605581052629,6.549999999999998,-1.0));
#9741=DIRECTION('',(1.0,0.0,0.0));
#9742=VECTOR('',#9741,2.705211162105255);
#9743=LINE('',#9740,#9742);
#9744=EDGE_CURVE('',#9739,#9697,#9743,.T.);
#9745=ORIENTED_EDGE('',*,*,#9744,.F.);
#9746=CARTESIAN_POINT('',(-1.35260558105263,6.549999999999998,-4.0));
#9747=VERTEX_POINT('',#9746);
#9748=CARTESIAN_POINT('',(-1.352605581052629,6.549999999999998,-1.0));
#9749=DIRECTION('',(0.0,0.0,-1.0));
#9750=VECTOR('',#9749,3.0);
#9751=LINE('',#9748,#9750);
#9752=EDGE_CURVE('',#9739,#9747,#9751,.T.);
#9753=ORIENTED_EDGE('',*,*,#9752,.T.);
#9754=CARTESIAN_POINT('',(-1.35260558105263,6.549999999999998,-4.0));
#9755=DIRECTION('',(1.0,0.0,0.0));
#9756=VECTOR('',#9755,2.705211162105254);
#9757=LINE('',#9754,#9756);
#9758=EDGE_CURVE('',#9747,#9708,#9757,.T.);
#9759=ORIENTED_EDGE('',*,*,#9758,.T.);
#9760=ORIENTED_EDGE('',*,*,#9713,.F.);
#9761=EDGE_LOOP('',(#9745,#9753,#9759,#9760));
#9762=FACE_OUTER_BOUND('',#9761,.T.);
#9763=ADVANCED_FACE('',(#9762),#9737,.F.);
#9764=CARTESIAN_POINT('',(-3.750000000000002,3.999999999999999,-0.999999999999999));
#9765=DIRECTION('',(-1.432546E-016,0.0,-1.0));
#9766=DIRECTION('',(-1.0,0.0,0.0));
#9767=AXIS2_PLACEMENT_3D('',#9764,#9765,#9766);
#9768=CYLINDRICAL_SURFACE('',#9767,3.500000000000001);
#9769=CARTESIAN_POINT('',(-1.352605581052627,1.450000000000001,-1.0));
#9770=VERTEX_POINT('',#9769);
#9771=CARTESIAN_POINT('',(-3.750000000000002,3.999999999999999,-0.999999999999999));
#9772=DIRECTION('',(0.0,0.0,1.0));
#9773=DIRECTION('',(-1.0,0.0,0.0));
#9774=AXIS2_PLACEMENT_3D('',#9771,#9772,#9773);
#9775=CIRCLE('',#9774,3.500000000000001);
#9776=EDGE_CURVE('',#9770,#9739,#9775,.T.);
#9777=ORIENTED_EDGE('',*,*,#9776,.F.);
#9778=CARTESIAN_POINT('',(-1.352605581052628,1.450000000000001,-4.0));
#9779=VERTEX_POINT('',#9778);
#9780=CARTESIAN_POINT('',(-1.352605581052627,1.450000000000001,-1.0));
#9781=DIRECTION('',(0.0,0.0,-1.0));
#9782=VECTOR('',#9781,3.0);
#9783=LINE('',#9780,#9782);
#9784=EDGE_CURVE('',#9770,#9779,#9783,.T.);
#9785=ORIENTED_EDGE('',*,*,#9784,.T.);
#9786=CARTESIAN_POINT('',(-3.750000000000002,3.999999999999999,-4.0));
#9787=DIRECTION('',(0.0,0.0,1.0));
#9788=DIRECTION('',(-1.0,0.0,0.0));
#9789=AXIS2_PLACEMENT_3D('',#9786,#9787,#9788);
#9790=CIRCLE('',#9789,3.500000000000001);
#9791=EDGE_CURVE('',#9779,#9747,#9790,.T.);
#9792=ORIENTED_EDGE('',*,*,#9791,.T.);
#9793=ORIENTED_EDGE('',*,*,#9752,.F.);
#9794=EDGE_LOOP('',(#9777,#9785,#9792,#9793));
#9795=FACE_OUTER_BOUND('',#9794,.T.);
#9796=ADVANCED_FACE('',(#9795),#9768,.T.);
#9797=CARTESIAN_POINT('',(1.352605581052623,1.450000000000001,-1.0));
#9798=DIRECTION('',(0.0,-1.0,0.0));
#9799=DIRECTION('',(-1.0,0.0,0.0));
#9800=AXIS2_PLACEMENT_3D('',#9797,#9798,#9799);
#9801=PLANE('',#9800);
#9802=CARTESIAN_POINT('',(1.352605581052623,1.45,-1.0));
#9803=DIRECTION('',(-1.0,0.0,0.0));
#9804=VECTOR('',#9803,2.70521116210525);
#9805=LINE('',#9802,#9804);
#9806=EDGE_CURVE('',#9699,#9770,#9805,.T.);
#9807=ORIENTED_EDGE('',*,*,#9806,.F.);
#9808=ORIENTED_EDGE('',*,*,#9728,.T.);
#9809=CARTESIAN_POINT('',(1.352605581052622,1.450000000000001,-4.0));
#9810=DIRECTION('',(-1.0,0.0,0.0));
#9811=VECTOR('',#9810,2.70521116210525);
#9812=LINE('',#9809,#9811);
#9813=EDGE_CURVE('',#9716,#9779,#9812,.T.);
#9814=ORIENTED_EDGE('',*,*,#9813,.T.);
#9815=ORIENTED_EDGE('',*,*,#9784,.F.);
#9816=EDGE_LOOP('',(#9807,#9808,#9814,#9815));
#9817=FACE_OUTER_BOUND('',#9816,.T.);
#9818=ADVANCED_FACE('',(#9817),#9801,.F.);
#9819=CARTESIAN_POINT('',(-2.886514E-015,4.000000000000001,-4.0));
#9820=DIRECTION('',(0.0,0.0,1.0));
#9821=DIRECTION('',(1.0,0.0,0.0));
#9822=AXIS2_PLACEMENT_3D('',#9819,#9820,#9821);
#9823=PLANE('',#9822);
#9824=ORIENTED_EDGE('',*,*,#9813,.F.);
#9825=ORIENTED_EDGE('',*,*,#9722,.F.);
#9826=ORIENTED_EDGE('',*,*,#9758,.F.);
#9827=ORIENTED_EDGE('',*,*,#9791,.F.);
#9828=EDGE_LOOP('',(#9824,#9825,#9826,#9827));
#9829=FACE_OUTER_BOUND('',#9828,.T.);
#9830=ADVANCED_FACE('',(#9829),#9823,.T.);
#9831=CARTESIAN_POINT('',(2.183940864277715,3.899999999999999,6.5));
#9832=DIRECTION('',(-1.0,0.0,0.0));
#9833=DIRECTION('',(0.0,1.0,0.0));
#9834=AXIS2_PLACEMENT_3D('',#9831,#9832,#9833);
#9835=PLANE('',#9834);
#9836=CARTESIAN_POINT('',(2.183940864277714,3.899999999999999,0.0));
#9837=VERTEX_POINT('',#9836);
#9838=CARTESIAN_POINT('',(2.183940864277714,4.099999999999998,0.0));
#9839=VERTEX_POINT('',#9838);
#9840=CARTESIAN_POINT('',(2.183940864277714,3.899999999999999,0.0));
#9841=DIRECTION('',(0.0,1.0,0.0));
#9842=VECTOR('',#9841,0.199999999999999);
#9843=LINE('',#9840,#9842);
#9844=EDGE_CURVE('',#9837,#9839,#9843,.T.);
#9845=ORIENTED_EDGE('',*,*,#9844,.F.);
#9846=CARTESIAN_POINT('',(2.183940864277714,3.899999999999999,-1.0));
#9847=VERTEX_POINT('',#9846);
#9848=CARTESIAN_POINT('',(2.183940864277714,3.899999999999999,0.0));
#9849=DIRECTION('',(0.0,0.0,-1.0));
#9850=VECTOR('',#9849,1.0);
#9851=LINE('',#9848,#9850);
#9852=EDGE_CURVE('',#9837,#9847,#9851,.T.);
#9853=ORIENTED_EDGE('',*,*,#9852,.T.);
#9854=CARTESIAN_POINT('',(2.183940864277714,4.099999999999998,-1.0));
#9855=VERTEX_POINT('',#9854);
#9856=CARTESIAN_POINT('',(2.183940864277714,3.899999999999998,-1.0));
#9857=DIRECTION('',(0.0,1.0,0.0));
#9858=VECTOR('',#9857,0.2);
#9859=LINE('',#9856,#9858);
#9860=EDGE_CURVE('',#9847,#9855,#9859,.T.);
#9861=ORIENTED_EDGE('',*,*,#9860,.T.);
#9862=CARTESIAN_POINT('',(2.183940864277714,4.099999999999998,0.0));
#9863=DIRECTION('',(0.0,0.0,-1.0));
#9864=VECTOR('',#9863,1.0);
#9865=LINE('',#9862,#9864);
#9866=EDGE_CURVE('',#9839,#9855,#9865,.T.);
#9867=ORIENTED_EDGE('',*,*,#9866,.F.);
#9868=EDGE_LOOP('',(#9845,#9853,#9861,#9867));
#9869=FACE_OUTER_BOUND('',#9868,.T.);
#9870=ADVANCED_FACE('',(#9869),#9835,.F.);
#9871=CARTESIAN_POINT('',(2.183940864277715,4.099999999999998,6.5));
#9872=DIRECTION('',(0.0,1.0,0.0));
#9873=DIRECTION('',(1.0,0.0,0.0));
#9874=AXIS2_PLACEMENT_3D('',#9871,#9872,#9873);
#9875=PLANE('',#9874);
#9876=CARTESIAN_POINT('',(2.25333704529042,4.099999999999998,1.022313E-016));
#9877=VERTEX_POINT('',#9876);
#9878=CARTESIAN_POINT('',(2.183940864277714,4.099999999999998,1.121726E-016));
#9879=DIRECTION('',(1.0,0.0,0.0));
#9880=VECTOR('',#9879,0.069396181012706);
#9881=LINE('',#9878,#9880);
#9882=EDGE_CURVE('',#9839,#9877,#9881,.T.);
#9883=ORIENTED_EDGE('',*,*,#9882,.F.);
#9884=ORIENTED_EDGE('',*,*,#9866,.T.);
#9885=CARTESIAN_POINT('',(3.158392021690036,4.099999999999998,-1.0));
#9886=VERTEX_POINT('',#9885);
#9887=CARTESIAN_POINT('',(2.183940864277714,4.099999999999999,-0.999999999999999));
#9888=DIRECTION('',(1.0,0.0,0.0));
#9889=VECTOR('',#9888,0.974451157412322);
#9890=LINE('',#9887,#9889);
#9891=EDGE_CURVE('',#9855,#9886,#9890,.T.);
#9892=ORIENTED_EDGE('',*,*,#9891,.T.);
#9893=CARTESIAN_POINT('',(3.158392021690037,4.099999999999998,6.5));
#9894=VERTEX_POINT('',#9893);
#9895=CARTESIAN_POINT('',(3.158392021690037,4.099999999999998,6.5));
#9896=DIRECTION('',(0.0,0.0,-1.0));
#9897=VECTOR('',#9896,7.5);
#9898=LINE('',#9895,#9897);
#9899=EDGE_CURVE('',#9894,#9886,#9898,.T.);
#9900=ORIENTED_EDGE('',*,*,#9899,.F.);
#9901=CARTESIAN_POINT('',(2.554173925689858,4.099999999999999,6.5));
#9902=VERTEX_POINT('',#9901);
#9903=CARTESIAN_POINT('',(2.554173925689858,4.099999999999999,6.5));
#9904=DIRECTION('',(1.0,0.0,0.0));
#9905=VECTOR('',#9904,0.604218096000179);
#9906=LINE('',#9903,#9905);
#9907=EDGE_CURVE('',#9902,#9894,#9906,.T.);
#9908=ORIENTED_EDGE('',*,*,#9907,.F.);
#9909=CARTESIAN_POINT('',(2.253337045290421,4.099999999999998,6.2));
#9910=VERTEX_POINT('',#9909);
#9911=CARTESIAN_POINT('',(2.253337045290421,4.099999999999998,6.2));
#9912=CARTESIAN_POINT('',(2.253337045290421,4.099999999999998,6.236993623505748));
#9913=CARTESIAN_POINT('',(2.262010212706016,4.099999999999998,6.280530467055822));
#9914=CARTESIAN_POINT('',(2.290370157872531,4.099999999999998,6.348912329837855));
#9915=CARTESIAN_POINT('',(2.315089978503774,4.099999999999998,6.385846249744638));
#9916=CARTESIAN_POINT('',(2.367549076580938,4.099999999999998,6.438230944314842));
#9917=CARTESIAN_POINT('',(2.404588530187115,4.099999999999998,6.462931133764895));
#9918=CARTESIAN_POINT('',(2.473230143295274,4.099999999999998,6.49131891254109));
#9919=CARTESIAN_POINT('',(2.516993707438948,4.099999999999998,6.5));
#9920=CARTESIAN_POINT('',(2.554173925689858,4.099999999999998,6.5));
#9921=B_SPLINE_CURVE_WITH_KNOTS('',3,(#9911,#9912,#9913,#9914,#9915,#9916,#9917,#9918,#9919,#9920),.UNSPECIFIED.,.F.,.U.,(4,2,2,2,4),(0.0,0.011098087051725,0.022208847522214,0.033338819676022,0.044492885151295),.UNSPECIFIED.);
#9922=EDGE_CURVE('',#9910,#9902,#9921,.T.);
#9923=ORIENTED_EDGE('',*,*,#9922,.F.);
#9924=CARTESIAN_POINT('',(2.25333704529042,4.099999999999998,1.022313E-016));
#9925=DIRECTION('',(0.0,0.0,1.0));
#9926=VECTOR('',#9925,6.2);
#9927=LINE('',#9924,#9926);
#9928=EDGE_CURVE('',#9877,#9910,#9927,.T.);
#9929=ORIENTED_EDGE('',*,*,#9928,.F.);
#9930=EDGE_LOOP('',(#9883,#9884,#9892,#9900,#9908,#9923,#9929));
#9931=FACE_OUTER_BOUND('',#9930,.T.);
#9932=ADVANCED_FACE('',(#9931),#9875,.F.);
#9933=CARTESIAN_POINT('',(3.649999999999998,2.499665194099999,6.5));
#9934=DIRECTION('',(-1.0,0.0,0.0));
#9935=DIRECTION('',(0.0,1.0,0.0));
#9936=AXIS2_PLACEMENT_3D('',#9933,#9934,#9935);
#9937=PLANE('',#9936);
#9938=CARTESIAN_POINT('',(3.649999999999997,2.499665194099999,0.0));
#9939=VERTEX_POINT('',#9938);
#9940=CARTESIAN_POINT('',(3.649999999999997,2.503337045290422,7.162729E-018));
#9941=VERTEX_POINT('',#9940);
#9942=CARTESIAN_POINT('',(3.649999999999997,2.499665194099999,0.0));
#9943=DIRECTION('',(0.0,1.0,0.0));
#9944=VECTOR('',#9943,0.003671851190423);
#9945=LINE('',#9942,#9944);
#9946=EDGE_CURVE('',#9939,#9941,#9945,.T.);
#9947=ORIENTED_EDGE('',*,*,#9946,.F.);
#9948=CARTESIAN_POINT('',(3.649999999999997,2.499665194099999,-1.0));
#9949=VERTEX_POINT('',#9948);
#9950=CARTESIAN_POINT('',(3.649999999999997,2.499665194099999,0.0));
#9951=DIRECTION('',(0.0,0.0,-1.0));
#9952=VECTOR('',#9951,1.0);
#9953=LINE('',#9950,#9952);
#9954=EDGE_CURVE('',#9939,#9949,#9953,.T.);
#9955=ORIENTED_EDGE('',*,*,#9954,.T.);
#9956=CARTESIAN_POINT('',(3.649999999999997,3.408392021690037,-1.0));
#9957=VERTEX_POINT('',#9956);
#9958=CARTESIAN_POINT('',(3.649999999999997,2.499665194099999,-1.0));
#9959=DIRECTION('',(0.0,1.0,0.0));
#9960=VECTOR('',#9959,0.908726827590038);
#9961=LINE('',#9958,#9960);
#9962=EDGE_CURVE('',#9949,#9957,#9961,.T.);
#9963=ORIENTED_EDGE('',*,*,#9962,.T.);
#9964=CARTESIAN_POINT('',(3.649999999999998,3.408392021690037,6.5));
#9965=VERTEX_POINT('',#9964);
#9966=CARTESIAN_POINT('',(3.649999999999998,3.408392021690037,6.5));
#9967=DIRECTION('',(0.0,0.0,-1.0));
#9968=VECTOR('',#9967,7.5);
#9969=LINE('',#9966,#9968);
#9970=EDGE_CURVE('',#9965,#9957,#9969,.T.);
#9971=ORIENTED_EDGE('',*,*,#9970,.F.);
#9972=CARTESIAN_POINT('',(3.649999999999998,2.804173925689859,6.5));
#9973=VERTEX_POINT('',#9972);
#9974=CARTESIAN_POINT('',(3.649999999999998,2.804173925689859,6.5));
#9975=DIRECTION('',(0.0,1.0,0.0));
#9976=VECTOR('',#9975,0.604218096000178);
#9977=LINE('',#9974,#9976);
#9978=EDGE_CURVE('',#9973,#9965,#9977,.T.);
#9979=ORIENTED_EDGE('',*,*,#9978,.F.);
#9980=CARTESIAN_POINT('',(3.649999999999998,2.503337045290422,6.2));
#9981=VERTEX_POINT('',#9980);
#9982=CARTESIAN_POINT('',(3.649999999999998,2.503337045290422,6.2));
#9983=CARTESIAN_POINT('',(3.649999999999998,2.503337045290422,6.236993623505748));
#9984=CARTESIAN_POINT('',(3.649999999999998,2.512010212706016,6.280530467055821));
#9985=CARTESIAN_POINT('',(3.649999999999998,2.540370157872531,6.348912329837855));
#9986=CARTESIAN_POINT('',(3.649999999999998,2.565089978503774,6.385846249744638));
#9987=CARTESIAN_POINT('',(3.649999999999998,2.617549076580938,6.438230944314842));
#9988=CARTESIAN_POINT('',(3.649999999999998,2.654588530187115,6.462931133764895));
#9989=CARTESIAN_POINT('',(3.649999999999998,2.723230143295274,6.49131891254109));
#9990=CARTESIAN_POINT('',(3.649999999999998,2.766993707438949,6.5));
#9991=CARTESIAN_POINT('',(3.649999999999998,2.804173925689859,6.5));
#9992=B_SPLINE_CURVE_WITH_KNOTS('',3,(#9982,#9983,#9984,#9985,#9986,#9987,#9988,#9989,#9990,#9991),.UNSPECIFIED.,.F.,.U.,(4,2,2,2,4),(0.0,0.011098087051725,0.022208847522214,0.033338819676022,0.044492885151295),.UNSPECIFIED.);
#9993=EDGE_CURVE('',#9981,#9973,#9992,.T.);
#9994=ORIENTED_EDGE('',*,*,#9993,.F.);
#9995=CARTESIAN_POINT('',(3.649999999999997,2.503337045290422,7.162729E-018));
#9996=DIRECTION('',(0.0,0.0,1.0));
#9997=VECTOR('',#9996,6.2);
#9998=LINE('',#9995,#9997);
#9999=EDGE_CURVE('',#9941,#9981,#9998,.T.);
#10000=ORIENTED_EDGE('',*,*,#9999,.F.);
#10001=EDGE_LOOP('',(#9947,#9955,#9963,#9971,#9979,#9994,#10000));
#10002=FACE_OUTER_BOUND('',#10001,.T.);
#10003=ADVANCED_FACE('',(#10002),#9937,.F.);
#10004=CARTESIAN_POINT('',(3.649999999999998,5.500334805899998,6.5));
#10005=DIRECTION('',(0.0,1.0,0.0));
#10006=DIRECTION('',(1.0,0.0,0.0));
#10007=AXIS2_PLACEMENT_3D('',#10004,#10005,#10006);
#10008=PLANE('',#10007);
#10009=CARTESIAN_POINT('',(3.649999999999997,5.500334805899998,0.0));
#10010=VERTEX_POINT('',#10009);
#10011=CARTESIAN_POINT('',(3.849999999999997,5.500334805899998,0.0));
#10012=VERTEX_POINT('',#10011);
#10013=CARTESIAN_POINT('',(3.649999999999997,5.500334805899998,7.162729E-018));
#10014=DIRECTION('',(1.0,0.0,0.0));
#10015=VECTOR('',#10014,0.2);
#10016=LINE('',#10013,#10015);
#10017=EDGE_CURVE('',#10010,#10012,#10016,.T.);
#10018=ORIENTED_EDGE('',*,*,#10017,.F.);
#10019=CARTESIAN_POINT('',(3.649999999999997,5.500334805899998,-1.0));
#10020=VERTEX_POINT('',#10019);
#10021=CARTESIAN_POINT('',(3.649999999999997,5.500334805899998,0.0));
#10022=DIRECTION('',(0.0,0.0,-1.0));
#10023=VECTOR('',#10022,1.0);
#10024=LINE('',#10021,#10023);
#10025=EDGE_CURVE('',#10010,#10020,#10024,.T.);
#10026=ORIENTED_EDGE('',*,*,#10025,.T.);
#10027=CARTESIAN_POINT('',(3.849999999999997,5.500334805899998,-1.0));
#10028=VERTEX_POINT('',#10027);
#10029=CARTESIAN_POINT('',(3.649999999999997,5.500334805899998,-1.0));
#10030=DIRECTION('',(1.0,0.0,0.0));
#10031=VECTOR('',#10030,0.2);
#10032=LINE('',#10029,#10031);
#10033=EDGE_CURVE('',#10020,#10028,#10032,.T.);
#10034=ORIENTED_EDGE('',*,*,#10033,.T.);
#10035=CARTESIAN_POINT('',(3.849999999999997,5.500334805899998,0.0));
#10036=DIRECTION('',(0.0,0.0,-1.0));
#10037=VECTOR('',#10036,1.0);
#10038=LINE('',#10035,#10037);
#10039=EDGE_CURVE('',#10012,#10028,#10038,.T.);
#10040=ORIENTED_EDGE('',*,*,#10039,.F.);
#10041=EDGE_LOOP('',(#10018,#10026,#10034,#10040));
#10042=FACE_OUTER_BOUND('',#10041,.T.);
#10043=ADVANCED_FACE('',(#10042),#10008,.F.);
#10044=CARTESIAN_POINT('',(3.849999999999998,5.500334805899998,6.5));
#10045=DIRECTION('',(1.0,0.0,0.0));
#10046=DIRECTION('',(0.0,-1.0,0.0));
#10047=AXIS2_PLACEMENT_3D('',#10044,#10045,#10046);
#10048=PLANE('',#10047);
#10049=CARTESIAN_POINT('',(3.849999999999997,5.496662954709574,-7.162729E-018));
#10050=VERTEX_POINT('',#10049);
#10051=CARTESIAN_POINT('',(3.849999999999997,5.500334805899998,0.0));
#10052=DIRECTION('',(0.0,-1.0,0.0));
#10053=VECTOR('',#10052,0.003671851190424);
#10054=LINE('',#10051,#10053);
#10055=EDGE_CURVE('',#10012,#10050,#10054,.T.);
#10056=ORIENTED_EDGE('',*,*,#10055,.F.);
#10057=ORIENTED_EDGE('',*,*,#10039,.T.);
#10058=CARTESIAN_POINT('',(3.849999999999997,4.591607978309961,-1.0));
#10059=VERTEX_POINT('',#10058);
#10060=CARTESIAN_POINT('',(3.849999999999997,5.500334805899998,-1.0));
#10061=DIRECTION('',(0.0,-1.0,0.0));
#10062=VECTOR('',#10061,0.908726827590037);
#10063=LINE('',#10060,#10062);
#10064=EDGE_CURVE('',#10028,#10059,#10063,.T.);
#10065=ORIENTED_EDGE('',*,*,#10064,.T.);
#10066=CARTESIAN_POINT('',(3.849999999999998,4.591607978309961,6.5));
#10067=VERTEX_POINT('',#10066);
#10068=CARTESIAN_POINT('',(3.849999999999998,4.591607978309961,6.5));
#10069=DIRECTION('',(0.0,0.0,-1.0));
#10070=VECTOR('',#10069,7.5);
#10071=LINE('',#10068,#10070);
#10072=EDGE_CURVE('',#10067,#10059,#10071,.T.);
#10073=ORIENTED_EDGE('',*,*,#10072,.F.);
#10074=CARTESIAN_POINT('',(3.849999999999998,5.195826074310138,6.5));
#10075=VERTEX_POINT('',#10074);
#10076=CARTESIAN_POINT('',(3.849999999999998,5.195826074310138,6.5));
#10077=DIRECTION('',(0.0,-1.0,0.0));
#10078=VECTOR('',#10077,0.604218096000178);
#10079=LINE('',#10076,#10078);
#10080=EDGE_CURVE('',#10075,#10067,#10079,.T.);
#10081=ORIENTED_EDGE('',*,*,#10080,.F.);
#10082=CARTESIAN_POINT('',(3.849999999999998,5.496662954709574,6.2));
#10083=VERTEX_POINT('',#10082);
#10084=CARTESIAN_POINT('',(3.849999999999998,5.496662954709576,6.2));
#10085=CARTESIAN_POINT('',(3.849999999999998,5.496662954709576,6.236993623505748));
#10086=CARTESIAN_POINT('',(3.849999999999998,5.48798978729398,6.280530467055821));
#10087=CARTESIAN_POINT('',(3.849999999999998,5.459629842127464,6.348912329837855));
#10088=CARTESIAN_POINT('',(3.849999999999998,5.434910021496222,6.385846249744638));
#10089=CARTESIAN_POINT('',(3.849999999999998,5.382450923419059,6.438230944314842));
#10090=CARTESIAN_POINT('',(3.849999999999998,5.345411469812882,6.462931133764894));
#10091=CARTESIAN_POINT('',(3.849999999999998,5.276769856704724,6.491318912541089));
#10092=CARTESIAN_POINT('',(3.849999999999998,5.233006292561049,6.5));
#10093=CARTESIAN_POINT('',(3.849999999999998,5.195826074310139,6.5));
#10094=B_SPLINE_CURVE_WITH_KNOTS('',3,(#10084,#10085,#10086,#10087,#10088,#10089,#10090,#10091,#10092,#10093),.UNSPECIFIED.,.F.,.U.,(4,2,2,2,4),(0.0,0.011098087051725,0.022208847522214,0.033338819676022,0.044492885151295),.UNSPECIFIED.);
#10095=EDGE_CURVE('',#10083,#10075,#10094,.T.);
#10096=ORIENTED_EDGE('',*,*,#10095,.F.);
#10097=CARTESIAN_POINT('',(3.849999999999997,5.496662954709574,-7.162729E-018));
#10098=DIRECTION('',(0.0,0.0,1.0));
#10099=VECTOR('',#10098,6.2);
#10100=LINE('',#10097,#10099);
#10101=EDGE_CURVE('',#10050,#10083,#10100,.T.);
#10102=ORIENTED_EDGE('',*,*,#10101,.F.);
#10103=EDGE_LOOP('',(#10056,#10057,#10065,#10073,#10081,#10096,#10102));
#10104=FACE_OUTER_BOUND('',#10103,.T.);
#10105=ADVANCED_FACE('',(#10104),#10048,.F.);
#10106=CARTESIAN_POINT('',(5.316059135722285,3.899999999999999,6.5));
#10107=DIRECTION('',(0.0,-1.0,0.0));
#10108=DIRECTION('',(-1.0,0.0,0.0));
#10109=AXIS2_PLACEMENT_3D('',#10106,#10107,#10108);
#10110=PLANE('',#10109);
#10111=CARTESIAN_POINT('',(5.316059135722284,3.899999999999999,0.0));
#10112=VERTEX_POINT('',#10111);
#10113=CARTESIAN_POINT('',(5.246662954709573,3.899999999999999,-1.022313E-016));
#10114=VERTEX_POINT('',#10113);
#10115=CARTESIAN_POINT('',(5.316059135722284,3.899999999999999,-1.121726E-016));
#10116=DIRECTION('',(-1.0,0.0,0.0));
#10117=VECTOR('',#10116,0.069396181012711);
#10118=LINE('',#10115,#10117);
#10119=EDGE_CURVE('',#10112,#10114,#10118,.T.);
#10120=ORIENTED_EDGE('',*,*,#10119,.F.);
#10121=CARTESIAN_POINT('',(5.316059135722284,3.899999999999999,-1.0));
#10122=VERTEX_POINT('',#10121);
#10123=CARTESIAN_POINT('',(5.316059135722284,3.899999999999999,0.0));
#10124=DIRECTION('',(0.0,0.0,-1.0));
#10125=VECTOR('',#10124,1.0);
#10126=LINE('',#10123,#10125);
#10127=EDGE_CURVE('',#10112,#10122,#10126,.T.);
#10128=ORIENTED_EDGE('',*,*,#10127,.T.);
#10129=CARTESIAN_POINT('',(4.34160797830996,3.899999999999999,-1.0));
#10130=VERTEX_POINT('',#10129);
#10131=CARTESIAN_POINT('',(5.316059135722284,3.899999999999999,-1.0));
#10132=DIRECTION('',(-1.0,0.0,0.0));
#10133=VECTOR('',#10132,0.974451157412324);
#10134=LINE('',#10131,#10133);
#10135=EDGE_CURVE('',#10122,#10130,#10134,.T.);
#10136=ORIENTED_EDGE('',*,*,#10135,.T.);
#10137=CARTESIAN_POINT('',(4.341607978309961,3.899999999999999,6.5));
#10138=VERTEX_POINT('',#10137);
#10139=CARTESIAN_POINT('',(4.341607978309961,3.899999999999999,6.5));
#10140=DIRECTION('',(0.0,0.0,-1.0));
#10141=VECTOR('',#10140,7.5);
#10142=LINE('',#10139,#10141);
#10143=EDGE_CURVE('',#10138,#10130,#10142,.T.);
#10144=ORIENTED_EDGE('',*,*,#10143,.F.);
#10145=CARTESIAN_POINT('',(4.945826074310138,3.899999999999999,6.5));
#10146=VERTEX_POINT('',#10145);
#10147=CARTESIAN_POINT('',(4.945826074310138,3.899999999999999,6.5));
#10148=DIRECTION('',(-1.0,0.0,0.0));
#10149=VECTOR('',#10148,0.604218096000177);
#10150=LINE('',#10147,#10149);
#10151=EDGE_CURVE('',#10146,#10138,#10150,.T.);
#10152=ORIENTED_EDGE('',*,*,#10151,.F.);
#10153=CARTESIAN_POINT('',(5.246662954709574,3.899999999999999,6.2));
#10154=VERTEX_POINT('',#10153);
#10155=CARTESIAN_POINT('',(5.246662954709574,3.899999999999999,6.2));
#10156=CARTESIAN_POINT('',(5.246662954709574,3.899999999999999,6.236993623505748));
#10157=CARTESIAN_POINT('',(5.23798978729398,3.899999999999999,6.280530467055821));
#10158=CARTESIAN_POINT('',(5.209629842127464,3.899999999999999,6.348912329837855));
#10159=CARTESIAN_POINT('',(5.184910021496222,3.899999999999999,6.385846249744638));
#10160=CARTESIAN_POINT('',(5.132450923419059,3.899999999999999,6.438230944314842));
#10161=CARTESIAN_POINT('',(5.095411469812881,3.899999999999999,6.462931133764894));
#10162=CARTESIAN_POINT('',(5.026769856704724,3.899999999999999,6.491318912541089));
#10163=CARTESIAN_POINT('',(4.983006292561048,3.899999999999999,6.5));
#10164=CARTESIAN_POINT('',(4.945826074310138,3.899999999999999,6.5));
#10165=B_SPLINE_CURVE_WITH_KNOTS('',3,(#10155,#10156,#10157,#10158,#10159,#10160,#10161,#10162,#10163,#10164),.UNSPECIFIED.,.F.,.U.,(4,2,2,2,4),(0.0,0.011098087051725,0.022208847522214,0.033338819676022,0.044492885151295),.UNSPECIFIED.);
#10166=EDGE_CURVE('',#10154,#10146,#10165,.T.);
#10167=ORIENTED_EDGE('',*,*,#10166,.F.);
#10168=CARTESIAN_POINT('',(5.246662954709573,3.899999999999999,-1.022313E-016));
#10169=DIRECTION('',(0.0,0.0,1.0));
#10170=VECTOR('',#10169,6.2);
#10171=LINE('',#10168,#10170);
#10172=EDGE_CURVE('',#10114,#10154,#10171,.T.);
#10173=ORIENTED_EDGE('',*,*,#10172,.F.);
#10174=EDGE_LOOP('',(#10120,#10128,#10136,#10144,#10152,#10167,#10173));
#10175=FACE_OUTER_BOUND('',#10174,.T.);
#10176=ADVANCED_FACE('',(#10175),#10110,.F.);
#10177=CARTESIAN_POINT('',(3.749999999999999,3.999999999999999,6.5));
#10178=DIRECTION('',(-1.480297E-016,0.0,-1.0));
#10179=DIRECTION('',(-1.0,0.0,0.0));
#10180=AXIS2_PLACEMENT_3D('',#10177,#10178,#10179);
#10181=CYLINDRICAL_SURFACE('',#10180,0.6);
#10182=CARTESIAN_POINT('',(3.158392021690036,3.899999999999999,-1.0));
#10183=VERTEX_POINT('',#10182);
#10184=CARTESIAN_POINT('',(3.158392021690037,3.899999999999999,6.5));
#10185=VERTEX_POINT('',#10184);
#10186=CARTESIAN_POINT('',(3.158392021690036,3.899999999999999,-1.0));
#10187=DIRECTION('',(0.0,0.0,1.0));
#10188=VECTOR('',#10187,7.5);
#10189=LINE('',#10186,#10188);
#10190=EDGE_CURVE('',#10183,#10185,#10189,.T.);
#10191=ORIENTED_EDGE('',*,*,#10190,.T.);
#10192=CARTESIAN_POINT('',(3.749999999999999,3.999999999999999,6.5));
#10193=DIRECTION('',(0.0,0.0,-1.0));
#10194=DIRECTION('',(-1.0,0.0,0.0));
#10195=AXIS2_PLACEMENT_3D('',#10192,#10193,#10194);
#10196=CIRCLE('',#10195,0.6);
#10197=EDGE_CURVE('',#9965,#10185,#10196,.T.);
#10198=ORIENTED_EDGE('',*,*,#10197,.F.);
#10199=ORIENTED_EDGE('',*,*,#9970,.T.);
#10200=CARTESIAN_POINT('',(3.749999999999998,3.999999999999999,-1.0));
#10201=DIRECTION('',(0.0,0.0,-1.0));
#10202=DIRECTION('',(-1.0,0.0,0.0));
#10203=AXIS2_PLACEMENT_3D('',#10200,#10201,#10202);
#10204=CIRCLE('',#10203,0.6);
#10205=EDGE_CURVE('',#9957,#10183,#10204,.T.);
#10206=ORIENTED_EDGE('',*,*,#10205,.T.);
#10207=EDGE_LOOP('',(#10191,#10198,#10199,#10206));
#10208=FACE_OUTER_BOUND('',#10207,.T.);
#10209=ADVANCED_FACE('',(#10208),#10181,.F.);
#10210=CARTESIAN_POINT('',(3.749999999999999,3.999999999999999,6.5));
#10211=DIRECTION('',(-1.480297E-016,0.0,-1.0));
#10212=DIRECTION('',(-1.0,0.0,0.0));
#10213=AXIS2_PLACEMENT_3D('',#10210,#10211,#10212);
#10214=CYLINDRICAL_SURFACE('',#10213,0.6);
#10215=ORIENTED_EDGE('',*,*,#10143,.T.);
#10216=CARTESIAN_POINT('',(3.849999999999997,3.408392021690037,-1.0));
#10217=VERTEX_POINT('',#10216);
#10218=CARTESIAN_POINT('',(3.749999999999998,3.999999999999999,-1.0));
#10219=DIRECTION('',(0.0,0.0,-1.0));
#10220=DIRECTION('',(-1.0,0.0,0.0));
#10221=AXIS2_PLACEMENT_3D('',#10218,#10219,#10220);
#10222=CIRCLE('',#10221,0.6);
#10223=EDGE_CURVE('',#10130,#10217,#10222,.T.);
#10224=ORIENTED_EDGE('',*,*,#10223,.T.);
#10225=CARTESIAN_POINT('',(3.849999999999998,3.408392021690037,6.5));
#10226=VERTEX_POINT('',#10225);
#10227=CARTESIAN_POINT('',(3.849999999999997,3.408392021690037,-1.0));
#10228=DIRECTION('',(0.0,0.0,1.0));
#10229=VECTOR('',#10228,7.5);
#10230=LINE('',#10227,#10229);
#10231=EDGE_CURVE('',#10217,#10226,#10230,.T.);
#10232=ORIENTED_EDGE('',*,*,#10231,.T.);
#10233=CARTESIAN_POINT('',(3.749999999999999,3.999999999999999,6.5));
#10234=DIRECTION('',(0.0,0.0,-1.0));
#10235=DIRECTION('',(-1.0,0.0,0.0));
#10236=AXIS2_PLACEMENT_3D('',#10233,#10234,#10235);
#10237=CIRCLE('',#10236,0.6);
#10238=EDGE_CURVE('',#10138,#10226,#10237,.T.);
#10239=ORIENTED_EDGE('',*,*,#10238,.F.);
#10240=EDGE_LOOP('',(#10215,#10224,#10232,#10239));
#10241=FACE_OUTER_BOUND('',#10240,.T.);
#10242=ADVANCED_FACE('',(#10241),#10214,.F.);
#10243=CARTESIAN_POINT('',(3.749999999999999,3.999999999999999,6.5));
#10244=DIRECTION('',(-1.480297E-016,0.0,-1.0));
#10245=DIRECTION('',(-1.0,0.0,0.0));
#10246=AXIS2_PLACEMENT_3D('',#10243,#10244,#10245);
#10247=CYLINDRICAL_SURFACE('',#10246,0.6);
#10248=CARTESIAN_POINT('',(3.649999999999997,4.591607978309961,-1.0));
#10249=VERTEX_POINT('',#10248);
#10250=CARTESIAN_POINT('',(3.649999999999998,4.591607978309961,6.5));
#10251=VERTEX_POINT('',#10250);
#10252=CARTESIAN_POINT('',(3.649999999999997,4.591607978309961,-1.0));
#10253=DIRECTION('',(0.0,0.0,1.0));
#10254=VECTOR('',#10253,7.5);
#10255=LINE('',#10252,#10254);
#10256=EDGE_CURVE('',#10249,#10251,#10255,.T.);
#10257=ORIENTED_EDGE('',*,*,#10256,.T.);
#10258=CARTESIAN_POINT('',(3.749999999999999,3.999999999999999,6.5));
#10259=DIRECTION('',(0.0,0.0,-1.0));
#10260=DIRECTION('',(-1.0,0.0,0.0));
#10261=AXIS2_PLACEMENT_3D('',#10258,#10259,#10260);
#10262=CIRCLE('',#10261,0.6);
#10263=EDGE_CURVE('',#9894,#10251,#10262,.T.);
#10264=ORIENTED_EDGE('',*,*,#10263,.F.);
#10265=ORIENTED_EDGE('',*,*,#9899,.T.);
#10266=CARTESIAN_POINT('',(3.749999999999998,3.999999999999999,-1.0));
#10267=DIRECTION('',(0.0,0.0,-1.0));
#10268=DIRECTION('',(-1.0,0.0,0.0));
#10269=AXIS2_PLACEMENT_3D('',#10266,#10267,#10268);
#10270=CIRCLE('',#10269,0.6);
#10271=EDGE_CURVE('',#9886,#10249,#10270,.T.);
#10272=ORIENTED_EDGE('',*,*,#10271,.T.);
#10273=EDGE_LOOP('',(#10257,#10264,#10265,#10272));
#10274=FACE_OUTER_BOUND('',#10273,.T.);
#10275=ADVANCED_FACE('',(#10274),#10247,.F.);
#10276=CARTESIAN_POINT('',(3.749999999999999,3.999999999999999,6.5));
#10277=DIRECTION('',(-1.480297E-016,0.0,-1.0));
#10278=DIRECTION('',(-1.0,0.0,0.0));
#10279=AXIS2_PLACEMENT_3D('',#10276,#10277,#10278);
#10280=CYLINDRICAL_SURFACE('',#10279,0.6);
#10281=ORIENTED_EDGE('',*,*,#10072,.T.);
#10282=CARTESIAN_POINT('',(4.34160797830996,4.099999999999998,-1.0));
#10283=VERTEX_POINT('',#10282);
#10284=CARTESIAN_POINT('',(3.749999999999998,3.999999999999999,-1.0));
#10285=DIRECTION('',(0.0,0.0,-1.0));
#10286=DIRECTION('',(-1.0,0.0,0.0));
#10287=AXIS2_PLACEMENT_3D('',#10284,#10285,#10286);
#10288=CIRCLE('',#10287,0.6);
#10289=EDGE_CURVE('',#10059,#10283,#10288,.T.);
#10290=ORIENTED_EDGE('',*,*,#10289,.T.);
#10291=CARTESIAN_POINT('',(4.341607978309961,4.099999999999998,6.5));
#10292=VERTEX_POINT('',#10291);
#10293=CARTESIAN_POINT('',(4.34160797830996,4.099999999999998,-1.0));
#10294=DIRECTION('',(0.0,0.0,1.0));
#10295=VECTOR('',#10294,7.5);
#10296=LINE('',#10293,#10295);
#10297=EDGE_CURVE('',#10283,#10292,#10296,.T.);
#10298=ORIENTED_EDGE('',*,*,#10297,.T.);
#10299=CARTESIAN_POINT('',(3.749999999999999,3.999999999999999,6.5));
#10300=DIRECTION('',(0.0,0.0,-1.0));
#10301=DIRECTION('',(-1.0,0.0,0.0));
#10302=AXIS2_PLACEMENT_3D('',#10299,#10300,#10301);
#10303=CIRCLE('',#10302,0.6);
#10304=EDGE_CURVE('',#10067,#10292,#10303,.T.);
#10305=ORIENTED_EDGE('',*,*,#10304,.F.);
#10306=EDGE_LOOP('',(#10281,#10290,#10298,#10305));
#10307=FACE_OUTER_BOUND('',#10306,.T.);
#10308=ADVANCED_FACE('',(#10307),#10280,.F.);
#10309=CARTESIAN_POINT('',(3.749999999999999,3.999999999999998,-1.000000000000001));
#10310=DIRECTION('',(0.0,0.0,-1.0));
#10311=DIRECTION('',(-1.0,0.0,0.0));
#10312=AXIS2_PLACEMENT_3D('',#10309,#10310,#10311);
#10313=PLANE('',#10312);
#10314=CARTESIAN_POINT('',(3.649999999999997,4.591607978309961,-1.0));
#10315=DIRECTION('',(0.0,1.0,0.0));
#10316=VECTOR('',#10315,0.908726827590037);
#10317=LINE('',#10314,#10316);
#10318=EDGE_CURVE('',#10249,#10020,#10317,.T.);
#10319=ORIENTED_EDGE('',*,*,#10318,.F.);
#10320=ORIENTED_EDGE('',*,*,#10271,.F.);
#10321=ORIENTED_EDGE('',*,*,#9891,.F.);
#10322=ORIENTED_EDGE('',*,*,#9860,.F.);
#10323=CARTESIAN_POINT('',(3.158392021690036,3.899999999999999,-1.0));
#10324=DIRECTION('',(-1.0,0.0,0.0));
#10325=VECTOR('',#10324,0.974451157412322);
#10326=LINE('',#10323,#10325);
#10327=EDGE_CURVE('',#10183,#9847,#10326,.T.);
#10328=ORIENTED_EDGE('',*,*,#10327,.F.);
#10329=ORIENTED_EDGE('',*,*,#10205,.F.);
#10330=ORIENTED_EDGE('',*,*,#9962,.F.);
#10331=CARTESIAN_POINT('',(3.849999999999997,2.499665194099999,-1.0));
#10332=VERTEX_POINT('',#10331);
#10333=CARTESIAN_POINT('',(3.849999999999997,2.499665194099999,-1.0));
#10334=DIRECTION('',(-1.0,0.0,0.0));
#10335=VECTOR('',#10334,0.2);
#10336=LINE('',#10333,#10335);
#10337=EDGE_CURVE('',#10332,#9949,#10336,.T.);
#10338=ORIENTED_EDGE('',*,*,#10337,.F.);
#10339=CARTESIAN_POINT('',(3.849999999999997,3.408392021690037,-1.0));
#10340=DIRECTION('',(0.0,-1.0,0.0));
#10341=VECTOR('',#10340,0.908726827590038);
#10342=LINE('',#10339,#10341);
#10343=EDGE_CURVE('',#10217,#10332,#10342,.T.);
#10344=ORIENTED_EDGE('',*,*,#10343,.F.);
#10345=ORIENTED_EDGE('',*,*,#10223,.F.);
#10346=ORIENTED_EDGE('',*,*,#10135,.F.);
#10347=CARTESIAN_POINT('',(5.316059135722284,4.099999999999999,-1.0));
#10348=VERTEX_POINT('',#10347);
#10349=CARTESIAN_POINT('',(5.316059135722284,4.099999999999999,-1.0));
#10350=DIRECTION('',(0.0,-1.0,0.0));
#10351=VECTOR('',#10350,0.2);
#10352=LINE('',#10349,#10351);
#10353=EDGE_CURVE('',#10348,#10122,#10352,.T.);
#10354=ORIENTED_EDGE('',*,*,#10353,.F.);
#10355=CARTESIAN_POINT('',(4.34160797830996,4.099999999999999,-1.0));
#10356=DIRECTION('',(1.0,0.0,0.0));
#10357=VECTOR('',#10356,0.974451157412324);
#10358=LINE('',#10355,#10357);
#10359=EDGE_CURVE('',#10283,#10348,#10358,.T.);
#10360=ORIENTED_EDGE('',*,*,#10359,.F.);
#10361=ORIENTED_EDGE('',*,*,#10289,.F.);
#10362=ORIENTED_EDGE('',*,*,#10064,.F.);
#10363=ORIENTED_EDGE('',*,*,#10033,.F.);
#10364=EDGE_LOOP('',(#10319,#10320,#10321,#10322,#10328,#10329,#10330,#10338,#10344,#10345,#10346,#10354,#10360,#10361,#10362,#10363));
#10365=FACE_OUTER_BOUND('',#10364,.T.);
#10366=ADVANCED_FACE('',(#10365),#10313,.F.);
#10367=CARTESIAN_POINT('',(2.183940864277715,4.099999999999998,6.5));
#10368=DIRECTION('',(0.0,1.0,0.0));
#10369=DIRECTION('',(1.0,0.0,0.0));
#10370=AXIS2_PLACEMENT_3D('',#10367,#10368,#10369);
#10371=PLANE('',#10370);
#10372=CARTESIAN_POINT('',(5.246662954709573,4.099999999999998,-3.265764E-016));
#10373=VERTEX_POINT('',#10372);
#10374=CARTESIAN_POINT('',(5.316059135722284,4.099999999999999,0.0));
#10375=VERTEX_POINT('',#10374);
#10376=CARTESIAN_POINT('',(5.246662954709573,4.099999999999998,-3.265764E-016));
#10377=DIRECTION('',(1.0,0.0,0.0));
#10378=VECTOR('',#10377,0.069396181012711);
#10379=LINE('',#10376,#10378);
#10380=EDGE_CURVE('',#10373,#10375,#10379,.T.);
#10381=ORIENTED_EDGE('',*,*,#10380,.F.);
#10382=CARTESIAN_POINT('',(5.246662954709574,4.099999999999998,6.2));
#10383=VERTEX_POINT('',#10382);
#10384=CARTESIAN_POINT('',(5.246662954709574,4.099999999999998,6.2));
#10385=DIRECTION('',(0.0,0.0,-1.0));
#10386=VECTOR('',#10385,6.2);
#10387=LINE('',#10384,#10386);
#10388=EDGE_CURVE('',#10383,#10373,#10387,.T.);
#10389=ORIENTED_EDGE('',*,*,#10388,.F.);
#10390=CARTESIAN_POINT('',(4.945826074310138,4.099999999999999,6.5));
#10391=VERTEX_POINT('',#10390);
#10392=CARTESIAN_POINT('',(4.945826074310138,4.099999999999999,6.5));
#10393=CARTESIAN_POINT('',(4.983006292561047,4.099999999999999,6.5));
#10394=CARTESIAN_POINT('',(5.026769856704723,4.099999999999998,6.49131891254109));
#10395=CARTESIAN_POINT('',(5.095411469812881,4.099999999999998,6.462931133764895));
#10396=CARTESIAN_POINT('',(5.132450923419057,4.099999999999998,6.438230944314842));
#10397=CARTESIAN_POINT('',(5.184910021496222,4.099999999999998,6.385846249744638));
#10398=CARTESIAN_POINT('',(5.209629842127464,4.099999999999998,6.348912329837855));
#10399=CARTESIAN_POINT('',(5.237989787293981,4.099999999999998,6.280530467055822));
#10400=CARTESIAN_POINT('',(5.246662954709574,4.099999999999999,6.236993623505748));
#10401=CARTESIAN_POINT('',(5.246662954709574,4.099999999999999,6.2));
#10402=B_SPLINE_CURVE_WITH_KNOTS('',3,(#10392,#10393,#10394,#10395,#10396,#10397,#10398,#10399,#10400,#10401),.UNSPECIFIED.,.F.,.U.,(4,2,2,2,4),(-0.044492885151295,-0.033338819676022,-0.022208847522214,-0.011098087051725,0.0),.UNSPECIFIED.);
#10403=EDGE_CURVE('',#10391,#10383,#10402,.T.);
#10404=ORIENTED_EDGE('',*,*,#10403,.F.);
#10405=CARTESIAN_POINT('',(4.341607978309961,4.099999999999999,6.5));
#10406=DIRECTION('',(1.0,0.0,0.0));
#10407=VECTOR('',#10406,0.604218096000177);
#10408=LINE('',#10405,#10407);
#10409=EDGE_CURVE('',#10292,#10391,#10408,.T.);
#10410=ORIENTED_EDGE('',*,*,#10409,.F.);
#10411=ORIENTED_EDGE('',*,*,#10297,.F.);
#10412=ORIENTED_EDGE('',*,*,#10359,.T.);
#10413=CARTESIAN_POINT('',(5.316059135722284,4.099999999999999,0.0));
#10414=DIRECTION('',(0.0,0.0,-1.0));
#10415=VECTOR('',#10414,1.0);
#10416=LINE('',#10413,#10415);
#10417=EDGE_CURVE('',#10375,#10348,#10416,.T.);
#10418=ORIENTED_EDGE('',*,*,#10417,.F.);
#10419=EDGE_LOOP('',(#10381,#10389,#10404,#10410,#10411,#10412,#10418));
#10420=FACE_OUTER_BOUND('',#10419,.T.);
#10421=ADVANCED_FACE('',(#10420),#10371,.F.);
#10422=CARTESIAN_POINT('',(5.316059135722285,3.899999999999999,6.5));
#10423=DIRECTION('',(0.0,-1.0,0.0));
#10424=DIRECTION('',(-1.0,0.0,0.0));
#10425=AXIS2_PLACEMENT_3D('',#10422,#10423,#10424);
#10426=PLANE('',#10425);
#10427=CARTESIAN_POINT('',(2.25333704529042,3.899999999999999,3.265764E-016));
#10428=VERTEX_POINT('',#10427);
#10429=CARTESIAN_POINT('',(2.25333704529042,3.899999999999999,3.265764E-016));
#10430=DIRECTION('',(-1.0,0.0,0.0));
#10431=VECTOR('',#10430,0.069396181012706);
#10432=LINE('',#10429,#10431);
#10433=EDGE_CURVE('',#10428,#9837,#10432,.T.);
#10434=ORIENTED_EDGE('',*,*,#10433,.F.);
#10435=CARTESIAN_POINT('',(2.253337045290421,3.899999999999999,6.2));
#10436=VERTEX_POINT('',#10435);
#10437=CARTESIAN_POINT('',(2.253337045290421,3.899999999999999,6.2));
#10438=DIRECTION('',(0.0,0.0,-1.0));
#10439=VECTOR('',#10438,6.2);
#10440=LINE('',#10437,#10439);
#10441=EDGE_CURVE('',#10436,#10428,#10440,.T.);
#10442=ORIENTED_EDGE('',*,*,#10441,.F.);
#10443=CARTESIAN_POINT('',(2.554173925689858,3.899999999999999,6.5));
#10444=VERTEX_POINT('',#10443);
#10445=CARTESIAN_POINT('',(2.554173925689858,3.899999999999999,6.5));
#10446=CARTESIAN_POINT('',(2.516993707438948,3.899999999999999,6.5));
#10447=CARTESIAN_POINT('',(2.473230143295273,3.899999999999999,6.491318912541089));
#10448=CARTESIAN_POINT('',(2.404588530187114,3.899999999999999,6.462931133764894));
#10449=CARTESIAN_POINT('',(2.367549076580938,3.899999999999999,6.438230944314842));
#10450=CARTESIAN_POINT('',(2.315089978503774,3.899999999999999,6.385846249744638));
#10451=CARTESIAN_POINT('',(2.290370157872531,3.899999999999999,6.348912329837855));
#10452=CARTESIAN_POINT('',(2.262010212706016,3.899999999999999,6.280530467055821));
#10453=CARTESIAN_POINT('',(2.253337045290421,3.899999999999999,6.236993623505748));
#10454=CARTESIAN_POINT('',(2.253337045290421,3.899999999999999,6.2));
#10455=B_SPLINE_CURVE_WITH_KNOTS('',3,(#10445,#10446,#10447,#10448,#10449,#10450,#10451,#10452,#10453,#10454),.UNSPECIFIED.,.F.,.U.,(4,2,2,2,4),(-0.044492885151295,-0.033338819676022,-0.022208847522214,-0.011098087051725,0.0),.UNSPECIFIED.);
#10456=EDGE_CURVE('',#10444,#10436,#10455,.T.);
#10457=ORIENTED_EDGE('',*,*,#10456,.F.);
#10458=CARTESIAN_POINT('',(3.158392021690037,3.899999999999999,6.5));
#10459=DIRECTION('',(-1.0,0.0,0.0));
#10460=VECTOR('',#10459,0.604218096000179);
#10461=LINE('',#10458,#10460);
#10462=EDGE_CURVE('',#10185,#10444,#10461,.T.);
#10463=ORIENTED_EDGE('',*,*,#10462,.F.);
#10464=ORIENTED_EDGE('',*,*,#10190,.F.);
#10465=ORIENTED_EDGE('',*,*,#10327,.T.);
#10466=ORIENTED_EDGE('',*,*,#9852,.F.);
#10467=EDGE_LOOP('',(#10434,#10442,#10457,#10463,#10464,#10465,#10466));
#10468=FACE_OUTER_BOUND('',#10467,.T.);
#10469=ADVANCED_FACE('',(#10468),#10426,.F.);
#10470=CARTESIAN_POINT('',(5.316059135722285,4.099999999999999,6.5));
#10471=DIRECTION('',(1.0,0.0,0.0));
#10472=DIRECTION('',(0.0,-1.0,0.0));
#10473=AXIS2_PLACEMENT_3D('',#10470,#10471,#10472);
#10474=PLANE('',#10473);
#10475=CARTESIAN_POINT('',(5.316059135722285,4.099999999999999,0.0));
#10476=DIRECTION('',(0.0,-1.0,0.0));
#10477=VECTOR('',#10476,0.200000000000001);
#10478=LINE('',#10475,#10477);
#10479=EDGE_CURVE('',#10375,#10112,#10478,.T.);
#10480=ORIENTED_EDGE('',*,*,#10479,.F.);
#10481=ORIENTED_EDGE('',*,*,#10417,.T.);
#10482=ORIENTED_EDGE('',*,*,#10353,.T.);
#10483=ORIENTED_EDGE('',*,*,#10127,.F.);
#10484=EDGE_LOOP('',(#10480,#10481,#10482,#10483));
#10485=FACE_OUTER_BOUND('',#10484,.T.);
#10486=ADVANCED_FACE('',(#10485),#10474,.F.);
#10487=CARTESIAN_POINT('',(3.849999999999998,5.500334805899998,6.5));
#10488=DIRECTION('',(1.0,0.0,0.0));
#10489=DIRECTION('',(0.0,-1.0,0.0));
#10490=AXIS2_PLACEMENT_3D('',#10487,#10488,#10489);
#10491=PLANE('',#10490);
#10492=CARTESIAN_POINT('',(3.849999999999997,2.503337045290422,-7.162729E-018));
#10493=VERTEX_POINT('',#10492);
#10494=CARTESIAN_POINT('',(3.849999999999997,2.499665194099999,0.0));
#10495=VERTEX_POINT('',#10494);
#10496=CARTESIAN_POINT('',(3.849999999999997,2.503337045290421,0.0));
#10497=DIRECTION('',(0.0,-1.0,0.0));
#10498=VECTOR('',#10497,0.003671851190423);
#10499=LINE('',#10496,#10498);
#10500=EDGE_CURVE('',#10493,#10495,#10499,.T.);
#10501=ORIENTED_EDGE('',*,*,#10500,.F.);
#10502=CARTESIAN_POINT('',(3.849999999999998,2.503337045290422,6.2));
#10503=VERTEX_POINT('',#10502);
#10504=CARTESIAN_POINT('',(3.849999999999998,2.503337045290422,6.2));
#10505=DIRECTION('',(0.0,0.0,-1.0));
#10506=VECTOR('',#10505,6.2);
#10507=LINE('',#10504,#10506);
#10508=EDGE_CURVE('',#10503,#10493,#10507,.T.);
#10509=ORIENTED_EDGE('',*,*,#10508,.F.);
#10510=CARTESIAN_POINT('',(3.849999999999998,2.804173925689859,6.5));
#10511=VERTEX_POINT('',#10510);
#10512=CARTESIAN_POINT('',(3.849999999999998,2.804173925689859,6.5));
#10513=CARTESIAN_POINT('',(3.849999999999998,2.766993707438949,6.5));
#10514=CARTESIAN_POINT('',(3.849999999999998,2.723230143295274,6.491318912541089));
#10515=CARTESIAN_POINT('',(3.849999999999998,2.654588530187115,6.462931133764894));
#10516=CARTESIAN_POINT('',(3.849999999999998,2.617549076580938,6.438230944314842));
#10517=CARTESIAN_POINT('',(3.849999999999998,2.565089978503774,6.385846249744638));
#10518=CARTESIAN_POINT('',(3.849999999999998,2.540370157872532,6.348912329837855));
#10519=CARTESIAN_POINT('',(3.849999999999998,2.512010212706017,6.280530467055821));
#10520=CARTESIAN_POINT('',(3.849999999999998,2.503337045290422,6.236993623505748));
#10521=CARTESIAN_POINT('',(3.849999999999998,2.503337045290422,6.2));
#10522=B_SPLINE_CURVE_WITH_KNOTS('',3,(#10512,#10513,#10514,#10515,#10516,#10517,#10518,#10519,#10520,#10521),.UNSPECIFIED.,.F.,.U.,(4,2,2,2,4),(-0.044492885151295,-0.033338819676022,-0.022208847522214,-0.011098087051725,0.0),.UNSPECIFIED.);
#10523=EDGE_CURVE('',#10511,#10503,#10522,.T.);
#10524=ORIENTED_EDGE('',*,*,#10523,.F.);
#10525=CARTESIAN_POINT('',(3.849999999999998,3.408392021690036,6.5));
#10526=DIRECTION('',(0.0,-1.0,0.0));
#10527=VECTOR('',#10526,0.604218096000178);
#10528=LINE('',#10525,#10527);
#10529=EDGE_CURVE('',#10226,#10511,#10528,.T.);
#10530=ORIENTED_EDGE('',*,*,#10529,.F.);
#10531=ORIENTED_EDGE('',*,*,#10231,.F.);
#10532=ORIENTED_EDGE('',*,*,#10343,.T.);
#10533=CARTESIAN_POINT('',(3.849999999999997,2.499665194099999,0.0));
#10534=DIRECTION('',(0.0,0.0,-1.0));
#10535=VECTOR('',#10534,1.0);
#10536=LINE('',#10533,#10535);
#10537=EDGE_CURVE('',#10495,#10332,#10536,.T.);
#10538=ORIENTED_EDGE('',*,*,#10537,.F.);
#10539=EDGE_LOOP('',(#10501,#10509,#10524,#10530,#10531,#10532,#10538));
#10540=FACE_OUTER_BOUND('',#10539,.T.);
#10541=ADVANCED_FACE('',(#10540),#10491,.F.);
#10542=CARTESIAN_POINT('',(3.649999999999998,2.499665194099999,6.5));
#10543=DIRECTION('',(-1.0,0.0,0.0));
#10544=DIRECTION('',(0.0,1.0,0.0));
#10545=AXIS2_PLACEMENT_3D('',#10542,#10543,#10544);
#10546=PLANE('',#10545);
#10547=CARTESIAN_POINT('',(3.649999999999997,5.496662954709574,7.162729E-018));
#10548=VERTEX_POINT('',#10547);
#10549=CARTESIAN_POINT('',(3.649999999999997,5.496662954709574,0.0));
#10550=DIRECTION('',(0.0,1.0,0.0));
#10551=VECTOR('',#10550,0.003671851190424);
#10552=LINE('',#10549,#10551);
#10553=EDGE_CURVE('',#10548,#10010,#10552,.T.);
#10554=ORIENTED_EDGE('',*,*,#10553,.F.);
#10555=CARTESIAN_POINT('',(3.649999999999998,5.496662954709574,6.2));
#10556=VERTEX_POINT('',#10555);
#10557=CARTESIAN_POINT('',(3.649999999999998,5.496662954709574,6.2));
#10558=DIRECTION('',(0.0,0.0,-1.0));
#10559=VECTOR('',#10558,6.2);
#10560=LINE('',#10557,#10559);
#10561=EDGE_CURVE('',#10556,#10548,#10560,.T.);
#10562=ORIENTED_EDGE('',*,*,#10561,.F.);
#10563=CARTESIAN_POINT('',(3.649999999999998,5.195826074310139,6.5));
#10564=VERTEX_POINT('',#10563);
#10565=CARTESIAN_POINT('',(3.649999999999998,5.195826074310139,6.5));
#10566=CARTESIAN_POINT('',(3.649999999999998,5.233006292561049,6.5));
#10567=CARTESIAN_POINT('',(3.649999999999998,5.276769856704723,6.49131891254109));
#10568=CARTESIAN_POINT('',(3.649999999999998,5.345411469812882,6.462931133764895));
#10569=CARTESIAN_POINT('',(3.649999999999998,5.382450923419057,6.438230944314842));
#10570=CARTESIAN_POINT('',(3.649999999999998,5.434910021496222,6.385846249744638));
#10571=CARTESIAN_POINT('',(3.649999999999998,5.459629842127464,6.348912329837855));
#10572=CARTESIAN_POINT('',(3.649999999999998,5.48798978729398,6.280530467055821));
#10573=CARTESIAN_POINT('',(3.649999999999998,5.496662954709576,6.236993623505748));
#10574=CARTESIAN_POINT('',(3.649999999999998,5.496662954709576,6.2));
#10575=B_SPLINE_CURVE_WITH_KNOTS('',3,(#10565,#10566,#10567,#10568,#10569,#10570,#10571,#10572,#10573,#10574),.UNSPECIFIED.,.F.,.U.,(4,2,2,2,4),(-0.044492885151295,-0.033338819676022,-0.022208847522214,-0.011098087051725,0.0),.UNSPECIFIED.);
#10576=EDGE_CURVE('',#10564,#10556,#10575,.T.);
#10577=ORIENTED_EDGE('',*,*,#10576,.F.);
#10578=CARTESIAN_POINT('',(3.649999999999998,4.591607978309961,6.5));
#10579=DIRECTION('',(0.0,1.0,0.0));
#10580=VECTOR('',#10579,0.604218096000178);
#10581=LINE('',#10578,#10580);
#10582=EDGE_CURVE('',#10251,#10564,#10581,.T.);
#10583=ORIENTED_EDGE('',*,*,#10582,.F.);
#10584=ORIENTED_EDGE('',*,*,#10256,.F.);
#10585=ORIENTED_EDGE('',*,*,#10318,.T.);
#10586=ORIENTED_EDGE('',*,*,#10025,.F.);
#10587=EDGE_LOOP('',(#10554,#10562,#10577,#10583,#10584,#10585,#10586));
#10588=FACE_OUTER_BOUND('',#10587,.T.);
#10589=ADVANCED_FACE('',(#10588),#10546,.F.);
#10590=CARTESIAN_POINT('',(3.849999999999998,2.499665194099999,6.5));
#10591=DIRECTION('',(0.0,-1.0,0.0));
#10592=DIRECTION('',(-1.0,0.0,0.0));
#10593=AXIS2_PLACEMENT_3D('',#10590,#10591,#10592);
#10594=PLANE('',#10593);
#10595=CARTESIAN_POINT('',(3.849999999999997,2.499665194099999,-7.162729E-018));
#10596=DIRECTION('',(-1.0,0.0,0.0));
#10597=VECTOR('',#10596,0.2);
#10598=LINE('',#10595,#10597);
#10599=EDGE_CURVE('',#10495,#9939,#10598,.T.);
#10600=ORIENTED_EDGE('',*,*,#10599,.F.);
#10601=ORIENTED_EDGE('',*,*,#10537,.T.);
#10602=ORIENTED_EDGE('',*,*,#10337,.T.);
#10603=ORIENTED_EDGE('',*,*,#9954,.F.);
#10604=EDGE_LOOP('',(#10600,#10601,#10602,#10603));
#10605=FACE_OUTER_BOUND('',#10604,.T.);
#10606=ADVANCED_FACE('',(#10605),#10594,.F.);
#10607=CARTESIAN_POINT('',(3.749999999999996,3.999999999999999,-1.387779E-016));
#10608=DIRECTION('',(0.0,0.0,-1.0));
#10609=DIRECTION('',(-1.0,0.0,0.0));
#10610=AXIS2_PLACEMENT_3D('',#10607,#10608,#10609);
#10611=PLANE('',#10610);
#10612=CARTESIAN_POINT('',(5.797943913994247,3.999999999999999,-5.551115E-016));
#10613=VERTEX_POINT('',#10612);
#10614=CARTESIAN_POINT('',(3.749999999999996,3.999999999999999,-2.775558E-016));
#10615=DIRECTION('',(0.0,0.0,1.0));
#10616=DIRECTION('',(-1.0,0.0,0.0));
#10617=AXIS2_PLACEMENT_3D('',#10614,#10615,#10616);
#10618=CIRCLE('',#10617,2.04794391399425);
#10619=EDGE_CURVE('',#10613,#10613,#10618,.T.);
#10620=ORIENTED_EDGE('',*,*,#10619,.T.);
#10621=EDGE_LOOP('',(#10620));
#10622=FACE_OUTER_BOUND('',#10621,.T.);
#10623=ORIENTED_EDGE('',*,*,#10433,.T.);
#10624=ORIENTED_EDGE('',*,*,#9844,.T.);
#10625=ORIENTED_EDGE('',*,*,#9882,.T.);
#10626=CARTESIAN_POINT('',(3.749999999999996,3.999999999999999,-1.387779E-016));
#10627=DIRECTION('',(0.0,0.0,-1.0));
#10628=DIRECTION('',(-1.0,0.0,0.0));
#10629=AXIS2_PLACEMENT_3D('',#10626,#10627,#10628);
#10630=CIRCLE('',#10629,1.5);
#10631=EDGE_CURVE('',#9877,#10548,#10630,.T.);
#10632=ORIENTED_EDGE('',*,*,#10631,.T.);
#10633=ORIENTED_EDGE('',*,*,#10553,.T.);
#10634=ORIENTED_EDGE('',*,*,#10017,.T.);
#10635=ORIENTED_EDGE('',*,*,#10055,.T.);
#10636=CARTESIAN_POINT('',(3.749999999999996,3.999999999999999,-1.387779E-016));
#10637=DIRECTION('',(0.0,0.0,-1.0));
#10638=DIRECTION('',(-1.0,0.0,0.0));
#10639=AXIS2_PLACEMENT_3D('',#10636,#10637,#10638);
#10640=CIRCLE('',#10639,1.5);
#10641=EDGE_CURVE('',#10050,#10373,#10640,.T.);
#10642=ORIENTED_EDGE('',*,*,#10641,.T.);
#10643=ORIENTED_EDGE('',*,*,#10380,.T.);
#10644=ORIENTED_EDGE('',*,*,#10479,.T.);
#10645=ORIENTED_EDGE('',*,*,#10119,.T.);
#10646=CARTESIAN_POINT('',(3.749999999999996,3.999999999999999,-1.387779E-016));
#10647=DIRECTION('',(0.0,0.0,-1.0));
#10648=DIRECTION('',(-1.0,0.0,0.0));
#10649=AXIS2_PLACEMENT_3D('',#10646,#10647,#10648);
#10650=CIRCLE('',#10649,1.5);
#10651=EDGE_CURVE('',#10114,#10493,#10650,.T.);
#10652=ORIENTED_EDGE('',*,*,#10651,.T.);
#10653=ORIENTED_EDGE('',*,*,#10500,.T.);
#10654=ORIENTED_EDGE('',*,*,#10599,.T.);
#10655=ORIENTED_EDGE('',*,*,#9946,.T.);
#10656=CARTESIAN_POINT('',(3.749999999999996,3.999999999999999,-1.387779E-016));
#10657=DIRECTION('',(0.0,0.0,-1.0));
#10658=DIRECTION('',(-1.0,0.0,0.0));
#10659=AXIS2_PLACEMENT_3D('',#10656,#10657,#10658);
#10660=CIRCLE('',#10659,1.5);
#10661=EDGE_CURVE('',#9941,#10428,#10660,.T.);
#10662=ORIENTED_EDGE('',*,*,#10661,.T.);
#10663=EDGE_LOOP('',(#10623,#10624,#10625,#10632,#10633,#10634,#10635,#10642,#10643,#10644,#10645,#10652,#10653,#10654,#10655,#10662));
#10664=FACE_BOUND('',#10663,.T.);
#10665=ADVANCED_FACE('',(#10622,#10664),#10611,.F.);
#10666=CARTESIAN_POINT('',(3.749999999999998,4.0,6.5));
#10667=DIRECTION('',(0.0,0.0,-1.0));
#10668=DIRECTION('',(-1.0,0.0,0.0));
#10669=AXIS2_PLACEMENT_3D('',#10666,#10667,#10668);
#10670=PLANE('',#10669);
#10671=ORIENTED_EDGE('',*,*,#10080,.T.);
#10672=ORIENTED_EDGE('',*,*,#10304,.T.);
#10673=ORIENTED_EDGE('',*,*,#10409,.T.);
#10674=CARTESIAN_POINT('',(3.749999999999998,3.999999999999999,6.5));
#10675=DIRECTION('',(0.0,0.0,-1.0));
#10676=DIRECTION('',(-1.0,0.0,0.0));
#10677=AXIS2_PLACEMENT_3D('',#10674,#10675,#10676);
#10678=CIRCLE('',#10677,1.2);
#10679=EDGE_CURVE('',#10075,#10391,#10678,.T.);
#10680=ORIENTED_EDGE('',*,*,#10679,.F.);
#10681=EDGE_LOOP('',(#10671,#10672,#10673,#10680));
#10682=FACE_OUTER_BOUND('',#10681,.T.);
#10683=ADVANCED_FACE('',(#10682),#10670,.F.);
#10684=CARTESIAN_POINT('',(3.749999999999998,4.0,6.5));
#10685=DIRECTION('',(0.0,0.0,-1.0));
#10686=DIRECTION('',(-1.0,0.0,0.0));
#10687=AXIS2_PLACEMENT_3D('',#10684,#10685,#10686);
#10688=PLANE('',#10687);
#10689=ORIENTED_EDGE('',*,*,#9907,.T.);
#10690=ORIENTED_EDGE('',*,*,#10263,.T.);
#10691=ORIENTED_EDGE('',*,*,#10582,.T.);
#10692=CARTESIAN_POINT('',(3.749999999999998,3.999999999999999,6.5));
#10693=DIRECTION('',(0.0,0.0,-1.0));
#10694=DIRECTION('',(-1.0,0.0,0.0));
#10695=AXIS2_PLACEMENT_3D('',#10692,#10693,#10694);
#10696=CIRCLE('',#10695,1.2);
#10697=EDGE_CURVE('',#9902,#10564,#10696,.T.);
#10698=ORIENTED_EDGE('',*,*,#10697,.F.);
#10699=EDGE_LOOP('',(#10689,#10690,#10691,#10698));
#10700=FACE_OUTER_BOUND('',#10699,.T.);
#10701=ADVANCED_FACE('',(#10700),#10688,.F.);
#10702=CARTESIAN_POINT('',(3.749999999999998,4.0,6.5));
#10703=DIRECTION('',(0.0,0.0,-1.0));
#10704=DIRECTION('',(-1.0,0.0,0.0));
#10705=AXIS2_PLACEMENT_3D('',#10702,#10703,#10704);
#10706=PLANE('',#10705);
#10707=ORIENTED_EDGE('',*,*,#10529,.T.);
#10708=CARTESIAN_POINT('',(3.749999999999998,3.999999999999999,6.5));
#10709=DIRECTION('',(0.0,0.0,-1.0));
#10710=DIRECTION('',(-1.0,0.0,0.0));
#10711=AXIS2_PLACEMENT_3D('',#10708,#10709,#10710);
#10712=CIRCLE('',#10711,1.2);
#10713=EDGE_CURVE('',#10146,#10511,#10712,.T.);
#10714=ORIENTED_EDGE('',*,*,#10713,.F.);
#10715=ORIENTED_EDGE('',*,*,#10151,.T.);
#10716=ORIENTED_EDGE('',*,*,#10238,.T.);
#10717=EDGE_LOOP('',(#10707,#10714,#10715,#10716));
#10718=FACE_OUTER_BOUND('',#10717,.T.);
#10719=ADVANCED_FACE('',(#10718),#10706,.F.);
#10720=CARTESIAN_POINT('',(3.749999999999996,3.999999999999999,-1.387779E-016));
#10721=DIRECTION('',(1.708035E-016,0.0,1.0));
#10722=DIRECTION('',(-1.0,0.0,0.0));
#10723=AXIS2_PLACEMENT_3D('',#10720,#10721,#10722);
#10724=CYLINDRICAL_SURFACE('',#10723,1.5);
#10725=ORIENTED_EDGE('',*,*,#10101,.T.);
#10726=CARTESIAN_POINT('',(3.749999999999998,3.999999999999999,6.2));
#10727=DIRECTION('',(0.0,0.0,1.0));
#10728=DIRECTION('',(-1.0,0.0,0.0));
#10729=AXIS2_PLACEMENT_3D('',#10726,#10727,#10728);
#10730=CIRCLE('',#10729,1.5);
#10731=EDGE_CURVE('',#10383,#10083,#10730,.T.);
#10732=ORIENTED_EDGE('',*,*,#10731,.F.);
#10733=ORIENTED_EDGE('',*,*,#10388,.T.);
#10734=ORIENTED_EDGE('',*,*,#10641,.F.);
#10735=EDGE_LOOP('',(#10725,#10732,#10733,#10734));
#10736=FACE_OUTER_BOUND('',#10735,.T.);
#10737=ADVANCED_FACE('',(#10736),#10724,.T.);
#10738=CARTESIAN_POINT('',(3.749999999999996,3.999999999999999,-1.387779E-016));
#10739=DIRECTION('',(1.708035E-016,0.0,1.0));
#10740=DIRECTION('',(-1.0,0.0,0.0));
#10741=AXIS2_PLACEMENT_3D('',#10738,#10739,#10740);
#10742=CYLINDRICAL_SURFACE('',#10741,1.5);
#10743=ORIENTED_EDGE('',*,*,#9928,.T.);
#10744=CARTESIAN_POINT('',(3.749999999999998,3.999999999999999,6.2));
#10745=DIRECTION('',(0.0,0.0,1.0));
#10746=DIRECTION('',(-1.0,0.0,0.0));
#10747=AXIS2_PLACEMENT_3D('',#10744,#10745,#10746);
#10748=CIRCLE('',#10747,1.5);
#10749=EDGE_CURVE('',#10556,#9910,#10748,.T.);
#10750=ORIENTED_EDGE('',*,*,#10749,.F.);
#10751=ORIENTED_EDGE('',*,*,#10561,.T.);
#10752=ORIENTED_EDGE('',*,*,#10631,.F.);
#10753=EDGE_LOOP('',(#10743,#10750,#10751,#10752));
#10754=FACE_OUTER_BOUND('',#10753,.T.);
#10755=ADVANCED_FACE('',(#10754),#10742,.T.);
#10756=CARTESIAN_POINT('',(3.749999999999996,3.999999999999999,-1.387779E-016));
#10757=DIRECTION('',(1.708035E-016,0.0,1.0));
#10758=DIRECTION('',(-1.0,0.0,0.0));
#10759=AXIS2_PLACEMENT_3D('',#10756,#10757,#10758);
#10760=CYLINDRICAL_SURFACE('',#10759,1.5);
#10761=ORIENTED_EDGE('',*,*,#10508,.T.);
#10762=ORIENTED_EDGE('',*,*,#10651,.F.);
#10763=ORIENTED_EDGE('',*,*,#10172,.T.);
#10764=CARTESIAN_POINT('',(3.749999999999998,3.999999999999999,6.2));
#10765=DIRECTION('',(0.0,0.0,1.0));
#10766=DIRECTION('',(-1.0,0.0,0.0));
#10767=AXIS2_PLACEMENT_3D('',#10764,#10765,#10766);
#10768=CIRCLE('',#10767,1.5);
#10769=EDGE_CURVE('',#10503,#10154,#10768,.T.);
#10770=ORIENTED_EDGE('',*,*,#10769,.F.);
#10771=EDGE_LOOP('',(#10761,#10762,#10763,#10770));
#10772=FACE_OUTER_BOUND('',#10771,.T.);
#10773=ADVANCED_FACE('',(#10772),#10760,.T.);
#10774=CARTESIAN_POINT('',(3.749999999999998,3.999999999999999,6.2));
#10775=DIRECTION('',(1.432546E-016,0.0,1.0));
#10776=DIRECTION('',(1.0,0.0,0.0));
#10777=AXIS2_PLACEMENT_3D('',#10774,#10775,#10776);
#10778=TOROIDAL_SURFACE('',#10777,1.2,0.3);
#10779=ORIENTED_EDGE('',*,*,#10095,.T.);
#10780=ORIENTED_EDGE('',*,*,#10679,.T.);
#10781=ORIENTED_EDGE('',*,*,#10403,.T.);
#10782=ORIENTED_EDGE('',*,*,#10731,.T.);
#10783=EDGE_LOOP('',(#10779,#10780,#10781,#10782));
#10784=FACE_OUTER_BOUND('',#10783,.T.);
#10785=ADVANCED_FACE('',(#10784),#10778,.T.);
#10786=CARTESIAN_POINT('',(3.749999999999998,3.999999999999999,6.2));
#10787=DIRECTION('',(1.432546E-016,0.0,1.0));
#10788=DIRECTION('',(1.0,0.0,0.0));
#10789=AXIS2_PLACEMENT_3D('',#10786,#10787,#10788);
#10790=TOROIDAL_SURFACE('',#10789,1.2,0.3);
#10791=ORIENTED_EDGE('',*,*,#9922,.T.);
#10792=ORIENTED_EDGE('',*,*,#10697,.T.);
#10793=ORIENTED_EDGE('',*,*,#10576,.T.);
#10794=ORIENTED_EDGE('',*,*,#10749,.T.);
#10795=EDGE_LOOP('',(#10791,#10792,#10793,#10794));
#10796=FACE_OUTER_BOUND('',#10795,.T.);
#10797=ADVANCED_FACE('',(#10796),#10790,.T.);
#10798=CARTESIAN_POINT('',(3.749999999999998,3.999999999999999,6.2));
#10799=DIRECTION('',(1.432546E-016,0.0,1.0));
#10800=DIRECTION('',(1.0,0.0,0.0));
#10801=AXIS2_PLACEMENT_3D('',#10798,#10799,#10800);
#10802=TOROIDAL_SURFACE('',#10801,1.2,0.3);
#10803=ORIENTED_EDGE('',*,*,#10523,.T.);
#10804=ORIENTED_EDGE('',*,*,#10769,.T.);
#10805=ORIENTED_EDGE('',*,*,#10166,.T.);
#10806=ORIENTED_EDGE('',*,*,#10713,.T.);
#10807=EDGE_LOOP('',(#10803,#10804,#10805,#10806));
#10808=FACE_OUTER_BOUND('',#10807,.T.);
#10809=ADVANCED_FACE('',(#10808),#10802,.T.);
#10810=CARTESIAN_POINT('',(-3.750000000000001,3.999999999999999,6.500000000000002));
#10811=DIRECTION('',(-1.480297E-016,0.0,-1.0));
#10812=DIRECTION('',(-1.0,0.0,0.0));
#10813=AXIS2_PLACEMENT_3D('',#10810,#10811,#10812);
#10814=CYLINDRICAL_SURFACE('',#10813,0.6);
#10815=CARTESIAN_POINT('',(-3.850000000000003,3.408392021690037,-0.999999999999999));
#10816=VERTEX_POINT('',#10815);
#10817=CARTESIAN_POINT('',(-3.850000000000002,3.408392021690037,6.500000000000002));
#10818=VERTEX_POINT('',#10817);
#10819=CARTESIAN_POINT('',(-3.850000000000003,3.408392021690037,-0.999999999999998));
#10820=DIRECTION('',(0.0,0.0,1.0));
#10821=VECTOR('',#10820,7.5);
#10822=LINE('',#10819,#10821);
#10823=EDGE_CURVE('',#10816,#10818,#10822,.T.);
#10824=ORIENTED_EDGE('',*,*,#10823,.F.);
#10825=CARTESIAN_POINT('',(-4.341607978309964,3.899999999999999,-0.999999999999998));
#10826=VERTEX_POINT('',#10825);
#10827=CARTESIAN_POINT('',(-3.750000000000002,3.999999999999999,-0.999999999999999));
#10828=DIRECTION('',(0.0,0.0,-1.0));
#10829=DIRECTION('',(-1.0,0.0,0.0));
#10830=AXIS2_PLACEMENT_3D('',#10827,#10828,#10829);
#10831=CIRCLE('',#10830,0.6);
#10832=EDGE_CURVE('',#10816,#10826,#10831,.T.);
#10833=ORIENTED_EDGE('',*,*,#10832,.T.);
#10834=CARTESIAN_POINT('',(-4.341607978309964,3.899999999999999,6.500000000000002));
#10835=VERTEX_POINT('',#10834);
#10836=CARTESIAN_POINT('',(-4.341607978309964,3.899999999999999,6.500000000000002));
#10837=DIRECTION('',(0.0,0.0,-1.0));
#10838=VECTOR('',#10837,7.5);
#10839=LINE('',#10836,#10838);
#10840=EDGE_CURVE('',#10835,#10826,#10839,.T.);
#10841=ORIENTED_EDGE('',*,*,#10840,.F.);
#10842=CARTESIAN_POINT('',(-3.750000000000001,3.999999999999999,6.500000000000002));
#10843=DIRECTION('',(0.0,0.0,-1.0));
#10844=DIRECTION('',(-1.0,0.0,0.0));
#10845=AXIS2_PLACEMENT_3D('',#10842,#10843,#10844);
#10846=CIRCLE('',#10845,0.6);
#10847=EDGE_CURVE('',#10818,#10835,#10846,.T.);
#10848=ORIENTED_EDGE('',*,*,#10847,.F.);
#10849=EDGE_LOOP('',(#10824,#10833,#10841,#10848));
#10850=FACE_OUTER_BOUND('',#10849,.T.);
#10851=ADVANCED_FACE('',(#10850),#10814,.F.);
#10852=CARTESIAN_POINT('',(-3.750000000000001,3.999999999999999,6.500000000000002));
#10853=DIRECTION('',(-1.480297E-016,0.0,-1.0));
#10854=DIRECTION('',(-1.0,0.0,0.0));
#10855=AXIS2_PLACEMENT_3D('',#10852,#10853,#10854);
#10856=CYLINDRICAL_SURFACE('',#10855,0.6);
#10857=CARTESIAN_POINT('',(-3.850000000000002,4.591607978309961,6.500000000000002));
#10858=VERTEX_POINT('',#10857);
#10859=CARTESIAN_POINT('',(-3.850000000000003,4.591607978309961,-0.999999999999999));
#10860=VERTEX_POINT('',#10859);
#10861=CARTESIAN_POINT('',(-3.850000000000002,4.591607978309961,6.500000000000002));
#10862=DIRECTION('',(0.0,0.0,-1.0));
#10863=VECTOR('',#10862,7.5);
#10864=LINE('',#10861,#10863);
#10865=EDGE_CURVE('',#10858,#10860,#10864,.T.);
#10866=ORIENTED_EDGE('',*,*,#10865,.F.);
#10867=CARTESIAN_POINT('',(-4.341607978309964,4.099999999999998,6.500000000000002));
#10868=VERTEX_POINT('',#10867);
#10869=CARTESIAN_POINT('',(-3.750000000000001,3.999999999999999,6.500000000000002));
#10870=DIRECTION('',(0.0,0.0,-1.0));
#10871=DIRECTION('',(-1.0,0.0,0.0));
#10872=AXIS2_PLACEMENT_3D('',#10869,#10870,#10871);
#10873=CIRCLE('',#10872,0.6);
#10874=EDGE_CURVE('',#10868,#10858,#10873,.T.);
#10875=ORIENTED_EDGE('',*,*,#10874,.F.);
#10876=CARTESIAN_POINT('',(-4.341607978309964,4.099999999999998,-0.999999999999999));
#10877=VERTEX_POINT('',#10876);
#10878=CARTESIAN_POINT('',(-4.341607978309964,4.099999999999998,-0.999999999999998));
#10879=DIRECTION('',(0.0,0.0,1.0));
#10880=VECTOR('',#10879,7.5);
#10881=LINE('',#10878,#10880);
#10882=EDGE_CURVE('',#10877,#10868,#10881,.T.);
#10883=ORIENTED_EDGE('',*,*,#10882,.F.);
#10884=CARTESIAN_POINT('',(-3.750000000000002,3.999999999999999,-0.999999999999999));
#10885=DIRECTION('',(0.0,0.0,-1.0));
#10886=DIRECTION('',(-1.0,0.0,0.0));
#10887=AXIS2_PLACEMENT_3D('',#10884,#10885,#10886);
#10888=CIRCLE('',#10887,0.6);
#10889=EDGE_CURVE('',#10877,#10860,#10888,.T.);
#10890=ORIENTED_EDGE('',*,*,#10889,.T.);
#10891=EDGE_LOOP('',(#10866,#10875,#10883,#10890));
#10892=FACE_OUTER_BOUND('',#10891,.T.);
#10893=ADVANCED_FACE('',(#10892),#10856,.F.);
#10894=CARTESIAN_POINT('',(-3.750000000000001,3.999999999999999,6.500000000000002));
#10895=DIRECTION('',(-1.480297E-016,0.0,-1.0));
#10896=DIRECTION('',(-1.0,0.0,0.0));
#10897=AXIS2_PLACEMENT_3D('',#10894,#10895,#10896);
#10898=CYLINDRICAL_SURFACE('',#10897,0.6);
#10899=CARTESIAN_POINT('',(-3.15839202169004,3.899999999999999,-0.999999999999999));
#10900=VERTEX_POINT('',#10899);
#10901=CARTESIAN_POINT('',(-3.158392021690039,3.899999999999999,6.500000000000002));
#10902=VERTEX_POINT('',#10901);
#10903=CARTESIAN_POINT('',(-3.15839202169004,3.899999999999999,-0.999999999999998));
#10904=DIRECTION('',(0.0,0.0,1.0));
#10905=VECTOR('',#10904,7.5);
#10906=LINE('',#10903,#10905);
#10907=EDGE_CURVE('',#10900,#10902,#10906,.T.);
#10908=ORIENTED_EDGE('',*,*,#10907,.F.);
#10909=CARTESIAN_POINT('',(-3.650000000000003,3.408392021690037,-0.999999999999999));
#10910=VERTEX_POINT('',#10909);
#10911=CARTESIAN_POINT('',(-3.750000000000002,3.999999999999999,-0.999999999999999));
#10912=DIRECTION('',(0.0,0.0,-1.0));
#10913=DIRECTION('',(-1.0,0.0,0.0));
#10914=AXIS2_PLACEMENT_3D('',#10911,#10912,#10913);
#10915=CIRCLE('',#10914,0.6);
#10916=EDGE_CURVE('',#10900,#10910,#10915,.T.);
#10917=ORIENTED_EDGE('',*,*,#10916,.T.);
#10918=CARTESIAN_POINT('',(-3.650000000000002,3.408392021690037,6.500000000000002));
#10919=VERTEX_POINT('',#10918);
#10920=CARTESIAN_POINT('',(-3.650000000000002,3.408392021690037,6.500000000000002));
#10921=DIRECTION('',(0.0,0.0,-1.0));
#10922=VECTOR('',#10921,7.5);
#10923=LINE('',#10920,#10922);
#10924=EDGE_CURVE('',#10919,#10910,#10923,.T.);
#10925=ORIENTED_EDGE('',*,*,#10924,.F.);
#10926=CARTESIAN_POINT('',(-3.750000000000001,3.999999999999999,6.500000000000002));
#10927=DIRECTION('',(0.0,0.0,-1.0));
#10928=DIRECTION('',(-1.0,0.0,0.0));
#10929=AXIS2_PLACEMENT_3D('',#10926,#10927,#10928);
#10930=CIRCLE('',#10929,0.6);
#10931=EDGE_CURVE('',#10902,#10919,#10930,.T.);
#10932=ORIENTED_EDGE('',*,*,#10931,.F.);
#10933=EDGE_LOOP('',(#10908,#10917,#10925,#10932));
#10934=FACE_OUTER_BOUND('',#10933,.T.);
#10935=ADVANCED_FACE('',(#10934),#10898,.F.);
#10936=CARTESIAN_POINT('',(-3.750000000000001,3.999999999999999,6.500000000000002));
#10937=DIRECTION('',(-1.480297E-016,0.0,-1.0));
#10938=DIRECTION('',(-1.0,0.0,0.0));
#10939=AXIS2_PLACEMENT_3D('',#10936,#10937,#10938);
#10940=CYLINDRICAL_SURFACE('',#10939,0.6);
#10941=CARTESIAN_POINT('',(-3.158392021690039,4.099999999999998,6.500000000000002));
#10942=VERTEX_POINT('',#10941);
#10943=CARTESIAN_POINT('',(-3.15839202169004,4.099999999999998,-0.999999999999999));
#10944=VERTEX_POINT('',#10943);
#10945=CARTESIAN_POINT('',(-3.158392021690039,4.099999999999998,6.500000000000002));
#10946=DIRECTION('',(0.0,0.0,-1.0));
#10947=VECTOR('',#10946,7.5);
#10948=LINE('',#10945,#10947);
#10949=EDGE_CURVE('',#10942,#10944,#10948,.T.);
#10950=ORIENTED_EDGE('',*,*,#10949,.F.);
#10951=CARTESIAN_POINT('',(-3.650000000000002,4.591607978309961,6.500000000000002));
#10952=VERTEX_POINT('',#10951);
#10953=CARTESIAN_POINT('',(-3.750000000000001,3.999999999999999,6.500000000000002));
#10954=DIRECTION('',(0.0,0.0,-1.0));
#10955=DIRECTION('',(-1.0,0.0,0.0));
#10956=AXIS2_PLACEMENT_3D('',#10953,#10954,#10955);
#10957=CIRCLE('',#10956,0.6);
#10958=EDGE_CURVE('',#10952,#10942,#10957,.T.);
#10959=ORIENTED_EDGE('',*,*,#10958,.F.);
#10960=CARTESIAN_POINT('',(-3.650000000000003,4.591607978309961,-0.999999999999999));
#10961=VERTEX_POINT('',#10960);
#10962=CARTESIAN_POINT('',(-3.650000000000003,4.591607978309961,-0.999999999999998));
#10963=DIRECTION('',(0.0,0.0,1.0));
#10964=VECTOR('',#10963,7.5);
#10965=LINE('',#10962,#10964);
#10966=EDGE_CURVE('',#10961,#10952,#10965,.T.);
#10967=ORIENTED_EDGE('',*,*,#10966,.F.);
#10968=CARTESIAN_POINT('',(-3.750000000000002,3.999999999999999,-0.999999999999999));
#10969=DIRECTION('',(0.0,0.0,-1.0));
#10970=DIRECTION('',(-1.0,0.0,0.0));
#10971=AXIS2_PLACEMENT_3D('',#10968,#10969,#10970);
#10972=CIRCLE('',#10971,0.6);
#10973=EDGE_CURVE('',#10961,#10944,#10972,.T.);
#10974=ORIENTED_EDGE('',*,*,#10973,.T.);
#10975=EDGE_LOOP('',(#10950,#10959,#10967,#10974));
#10976=FACE_OUTER_BOUND('',#10975,.T.);
#10977=ADVANCED_FACE('',(#10976),#10940,.F.);
#10978=CARTESIAN_POINT('',(-2.183940864277715,3.899999999999999,6.500000000000002));
#10979=DIRECTION('',(0.0,-1.0,0.0));
#10980=DIRECTION('',(-1.0,0.0,0.0));
#10981=AXIS2_PLACEMENT_3D('',#10978,#10979,#10980);
#10982=PLANE('',#10981);
#10983=ORIENTED_EDGE('',*,*,#10907,.T.);
#10984=CARTESIAN_POINT('',(-2.554173925689861,3.899999999999999,6.500000000000002));
#10985=VERTEX_POINT('',#10984);
#10986=CARTESIAN_POINT('',(-2.554173925689861,3.899999999999998,6.500000000000002));
#10987=DIRECTION('',(-1.0,0.0,0.0));
#10988=VECTOR('',#10987,0.604218096000178);
#10989=LINE('',#10986,#10988);
#10990=EDGE_CURVE('',#10985,#10902,#10989,.T.);
#10991=ORIENTED_EDGE('',*,*,#10990,.F.);
#10992=CARTESIAN_POINT('',(-2.253337045290424,3.899999999999999,6.200000000000001));
#10993=VERTEX_POINT('',#10992);
#10994=CARTESIAN_POINT('',(-2.253337045290424,3.899999999999999,6.200000000000001));
#10995=CARTESIAN_POINT('',(-2.253337045290424,3.899999999999999,6.236993623505748));
#10996=CARTESIAN_POINT('',(-2.262010212706019,3.899999999999999,6.280530467055822));
#10997=CARTESIAN_POINT('',(-2.290370157872534,3.899999999999999,6.348912329837855));
#10998=CARTESIAN_POINT('',(-2.315089978503777,3.899999999999999,6.385846249744639));
#10999=CARTESIAN_POINT('',(-2.367549076580941,3.899999999999999,6.438230944314843));
#11000=CARTESIAN_POINT('',(-2.404588530187118,3.899999999999999,6.462931133764895));
#11001=CARTESIAN_POINT('',(-2.473230143295276,3.899999999999999,6.491318912541091));
#11002=CARTESIAN_POINT('',(-2.516993707438951,3.899999999999999,6.500000000000002));
#11003=CARTESIAN_POINT('',(-2.554173925689861,3.899999999999999,6.500000000000002));
#11004=B_SPLINE_CURVE_WITH_KNOTS('',3,(#10994,#10995,#10996,#10997,#10998,#10999,#11000,#11001,#11002,#11003),.UNSPECIFIED.,.F.,.U.,(4,2,2,2,4),(0.0,0.011098087051724,0.022208847522214,0.033338819676022,0.044492885151295),.UNSPECIFIED.);
#11005=EDGE_CURVE('',#10993,#10985,#11004,.T.);
#11006=ORIENTED_EDGE('',*,*,#11005,.F.);
#11007=CARTESIAN_POINT('',(-2.253337045290425,3.899999999999999,1.007992E-015));
#11008=VERTEX_POINT('',#11007);
#11009=CARTESIAN_POINT('',(-2.253337045290425,3.899999999999999,1.007992E-015));
#11010=DIRECTION('',(0.0,0.0,1.0));
#11011=VECTOR('',#11010,6.2);
#11012=LINE('',#11009,#11011);
#11013=EDGE_CURVE('',#11008,#10993,#11012,.T.);
#11014=ORIENTED_EDGE('',*,*,#11013,.F.);
#11015=CARTESIAN_POINT('',(-2.183940864277716,3.899999999999999,1.110223E-015));
#11016=VERTEX_POINT('',#11015);
#11017=CARTESIAN_POINT('',(-2.183940864277716,3.899999999999999,4.429389E-016));
#11018=DIRECTION('',(-1.0,0.0,0.0));
#11019=VECTOR('',#11018,0.069396181012709);
#11020=LINE('',#11017,#11019);
#11021=EDGE_CURVE('',#11016,#11008,#11020,.T.);
#11022=ORIENTED_EDGE('',*,*,#11021,.F.);
#11023=CARTESIAN_POINT('',(-2.183940864277716,3.899999999999999,-0.999999999999999));
#11024=VERTEX_POINT('',#11023);
#11025=CARTESIAN_POINT('',(-2.183940864277716,3.899999999999999,1.776357E-015));
#11026=DIRECTION('',(0.0,0.0,-1.0));
#11027=VECTOR('',#11026,1.0);
#11028=LINE('',#11025,#11027);
#11029=EDGE_CURVE('',#11016,#11024,#11028,.T.);
#11030=ORIENTED_EDGE('',*,*,#11029,.T.);
#11031=CARTESIAN_POINT('',(-2.183940864277715,3.899999999999999,-0.999999999999999));
#11032=DIRECTION('',(-1.0,0.0,0.0));
#11033=VECTOR('',#11032,0.974451157412324);
#11034=LINE('',#11031,#11033);
#11035=EDGE_CURVE('',#11024,#10900,#11034,.T.);
#11036=ORIENTED_EDGE('',*,*,#11035,.T.);
#11037=EDGE_LOOP('',(#10983,#10991,#11006,#11014,#11022,#11030,#11036));
#11038=FACE_OUTER_BOUND('',#11037,.T.);
#11039=ADVANCED_FACE('',(#11038),#10982,.F.);
#11040=CARTESIAN_POINT('',(-3.750000000000002,3.999999999999998,6.500000000000002));
#11041=DIRECTION('',(0.0,0.0,-1.0));
#11042=DIRECTION('',(-1.0,0.0,0.0));
#11043=AXIS2_PLACEMENT_3D('',#11040,#11041,#11042);
#11044=PLANE('',#11043);
#11045=ORIENTED_EDGE('',*,*,#10931,.T.);
#11046=CARTESIAN_POINT('',(-3.650000000000002,2.804173925689858,6.500000000000002));
#11047=VERTEX_POINT('',#11046);
#11048=CARTESIAN_POINT('',(-3.650000000000002,3.408392021690037,6.500000000000002));
#11049=DIRECTION('',(0.0,-1.0,0.0));
#11050=VECTOR('',#11049,0.604218096000178);
#11051=LINE('',#11048,#11050);
#11052=EDGE_CURVE('',#10919,#11047,#11051,.T.);
#11053=ORIENTED_EDGE('',*,*,#11052,.T.);
#11054=CARTESIAN_POINT('',(-3.750000000000002,3.999999999999999,6.500000000000002));
#11055=DIRECTION('',(0.0,0.0,-1.0));
#11056=DIRECTION('',(-1.0,0.0,0.0));
#11057=AXIS2_PLACEMENT_3D('',#11054,#11055,#11056);
#11058=CIRCLE('',#11057,1.200000000000001);
#11059=EDGE_CURVE('',#10985,#11047,#11058,.T.);
#11060=ORIENTED_EDGE('',*,*,#11059,.F.);
#11061=ORIENTED_EDGE('',*,*,#10990,.T.);
#11062=EDGE_LOOP('',(#11045,#11053,#11060,#11061));
#11063=FACE_OUTER_BOUND('',#11062,.T.);
#11064=ADVANCED_FACE('',(#11063),#11044,.F.);
#11065=CARTESIAN_POINT('',(-3.650000000000002,5.500334805899998,6.500000000000002));
#11066=DIRECTION('',(1.0,0.0,0.0));
#11067=DIRECTION('',(0.0,-1.0,0.0));
#11068=AXIS2_PLACEMENT_3D('',#11065,#11066,#11067);
#11069=PLANE('',#11068);
#11070=ORIENTED_EDGE('',*,*,#10924,.T.);
#11071=CARTESIAN_POINT('',(-3.650000000000003,2.499665194099999,-0.999999999999999));
#11072=VERTEX_POINT('',#11071);
#11073=CARTESIAN_POINT('',(-3.650000000000003,3.408392021690037,-0.999999999999999));
#11074=DIRECTION('',(0.0,-1.0,0.0));
#11075=VECTOR('',#11074,0.908726827590038);
#11076=LINE('',#11073,#11075);
#11077=EDGE_CURVE('',#10910,#11072,#11076,.T.);
#11078=ORIENTED_EDGE('',*,*,#11077,.T.);
#11079=CARTESIAN_POINT('',(-3.650000000000003,2.499665194099999,1.110223E-015));
#11080=VERTEX_POINT('',#11079);
#11081=CARTESIAN_POINT('',(-3.650000000000003,2.499665194099999,1.776357E-015));
#11082=DIRECTION('',(0.0,0.0,-1.0));
#11083=VECTOR('',#11082,1.0);
#11084=LINE('',#11081,#11083);
#11085=EDGE_CURVE('',#11080,#11072,#11084,.T.);
#11086=ORIENTED_EDGE('',*,*,#11085,.F.);
#11087=CARTESIAN_POINT('',(-3.650000000000003,2.503337045290421,1.103060E-015));
#11088=VERTEX_POINT('',#11087);
#11089=CARTESIAN_POINT('',(-3.650000000000002,2.503337045290421,5.551115E-016));
#11090=DIRECTION('',(0.0,-1.0,0.0));
#11091=VECTOR('',#11090,0.003671851190423);
#11092=LINE('',#11089,#11091);
#11093=EDGE_CURVE('',#11088,#11080,#11092,.T.);
#11094=ORIENTED_EDGE('',*,*,#11093,.F.);
#11095=CARTESIAN_POINT('',(-3.650000000000002,2.503337045290421,6.200000000000001));
#11096=VERTEX_POINT('',#11095);
#11097=CARTESIAN_POINT('',(-3.650000000000002,2.503337045290421,6.200000000000001));
#11098=DIRECTION('',(0.0,0.0,-1.0));
#11099=VECTOR('',#11098,6.2);
#11100=LINE('',#11097,#11099);
#11101=EDGE_CURVE('',#11096,#11088,#11100,.T.);
#11102=ORIENTED_EDGE('',*,*,#11101,.F.);
#11103=CARTESIAN_POINT('',(-3.650000000000002,2.804173925689858,6.500000000000002));
#11104=CARTESIAN_POINT('',(-3.650000000000002,2.766993707438949,6.500000000000002));
#11105=CARTESIAN_POINT('',(-3.650000000000002,2.723230143295274,6.491318912541091));
#11106=CARTESIAN_POINT('',(-3.650000000000002,2.654588530187114,6.462931133764895));
#11107=CARTESIAN_POINT('',(-3.650000000000002,2.617549076580938,6.438230944314843));
#11108=CARTESIAN_POINT('',(-3.650000000000002,2.565089978503774,6.385846249744639));
#11109=CARTESIAN_POINT('',(-3.650000000000002,2.540370157872531,6.348912329837855));
#11110=CARTESIAN_POINT('',(-3.650000000000002,2.512010212706016,6.280530467055822));
#11111=CARTESIAN_POINT('',(-3.650000000000002,2.503337045290421,6.236993623505748));
#11112=CARTESIAN_POINT('',(-3.650000000000002,2.503337045290421,6.200000000000001));
#11113=B_SPLINE_CURVE_WITH_KNOTS('',3,(#11103,#11104,#11105,#11106,#11107,#11108,#11109,#11110,#11111,#11112),.UNSPECIFIED.,.F.,.U.,(4,2,2,2,4),(-0.044492885151295,-0.033338819676022,-0.022208847522214,-0.011098087051724,0.0),.UNSPECIFIED.);
#11114=EDGE_CURVE('',#11047,#11096,#11113,.T.);
#11115=ORIENTED_EDGE('',*,*,#11114,.F.);
#11116=ORIENTED_EDGE('',*,*,#11052,.F.);
#11117=EDGE_LOOP('',(#11070,#11078,#11086,#11094,#11102,#11115,#11116));
#11118=FACE_OUTER_BOUND('',#11117,.T.);
#11119=ADVANCED_FACE('',(#11118),#11069,.F.);
#11120=CARTESIAN_POINT('',(-3.850000000000002,2.499665194099999,6.500000000000002));
#11121=DIRECTION('',(-1.0,0.0,0.0));
#11122=DIRECTION('',(0.0,1.0,0.0));
#11123=AXIS2_PLACEMENT_3D('',#11120,#11121,#11122);
#11124=PLANE('',#11123);
#11125=ORIENTED_EDGE('',*,*,#10823,.T.);
#11126=CARTESIAN_POINT('',(-3.850000000000002,2.804173925689858,6.500000000000002));
#11127=VERTEX_POINT('',#11126);
#11128=CARTESIAN_POINT('',(-3.850000000000002,2.804173925689858,6.500000000000002));
#11129=DIRECTION('',(0.0,1.0,0.0));
#11130=VECTOR('',#11129,0.604218096000179);
#11131=LINE('',#11128,#11130);
#11132=EDGE_CURVE('',#11127,#10818,#11131,.T.);
#11133=ORIENTED_EDGE('',*,*,#11132,.F.);
#11134=CARTESIAN_POINT('',(-3.850000000000002,2.503337045290421,6.200000000000001));
#11135=VERTEX_POINT('',#11134);
#11136=CARTESIAN_POINT('',(-3.850000000000002,2.503337045290421,6.200000000000001));
#11137=CARTESIAN_POINT('',(-3.850000000000002,2.503337045290421,6.236993623505748));
#11138=CARTESIAN_POINT('',(-3.850000000000002,2.512010212706016,6.280530467055822));
#11139=CARTESIAN_POINT('',(-3.850000000000002,2.540370157872531,6.348912329837855));
#11140=CARTESIAN_POINT('',(-3.850000000000002,2.565089978503774,6.385846249744639));
#11141=CARTESIAN_POINT('',(-3.850000000000002,2.617549076580938,6.438230944314843));
#11142=CARTESIAN_POINT('',(-3.850000000000002,2.654588530187114,6.462931133764896));
#11143=CARTESIAN_POINT('',(-3.850000000000002,2.723230143295274,6.491318912541092));
#11144=CARTESIAN_POINT('',(-3.850000000000002,2.766993707438949,6.500000000000002));
#11145=CARTESIAN_POINT('',(-3.850000000000002,2.804173925689858,6.500000000000002));
#11146=B_SPLINE_CURVE_WITH_KNOTS('',3,(#11136,#11137,#11138,#11139,#11140,#11141,#11142,#11143,#11144,#11145),.UNSPECIFIED.,.F.,.U.,(4,2,2,2,4),(0.0,0.011098087051724,0.022208847522214,0.033338819676022,0.044492885151295),.UNSPECIFIED.);
#11147=EDGE_CURVE('',#11135,#11127,#11146,.T.);
#11148=ORIENTED_EDGE('',*,*,#11147,.F.);
#11149=CARTESIAN_POINT('',(-3.850000000000003,2.503337045290421,1.117386E-015));
#11150=VERTEX_POINT('',#11149);
#11151=CARTESIAN_POINT('',(-3.850000000000003,2.503337045290421,1.117386E-015));
#11152=DIRECTION('',(0.0,0.0,1.0));
#11153=VECTOR('',#11152,6.2);
#11154=LINE('',#11151,#11153);
#11155=EDGE_CURVE('',#11150,#11135,#11154,.T.);
#11156=ORIENTED_EDGE('',*,*,#11155,.F.);
#11157=CARTESIAN_POINT('',(-3.850000000000003,2.499665194099999,1.110223E-015));
#11158=VERTEX_POINT('',#11157);
#11159=CARTESIAN_POINT('',(-3.850000000000002,2.499665194099999,5.551115E-016));
#11160=DIRECTION('',(0.0,1.0,0.0));
#11161=VECTOR('',#11160,0.003671851190423);
#11162=LINE('',#11159,#11161);
#11163=EDGE_CURVE('',#11158,#11150,#11162,.T.);
#11164=ORIENTED_EDGE('',*,*,#11163,.F.);
#11165=CARTESIAN_POINT('',(-3.850000000000003,2.499665194099999,-0.999999999999999));
#11166=VERTEX_POINT('',#11165);
#11167=CARTESIAN_POINT('',(-3.850000000000003,2.499665194099999,1.776357E-015));
#11168=DIRECTION('',(0.0,0.0,-1.0));
#11169=VECTOR('',#11168,1.0);
#11170=LINE('',#11167,#11169);
#11171=EDGE_CURVE('',#11158,#11166,#11170,.T.);
#11172=ORIENTED_EDGE('',*,*,#11171,.T.);
#11173=CARTESIAN_POINT('',(-3.850000000000003,2.499665194099999,-0.999999999999999));
#11174=DIRECTION('',(0.0,1.0,0.0));
#11175=VECTOR('',#11174,0.908726827590038);
#11176=LINE('',#11173,#11175);
#11177=EDGE_CURVE('',#11166,#10816,#11176,.T.);
#11178=ORIENTED_EDGE('',*,*,#11177,.T.);
#11179=EDGE_LOOP('',(#11125,#11133,#11148,#11156,#11164,#11172,#11178));
#11180=FACE_OUTER_BOUND('',#11179,.T.);
#11181=ADVANCED_FACE('',(#11180),#11124,.F.);
#11182=CARTESIAN_POINT('',(-3.750000000000001,3.999999999999998,-1.0));
#11183=DIRECTION('',(0.0,0.0,-1.0));
#11184=DIRECTION('',(-1.0,0.0,0.0));
#11185=AXIS2_PLACEMENT_3D('',#11182,#11183,#11184);
#11186=PLANE('',#11185);
#11187=ORIENTED_EDGE('',*,*,#10973,.F.);
#11188=CARTESIAN_POINT('',(-3.650000000000003,5.500334805899998,-0.999999999999999));
#11189=VERTEX_POINT('',#11188);
#11190=CARTESIAN_POINT('',(-3.650000000000003,5.500334805899998,-0.999999999999999));
#11191=DIRECTION('',(0.0,-1.0,0.0));
#11192=VECTOR('',#11191,0.908726827590037);
#11193=LINE('',#11190,#11192);
#11194=EDGE_CURVE('',#11189,#10961,#11193,.T.);
#11195=ORIENTED_EDGE('',*,*,#11194,.F.);
#11196=CARTESIAN_POINT('',(-3.850000000000003,5.500334805899998,-0.999999999999999));
#11197=VERTEX_POINT('',#11196);
#11198=CARTESIAN_POINT('',(-3.850000000000003,5.500334805899998,-0.999999999999999));
#11199=DIRECTION('',(1.0,0.0,0.0));
#11200=VECTOR('',#11199,0.2);
#11201=LINE('',#11198,#11200);
#11202=EDGE_CURVE('',#11197,#11189,#11201,.T.);
#11203=ORIENTED_EDGE('',*,*,#11202,.F.);
#11204=CARTESIAN_POINT('',(-3.850000000000003,4.591607978309961,-0.999999999999999));
#11205=DIRECTION('',(0.0,1.0,0.0));
#11206=VECTOR('',#11205,0.908726827590037);
#11207=LINE('',#11204,#11206);
#11208=EDGE_CURVE('',#10860,#11197,#11207,.T.);
#11209=ORIENTED_EDGE('',*,*,#11208,.F.);
#11210=ORIENTED_EDGE('',*,*,#10889,.F.);
#11211=CARTESIAN_POINT('',(-5.316059135722286,4.099999999999998,-0.999999999999999));
#11212=VERTEX_POINT('',#11211);
#11213=CARTESIAN_POINT('',(-5.316059135722287,4.099999999999999,-0.999999999999998));
#11214=DIRECTION('',(1.0,0.0,0.0));
#11215=VECTOR('',#11214,0.974451157412322);
#11216=LINE('',#11213,#11215);
#11217=EDGE_CURVE('',#11212,#10877,#11216,.T.);
#11218=ORIENTED_EDGE('',*,*,#11217,.F.);
#11219=CARTESIAN_POINT('',(-5.316059135722286,3.899999999999999,-0.999999999999999));
#11220=VERTEX_POINT('',#11219);
#11221=CARTESIAN_POINT('',(-5.316059135722286,3.899999999999998,-0.999999999999999));
#11222=DIRECTION('',(0.0,1.0,0.0));
#11223=VECTOR('',#11222,0.2);
#11224=LINE('',#11221,#11223);
#11225=EDGE_CURVE('',#11220,#11212,#11224,.T.);
#11226=ORIENTED_EDGE('',*,*,#11225,.F.);
#11227=CARTESIAN_POINT('',(-4.341607978309964,3.899999999999999,-0.999999999999999));
#11228=DIRECTION('',(-1.0,0.0,0.0));
#11229=VECTOR('',#11228,0.974451157412322);
#11230=LINE('',#11227,#11229);
#11231=EDGE_CURVE('',#10826,#11220,#11230,.T.);
#11232=ORIENTED_EDGE('',*,*,#11231,.F.);
#11233=ORIENTED_EDGE('',*,*,#10832,.F.);
#11234=ORIENTED_EDGE('',*,*,#11177,.F.);
#11235=CARTESIAN_POINT('',(-3.650000000000003,2.499665194099999,-0.999999999999999));
#11236=DIRECTION('',(-1.0,0.0,0.0));
#11237=VECTOR('',#11236,0.2);
#11238=LINE('',#11235,#11237);
#11239=EDGE_CURVE('',#11072,#11166,#11238,.T.);
#11240=ORIENTED_EDGE('',*,*,#11239,.F.);
#11241=ORIENTED_EDGE('',*,*,#11077,.F.);
#11242=ORIENTED_EDGE('',*,*,#10916,.F.);
#11243=ORIENTED_EDGE('',*,*,#11035,.F.);
#11244=CARTESIAN_POINT('',(-2.183940864277716,4.099999999999999,-0.999999999999999));
#11245=VERTEX_POINT('',#11244);
#11246=CARTESIAN_POINT('',(-2.183940864277716,4.099999999999999,-0.999999999999999));
#11247=DIRECTION('',(0.0,-1.0,0.0));
#11248=VECTOR('',#11247,0.2);
#11249=LINE('',#11246,#11248);
#11250=EDGE_CURVE('',#11245,#11024,#11249,.T.);
#11251=ORIENTED_EDGE('',*,*,#11250,.F.);
#11252=CARTESIAN_POINT('',(-3.15839202169004,4.099999999999999,-0.999999999999999));
#11253=DIRECTION('',(1.0,0.0,0.0));
#11254=VECTOR('',#11253,0.974451157412324);
#11255=LINE('',#11252,#11254);
#11256=EDGE_CURVE('',#10944,#11245,#11255,.T.);
#11257=ORIENTED_EDGE('',*,*,#11256,.F.);
#11258=EDGE_LOOP('',(#11187,#11195,#11203,#11209,#11210,#11218,#11226,#11232,#11233,#11234,#11240,#11241,#11242,#11243,#11251,#11257));
#11259=FACE_OUTER_BOUND('',#11258,.T.);
#11260=ADVANCED_FACE('',(#11259),#11186,.F.);
#11261=CARTESIAN_POINT('',(-3.750000000000002,3.999999999999998,6.500000000000002));
#11262=DIRECTION('',(0.0,0.0,-1.0));
#11263=DIRECTION('',(-1.0,0.0,0.0));
#11264=AXIS2_PLACEMENT_3D('',#11261,#11262,#11263);
#11265=PLANE('',#11264);
#11266=ORIENTED_EDGE('',*,*,#10847,.T.);
#11267=CARTESIAN_POINT('',(-4.945826074310142,3.899999999999999,6.500000000000002));
#11268=VERTEX_POINT('',#11267);
#11269=CARTESIAN_POINT('',(-4.341607978309963,3.899999999999998,6.500000000000002));
#11270=DIRECTION('',(-1.0,0.0,0.0));
#11271=VECTOR('',#11270,0.60421809600018);
#11272=LINE('',#11269,#11271);
#11273=EDGE_CURVE('',#10835,#11268,#11272,.T.);
#11274=ORIENTED_EDGE('',*,*,#11273,.T.);
#11275=CARTESIAN_POINT('',(-3.750000000000002,3.999999999999999,6.500000000000002));
#11276=DIRECTION('',(0.0,0.0,-1.0));
#11277=DIRECTION('',(-1.0,0.0,0.0));
#11278=AXIS2_PLACEMENT_3D('',#11275,#11276,#11277);
#11279=CIRCLE('',#11278,1.200000000000001);
#11280=EDGE_CURVE('',#11127,#11268,#11279,.T.);
#11281=ORIENTED_EDGE('',*,*,#11280,.F.);
#11282=ORIENTED_EDGE('',*,*,#11132,.T.);
#11283=EDGE_LOOP('',(#11266,#11274,#11281,#11282));
#11284=FACE_OUTER_BOUND('',#11283,.T.);
#11285=ADVANCED_FACE('',(#11284),#11265,.F.);
#11286=CARTESIAN_POINT('',(-3.650000000000002,2.499665194099999,6.500000000000002));
#11287=DIRECTION('',(0.0,-1.0,0.0));
#11288=DIRECTION('',(-1.0,0.0,0.0));
#11289=AXIS2_PLACEMENT_3D('',#11286,#11287,#11288);
#11290=PLANE('',#11289);
#11291=CARTESIAN_POINT('',(-3.650000000000003,2.499665194099999,5.479488E-016));
#11292=DIRECTION('',(-1.0,0.0,0.0));
#11293=VECTOR('',#11292,0.2);
#11294=LINE('',#11291,#11293);
#11295=EDGE_CURVE('',#11080,#11158,#11294,.T.);
#11296=ORIENTED_EDGE('',*,*,#11295,.F.);
#11297=ORIENTED_EDGE('',*,*,#11085,.T.);
#11298=ORIENTED_EDGE('',*,*,#11239,.T.);
#11299=ORIENTED_EDGE('',*,*,#11171,.F.);
#11300=EDGE_LOOP('',(#11296,#11297,#11298,#11299));
#11301=FACE_OUTER_BOUND('',#11300,.T.);
#11302=ADVANCED_FACE('',(#11301),#11290,.F.);
#11303=CARTESIAN_POINT('',(-5.316059135722285,3.899999999999999,6.500000000000002));
#11304=DIRECTION('',(-1.0,0.0,0.0));
#11305=DIRECTION('',(0.0,1.0,0.0));
#11306=AXIS2_PLACEMENT_3D('',#11303,#11304,#11305);
#11307=PLANE('',#11306);
#11308=CARTESIAN_POINT('',(-5.316059135722286,3.899999999999999,1.110223E-015));
#11309=VERTEX_POINT('',#11308);
#11310=CARTESIAN_POINT('',(-5.316059135722286,4.099999999999998,1.110223E-015));
#11311=VERTEX_POINT('',#11310);
#11312=CARTESIAN_POINT('',(-5.316059135722285,3.899999999999999,5.551115E-016));
#11313=DIRECTION('',(0.0,1.0,0.0));
#11314=VECTOR('',#11313,0.199999999999999);
#11315=LINE('',#11312,#11314);
#11316=EDGE_CURVE('',#11309,#11311,#11315,.T.);
#11317=ORIENTED_EDGE('',*,*,#11316,.F.);
#11318=CARTESIAN_POINT('',(-5.316059135722286,3.899999999999999,1.776357E-015));
#11319=DIRECTION('',(0.0,0.0,-1.0));
#11320=VECTOR('',#11319,1.0);
#11321=LINE('',#11318,#11320);
#11322=EDGE_CURVE('',#11309,#11220,#11321,.T.);
#11323=ORIENTED_EDGE('',*,*,#11322,.T.);
#11324=ORIENTED_EDGE('',*,*,#11225,.T.);
#11325=CARTESIAN_POINT('',(-5.316059135722286,4.099999999999998,1.776357E-015));
#11326=DIRECTION('',(0.0,0.0,-1.0));
#11327=VECTOR('',#11326,1.0);
#11328=LINE('',#11325,#11327);
#11329=EDGE_CURVE('',#11311,#11212,#11328,.T.);
#11330=ORIENTED_EDGE('',*,*,#11329,.F.);
#11331=EDGE_LOOP('',(#11317,#11323,#11324,#11330));
#11332=FACE_OUTER_BOUND('',#11331,.T.);
#11333=ADVANCED_FACE('',(#11332),#11307,.F.);
#11334=CARTESIAN_POINT('',(-5.316059135722285,4.099999999999998,6.500000000000002));
#11335=DIRECTION('',(0.0,1.0,0.0));
#11336=DIRECTION('',(1.0,0.0,0.0));
#11337=AXIS2_PLACEMENT_3D('',#11334,#11335,#11336);
#11338=PLANE('',#11337);
#11339=ORIENTED_EDGE('',*,*,#10882,.T.);
#11340=CARTESIAN_POINT('',(-4.945826074310142,4.099999999999999,6.500000000000002));
#11341=VERTEX_POINT('',#11340);
#11342=CARTESIAN_POINT('',(-4.945826074310142,4.099999999999998,6.500000000000002));
#11343=DIRECTION('',(1.0,0.0,0.0));
#11344=VECTOR('',#11343,0.604218096000179);
#11345=LINE('',#11342,#11344);
#11346=EDGE_CURVE('',#11341,#10868,#11345,.T.);
#11347=ORIENTED_EDGE('',*,*,#11346,.F.);
#11348=CARTESIAN_POINT('',(-5.246662954709579,4.099999999999998,6.200000000000001));
#11349=VERTEX_POINT('',#11348);
#11350=CARTESIAN_POINT('',(-5.246662954709579,4.099999999999998,6.200000000000001));
#11351=CARTESIAN_POINT('',(-5.246662954709579,4.099999999999998,6.23699362350575));
#11352=CARTESIAN_POINT('',(-5.237989787293984,4.099999999999998,6.280530467055822));
#11353=CARTESIAN_POINT('',(-5.209629842127469,4.099999999999998,6.348912329837856));
#11354=CARTESIAN_POINT('',(-5.184910021496226,4.099999999999998,6.385846249744639));
#11355=CARTESIAN_POINT('',(-5.132450923419061,4.099999999999998,6.438230944314843));
#11356=CARTESIAN_POINT('',(-5.095411469812885,4.099999999999998,6.462931133764896));
#11357=CARTESIAN_POINT('',(-5.026769856704726,4.099999999999998,6.491318912541092));
#11358=CARTESIAN_POINT('',(-4.983006292561051,4.099999999999998,6.500000000000002));
#11359=CARTESIAN_POINT('',(-4.945826074310141,4.099999999999998,6.500000000000002));
#11360=B_SPLINE_CURVE_WITH_KNOTS('',3,(#11350,#11351,#11352,#11353,#11354,#11355,#11356,#11357,#11358,#11359),.UNSPECIFIED.,.F.,.U.,(4,2,2,2,4),(0.0,0.011098087051725,0.022208847522214,0.033338819676022,0.044492885151295),.UNSPECIFIED.);
#11361=EDGE_CURVE('',#11349,#11341,#11360,.T.);
#11362=ORIENTED_EDGE('',*,*,#11361,.F.);
#11363=CARTESIAN_POINT('',(-5.24666295470958,4.099999999999998,1.212454E-015));
#11364=VERTEX_POINT('',#11363);
#11365=CARTESIAN_POINT('',(-5.24666295470958,4.099999999999998,1.212454E-015));
#11366=DIRECTION('',(0.0,0.0,1.0));
#11367=VECTOR('',#11366,6.2);
#11368=LINE('',#11365,#11367);
#11369=EDGE_CURVE('',#11364,#11349,#11368,.T.);
#11370=ORIENTED_EDGE('',*,*,#11369,.F.);
#11371=CARTESIAN_POINT('',(-5.316059135722286,4.099999999999998,6.672841E-016));
#11372=DIRECTION('',(1.0,0.0,0.0));
#11373=VECTOR('',#11372,0.069396181012706);
#11374=LINE('',#11371,#11373);
#11375=EDGE_CURVE('',#11311,#11364,#11374,.T.);
#11376=ORIENTED_EDGE('',*,*,#11375,.F.);
#11377=ORIENTED_EDGE('',*,*,#11329,.T.);
#11378=ORIENTED_EDGE('',*,*,#11217,.T.);
#11379=EDGE_LOOP('',(#11339,#11347,#11362,#11370,#11376,#11377,#11378));
#11380=FACE_OUTER_BOUND('',#11379,.T.);
#11381=ADVANCED_FACE('',(#11380),#11338,.F.);
#11382=CARTESIAN_POINT('',(-3.850000000000002,5.500334805899998,6.500000000000002));
#11383=DIRECTION('',(0.0,1.0,0.0));
#11384=DIRECTION('',(1.0,0.0,0.0));
#11385=AXIS2_PLACEMENT_3D('',#11382,#11383,#11384);
#11386=PLANE('',#11385);
#11387=CARTESIAN_POINT('',(-3.850000000000003,5.500334805899998,1.110223E-015));
#11388=VERTEX_POINT('',#11387);
#11389=CARTESIAN_POINT('',(-3.650000000000003,5.500334805899998,1.110223E-015));
#11390=VERTEX_POINT('',#11389);
#11391=CARTESIAN_POINT('',(-3.850000000000003,5.500334805899998,5.622742E-016));
#11392=DIRECTION('',(1.0,0.0,0.0));
#11393=VECTOR('',#11392,0.2);
#11394=LINE('',#11391,#11393);
#11395=EDGE_CURVE('',#11388,#11390,#11394,.T.);
#11396=ORIENTED_EDGE('',*,*,#11395,.F.);
#11397=CARTESIAN_POINT('',(-3.850000000000003,5.500334805899998,1.776357E-015));
#11398=DIRECTION('',(0.0,0.0,-1.0));
#11399=VECTOR('',#11398,1.0);
#11400=LINE('',#11397,#11399);
#11401=EDGE_CURVE('',#11388,#11197,#11400,.T.);
#11402=ORIENTED_EDGE('',*,*,#11401,.T.);
#11403=ORIENTED_EDGE('',*,*,#11202,.T.);
#11404=CARTESIAN_POINT('',(-3.650000000000003,5.500334805899998,1.776357E-015));
#11405=DIRECTION('',(0.0,0.0,-1.0));
#11406=VECTOR('',#11405,1.0);
#11407=LINE('',#11404,#11406);
#11408=EDGE_CURVE('',#11390,#11189,#11407,.T.);
#11409=ORIENTED_EDGE('',*,*,#11408,.F.);
#11410=EDGE_LOOP('',(#11396,#11402,#11403,#11409));
#11411=FACE_OUTER_BOUND('',#11410,.T.);
#11412=ADVANCED_FACE('',(#11411),#11386,.F.);
#11413=CARTESIAN_POINT('',(-3.650000000000002,5.500334805899998,6.500000000000002));
#11414=DIRECTION('',(1.0,0.0,0.0));
#11415=DIRECTION('',(0.0,-1.0,0.0));
#11416=AXIS2_PLACEMENT_3D('',#11413,#11414,#11415);
#11417=PLANE('',#11416);
#11418=ORIENTED_EDGE('',*,*,#10966,.T.);
#11419=CARTESIAN_POINT('',(-3.650000000000002,5.195826074310139,6.500000000000002));
#11420=VERTEX_POINT('',#11419);
#11421=CARTESIAN_POINT('',(-3.650000000000002,5.19582607431014,6.500000000000002));
#11422=DIRECTION('',(0.0,-1.0,0.0));
#11423=VECTOR('',#11422,0.604218096000179);
#11424=LINE('',#11421,#11423);
#11425=EDGE_CURVE('',#11420,#10952,#11424,.T.);
#11426=ORIENTED_EDGE('',*,*,#11425,.F.);
#11427=CARTESIAN_POINT('',(-3.650000000000002,5.496662954709576,6.200000000000001));
#11428=VERTEX_POINT('',#11427);
#11429=CARTESIAN_POINT('',(-3.650000000000002,5.496662954709576,6.200000000000001));
#11430=CARTESIAN_POINT('',(-3.650000000000002,5.496662954709576,6.236993623505748));
#11431=CARTESIAN_POINT('',(-3.650000000000002,5.487989787293981,6.280530467055822));
#11432=CARTESIAN_POINT('',(-3.650000000000002,5.459629842127466,6.348912329837855));
#11433=CARTESIAN_POINT('',(-3.650000000000002,5.434910021496223,6.385846249744639));
#11434=CARTESIAN_POINT('',(-3.650000000000002,5.382450923419059,6.438230944314843));
#11435=CARTESIAN_POINT('',(-3.650000000000002,5.345411469812883,6.462931133764895));
#11436=CARTESIAN_POINT('',(-3.650000000000002,5.276769856704724,6.491318912541091));
#11437=CARTESIAN_POINT('',(-3.650000000000002,5.233006292561049,6.500000000000002));
#11438=CARTESIAN_POINT('',(-3.650000000000002,5.195826074310139,6.500000000000002));
#11439=B_SPLINE_CURVE_WITH_KNOTS('',3,(#11429,#11430,#11431,#11432,#11433,#11434,#11435,#11436,#11437,#11438),.UNSPECIFIED.,.F.,.U.,(4,2,2,2,4),(0.0,0.011098087051724,0.022208847522214,0.033338819676022,0.044492885151295),.UNSPECIFIED.);
#11440=EDGE_CURVE('',#11428,#11420,#11439,.T.);
#11441=ORIENTED_EDGE('',*,*,#11440,.F.);
#11442=CARTESIAN_POINT('',(-3.650000000000003,5.496662954709576,1.103060E-015));
#11443=VERTEX_POINT('',#11442);
#11444=CARTESIAN_POINT('',(-3.650000000000003,5.496662954709576,1.103060E-015));
#11445=DIRECTION('',(0.0,0.0,1.0));
#11446=VECTOR('',#11445,6.2);
#11447=LINE('',#11444,#11446);
#11448=EDGE_CURVE('',#11443,#11428,#11447,.T.);
#11449=ORIENTED_EDGE('',*,*,#11448,.F.);
#11450=CARTESIAN_POINT('',(-3.650000000000002,5.500334805899998,5.551115E-016));
#11451=DIRECTION('',(0.0,-1.0,0.0));
#11452=VECTOR('',#11451,0.003671851190423);
#11453=LINE('',#11450,#11452);
#11454=EDGE_CURVE('',#11390,#11443,#11453,.T.);
#11455=ORIENTED_EDGE('',*,*,#11454,.F.);
#11456=ORIENTED_EDGE('',*,*,#11408,.T.);
#11457=ORIENTED_EDGE('',*,*,#11194,.T.);
#11458=EDGE_LOOP('',(#11418,#11426,#11441,#11449,#11455,#11456,#11457));
#11459=FACE_OUTER_BOUND('',#11458,.T.);
#11460=ADVANCED_FACE('',(#11459),#11417,.F.);
#11461=CARTESIAN_POINT('',(-5.316059135722285,4.099999999999998,6.500000000000002));
#11462=DIRECTION('',(0.0,1.0,0.0));
#11463=DIRECTION('',(1.0,0.0,0.0));
#11464=AXIS2_PLACEMENT_3D('',#11461,#11462,#11463);
#11465=PLANE('',#11464);
#11466=ORIENTED_EDGE('',*,*,#10949,.T.);
#11467=ORIENTED_EDGE('',*,*,#11256,.T.);
#11468=CARTESIAN_POINT('',(-2.183940864277716,4.099999999999999,1.110223E-015));
#11469=VERTEX_POINT('',#11468);
#11470=CARTESIAN_POINT('',(-2.183940864277716,4.099999999999999,1.776357E-015));
#11471=DIRECTION('',(0.0,0.0,-1.0));
#11472=VECTOR('',#11471,1.0);
#11473=LINE('',#11470,#11472);
#11474=EDGE_CURVE('',#11469,#11245,#11473,.T.);
#11475=ORIENTED_EDGE('',*,*,#11474,.F.);
#11476=CARTESIAN_POINT('',(-2.253337045290425,4.099999999999998,7.836466E-016));
#11477=VERTEX_POINT('',#11476);
#11478=CARTESIAN_POINT('',(-2.253337045290425,4.099999999999998,2.285351E-016));
#11479=DIRECTION('',(1.0,0.0,0.0));
#11480=VECTOR('',#11479,0.069396181012709);
#11481=LINE('',#11478,#11480);
#11482=EDGE_CURVE('',#11477,#11469,#11481,.T.);
#11483=ORIENTED_EDGE('',*,*,#11482,.F.);
#11484=CARTESIAN_POINT('',(-2.253337045290424,4.099999999999998,6.200000000000001));
#11485=VERTEX_POINT('',#11484);
#11486=CARTESIAN_POINT('',(-2.253337045290424,4.099999999999998,6.200000000000001));
#11487=DIRECTION('',(0.0,0.0,-1.0));
#11488=VECTOR('',#11487,6.2);
#11489=LINE('',#11486,#11488);
#11490=EDGE_CURVE('',#11485,#11477,#11489,.T.);
#11491=ORIENTED_EDGE('',*,*,#11490,.F.);
#11492=CARTESIAN_POINT('',(-2.554173925689861,4.099999999999999,6.500000000000002));
#11493=VERTEX_POINT('',#11492);
#11494=CARTESIAN_POINT('',(-2.554173925689862,4.099999999999999,6.500000000000002));
#11495=CARTESIAN_POINT('',(-2.516993707438952,4.099999999999999,6.500000000000002));
#11496=CARTESIAN_POINT('',(-2.473230143295277,4.099999999999998,6.491318912541092));
#11497=CARTESIAN_POINT('',(-2.404588530187118,4.099999999999998,6.462931133764896));
#11498=CARTESIAN_POINT('',(-2.367549076580942,4.099999999999998,6.438230944314843));
#11499=CARTESIAN_POINT('',(-2.315089978503778,4.099999999999998,6.385846249744639));
#11500=CARTESIAN_POINT('',(-2.290370157872534,4.099999999999998,6.348912329837856));
#11501=CARTESIAN_POINT('',(-2.262010212706019,4.099999999999998,6.280530467055822));
#11502=CARTESIAN_POINT('',(-2.253337045290424,4.099999999999999,6.23699362350575));
#11503=CARTESIAN_POINT('',(-2.253337045290424,4.099999999999999,6.200000000000001));
#11504=B_SPLINE_CURVE_WITH_KNOTS('',3,(#11494,#11495,#11496,#11497,#11498,#11499,#11500,#11501,#11502,#11503),.UNSPECIFIED.,.F.,.U.,(4,2,2,2,4),(-0.044492885151295,-0.033338819676022,-0.022208847522214,-0.011098087051725,0.0),.UNSPECIFIED.);
#11505=EDGE_CURVE('',#11493,#11485,#11504,.T.);
#11506=ORIENTED_EDGE('',*,*,#11505,.F.);
#11507=CARTESIAN_POINT('',(-3.158392021690039,4.099999999999998,6.500000000000002));
#11508=DIRECTION('',(1.0,0.0,0.0));
#11509=VECTOR('',#11508,0.604218096000178);
#11510=LINE('',#11507,#11509);
#11511=EDGE_CURVE('',#10942,#11493,#11510,.T.);
#11512=ORIENTED_EDGE('',*,*,#11511,.F.);
#11513=EDGE_LOOP('',(#11466,#11467,#11475,#11483,#11491,#11506,#11512));
#11514=FACE_OUTER_BOUND('',#11513,.T.);
#11515=ADVANCED_FACE('',(#11514),#11465,.F.);
#11516=CARTESIAN_POINT('',(-2.183940864277715,3.899999999999999,6.500000000000002));
#11517=DIRECTION('',(0.0,-1.0,0.0));
#11518=DIRECTION('',(-1.0,0.0,0.0));
#11519=AXIS2_PLACEMENT_3D('',#11516,#11517,#11518);
#11520=PLANE('',#11519);
#11521=ORIENTED_EDGE('',*,*,#10840,.T.);
#11522=ORIENTED_EDGE('',*,*,#11231,.T.);
#11523=ORIENTED_EDGE('',*,*,#11322,.F.);
#11524=CARTESIAN_POINT('',(-5.24666295470958,3.899999999999999,1.436799E-015));
#11525=VERTEX_POINT('',#11524);
#11526=CARTESIAN_POINT('',(-5.24666295470958,3.899999999999999,8.816879E-016));
#11527=DIRECTION('',(-1.0,0.0,0.0));
#11528=VECTOR('',#11527,0.069396181012706);
#11529=LINE('',#11526,#11528);
#11530=EDGE_CURVE('',#11525,#11309,#11529,.T.);
#11531=ORIENTED_EDGE('',*,*,#11530,.F.);
#11532=CARTESIAN_POINT('',(-5.246662954709579,3.899999999999999,6.200000000000001));
#11533=VERTEX_POINT('',#11532);
#11534=CARTESIAN_POINT('',(-5.246662954709579,3.899999999999999,6.200000000000002));
#11535=DIRECTION('',(0.0,0.0,-1.0));
#11536=VECTOR('',#11535,6.2);
#11537=LINE('',#11534,#11536);
#11538=EDGE_CURVE('',#11533,#11525,#11537,.T.);
#11539=ORIENTED_EDGE('',*,*,#11538,.F.);
#11540=CARTESIAN_POINT('',(-4.945826074310142,3.899999999999999,6.500000000000002));
#11541=CARTESIAN_POINT('',(-4.983006292561052,3.899999999999999,6.500000000000002));
#11542=CARTESIAN_POINT('',(-5.026769856704727,3.899999999999999,6.491318912541091));
#11543=CARTESIAN_POINT('',(-5.095411469812886,3.899999999999999,6.462931133764895));
#11544=CARTESIAN_POINT('',(-5.132450923419062,3.899999999999999,6.438230944314843));
#11545=CARTESIAN_POINT('',(-5.184910021496227,3.899999999999999,6.385846249744639));
#11546=CARTESIAN_POINT('',(-5.209629842127469,3.899999999999999,6.348912329837855));
#11547=CARTESIAN_POINT('',(-5.237989787293984,3.899999999999999,6.280530467055822));
#11548=CARTESIAN_POINT('',(-5.246662954709579,3.899999999999999,6.236993623505748));
#11549=CARTESIAN_POINT('',(-5.246662954709579,3.899999999999999,6.200000000000001));
#11550=B_SPLINE_CURVE_WITH_KNOTS('',3,(#11540,#11541,#11542,#11543,#11544,#11545,#11546,#11547,#11548,#11549),.UNSPECIFIED.,.F.,.U.,(4,2,2,2,4),(-0.044492885151295,-0.033338819676022,-0.022208847522214,-0.011098087051724,0.0),.UNSPECIFIED.);
#11551=EDGE_CURVE('',#11268,#11533,#11550,.T.);
#11552=ORIENTED_EDGE('',*,*,#11551,.F.);
#11553=ORIENTED_EDGE('',*,*,#11273,.F.);
#11554=EDGE_LOOP('',(#11521,#11522,#11523,#11531,#11539,#11552,#11553));
#11555=FACE_OUTER_BOUND('',#11554,.T.);
#11556=ADVANCED_FACE('',(#11555),#11520,.F.);
#11557=CARTESIAN_POINT('',(-2.183940864277715,4.099999999999999,6.500000000000002));
#11558=DIRECTION('',(1.0,0.0,0.0));
#11559=DIRECTION('',(0.0,-1.0,0.0));
#11560=AXIS2_PLACEMENT_3D('',#11557,#11558,#11559);
#11561=PLANE('',#11560);
#11562=CARTESIAN_POINT('',(-2.183940864277716,4.099999999999999,5.551115E-016));
#11563=DIRECTION('',(0.0,-1.0,0.0));
#11564=VECTOR('',#11563,0.200000000000001);
#11565=LINE('',#11562,#11564);
#11566=EDGE_CURVE('',#11469,#11016,#11565,.T.);
#11567=ORIENTED_EDGE('',*,*,#11566,.F.);
#11568=ORIENTED_EDGE('',*,*,#11474,.T.);
#11569=ORIENTED_EDGE('',*,*,#11250,.T.);
#11570=ORIENTED_EDGE('',*,*,#11029,.F.);
#11571=EDGE_LOOP('',(#11567,#11568,#11569,#11570));
#11572=FACE_OUTER_BOUND('',#11571,.T.);
#11573=ADVANCED_FACE('',(#11572),#11561,.F.);
#11574=CARTESIAN_POINT('',(-3.850000000000002,2.499665194099999,6.500000000000002));
#11575=DIRECTION('',(-1.0,0.0,0.0));
#11576=DIRECTION('',(0.0,1.0,0.0));
#11577=AXIS2_PLACEMENT_3D('',#11574,#11575,#11576);
#11578=PLANE('',#11577);
#11579=ORIENTED_EDGE('',*,*,#10865,.T.);
#11580=ORIENTED_EDGE('',*,*,#11208,.T.);
#11581=ORIENTED_EDGE('',*,*,#11401,.F.);
#11582=CARTESIAN_POINT('',(-3.850000000000003,5.496662954709576,1.117386E-015));
#11583=VERTEX_POINT('',#11582);
#11584=CARTESIAN_POINT('',(-3.850000000000002,5.496662954709576,5.551115E-016));
#11585=DIRECTION('',(0.0,1.0,0.0));
#11586=VECTOR('',#11585,0.003671851190422);
#11587=LINE('',#11584,#11586);
#11588=EDGE_CURVE('',#11583,#11388,#11587,.T.);
#11589=ORIENTED_EDGE('',*,*,#11588,.F.);
#11590=CARTESIAN_POINT('',(-3.850000000000002,5.496662954709576,6.200000000000001));
#11591=VERTEX_POINT('',#11590);
#11592=CARTESIAN_POINT('',(-3.850000000000002,5.496662954709576,6.200000000000001));
#11593=DIRECTION('',(0.0,0.0,-1.0));
#11594=VECTOR('',#11593,6.2);
#11595=LINE('',#11592,#11594);
#11596=EDGE_CURVE('',#11591,#11583,#11595,.T.);
#11597=ORIENTED_EDGE('',*,*,#11596,.F.);
#11598=CARTESIAN_POINT('',(-3.850000000000002,5.195826074310139,6.500000000000002));
#11599=VERTEX_POINT('',#11598);
#11600=CARTESIAN_POINT('',(-3.850000000000002,5.195826074310139,6.500000000000002));
#11601=CARTESIAN_POINT('',(-3.850000000000002,5.233006292561049,6.500000000000002));
#11602=CARTESIAN_POINT('',(-3.850000000000002,5.276769856704724,6.491318912541092));
#11603=CARTESIAN_POINT('',(-3.850000000000002,5.345411469812883,6.462931133764896));
#11604=CARTESIAN_POINT('',(-3.850000000000002,5.382450923419059,6.438230944314843));
#11605=CARTESIAN_POINT('',(-3.850000000000002,5.434910021496223,6.385846249744639));
#11606=CARTESIAN_POINT('',(-3.850000000000002,5.459629842127466,6.348912329837855));
#11607=CARTESIAN_POINT('',(-3.850000000000002,5.487989787293981,6.280530467055822));
#11608=CARTESIAN_POINT('',(-3.850000000000002,5.496662954709576,6.236993623505748));
#11609=CARTESIAN_POINT('',(-3.850000000000002,5.496662954709576,6.200000000000001));
#11610=B_SPLINE_CURVE_WITH_KNOTS('',3,(#11600,#11601,#11602,#11603,#11604,#11605,#11606,#11607,#11608,#11609),.UNSPECIFIED.,.F.,.U.,(4,2,2,2,4),(-0.044492885151295,-0.033338819676022,-0.022208847522214,-0.011098087051724,0.0),.UNSPECIFIED.);
#11611=EDGE_CURVE('',#11599,#11591,#11610,.T.);
#11612=ORIENTED_EDGE('',*,*,#11611,.F.);
#11613=CARTESIAN_POINT('',(-3.850000000000002,4.591607978309961,6.500000000000002));
#11614=DIRECTION('',(0.0,1.0,0.0));
#11615=VECTOR('',#11614,0.604218096000178);
#11616=LINE('',#11613,#11615);
#11617=EDGE_CURVE('',#10858,#11599,#11616,.T.);
#11618=ORIENTED_EDGE('',*,*,#11617,.F.);
#11619=EDGE_LOOP('',(#11579,#11580,#11581,#11589,#11597,#11612,#11618));
#11620=FACE_OUTER_BOUND('',#11619,.T.);
#11621=ADVANCED_FACE('',(#11620),#11578,.F.);
#11622=CARTESIAN_POINT('',(-3.750000000000004,3.999999999999999,6.938894E-016));
#11623=DIRECTION('',(0.0,0.0,-1.0));
#11624=DIRECTION('',(-1.0,0.0,0.0));
#11625=AXIS2_PLACEMENT_3D('',#11622,#11623,#11624);
#11626=PLANE('',#11625);
#11627=CARTESIAN_POINT('',(-1.850000000000002,3.999999999999999,5.551115E-016));
#11628=VERTEX_POINT('',#11627);
#11629=CARTESIAN_POINT('',(-3.750000000000002,3.999999999999999,8.326673E-016));
#11630=DIRECTION('',(0.0,0.0,1.0));
#11631=DIRECTION('',(-1.0,0.0,0.0));
#11632=AXIS2_PLACEMENT_3D('',#11629,#11630,#11631);
#11633=CIRCLE('',#11632,1.9);
#11634=EDGE_CURVE('',#11628,#11628,#11633,.T.);
#11635=ORIENTED_EDGE('',*,*,#11634,.T.);
#11636=EDGE_LOOP('',(#11635));
#11637=FACE_OUTER_BOUND('',#11636,.T.);
#11638=ORIENTED_EDGE('',*,*,#11093,.T.);
#11639=ORIENTED_EDGE('',*,*,#11295,.T.);
#11640=ORIENTED_EDGE('',*,*,#11163,.T.);
#11641=CARTESIAN_POINT('',(-3.750000000000002,3.999999999999999,6.938894E-016));
#11642=DIRECTION('',(0.0,0.0,-1.0));
#11643=DIRECTION('',(-1.0,0.0,0.0));
#11644=AXIS2_PLACEMENT_3D('',#11641,#11642,#11643);
#11645=CIRCLE('',#11644,1.5);
#11646=EDGE_CURVE('',#11150,#11525,#11645,.T.);
#11647=ORIENTED_EDGE('',*,*,#11646,.T.);
#11648=ORIENTED_EDGE('',*,*,#11530,.T.);
#11649=ORIENTED_EDGE('',*,*,#11316,.T.);
#11650=ORIENTED_EDGE('',*,*,#11375,.T.);
#11651=CARTESIAN_POINT('',(-3.750000000000002,3.999999999999999,6.938894E-016));
#11652=DIRECTION('',(0.0,0.0,-1.0));
#11653=DIRECTION('',(-1.0,0.0,0.0));
#11654=AXIS2_PLACEMENT_3D('',#11651,#11652,#11653);
#11655=CIRCLE('',#11654,1.5);
#11656=EDGE_CURVE('',#11364,#11583,#11655,.T.);
#11657=ORIENTED_EDGE('',*,*,#11656,.T.);
#11658=ORIENTED_EDGE('',*,*,#11588,.T.);
#11659=ORIENTED_EDGE('',*,*,#11395,.T.);
#11660=ORIENTED_EDGE('',*,*,#11454,.T.);
#11661=CARTESIAN_POINT('',(-3.750000000000002,3.999999999999999,6.938894E-016));
#11662=DIRECTION('',(0.0,0.0,-1.0));
#11663=DIRECTION('',(-1.0,0.0,0.0));
#11664=AXIS2_PLACEMENT_3D('',#11661,#11662,#11663);
#11665=CIRCLE('',#11664,1.5);
#11666=EDGE_CURVE('',#11443,#11477,#11665,.T.);
#11667=ORIENTED_EDGE('',*,*,#11666,.T.);
#11668=ORIENTED_EDGE('',*,*,#11482,.T.);
#11669=ORIENTED_EDGE('',*,*,#11566,.T.);
#11670=ORIENTED_EDGE('',*,*,#11021,.T.);
#11671=CARTESIAN_POINT('',(-3.750000000000002,3.999999999999999,6.938894E-016));
#11672=DIRECTION('',(0.0,0.0,-1.0));
#11673=DIRECTION('',(-1.0,0.0,0.0));
#11674=AXIS2_PLACEMENT_3D('',#11671,#11672,#11673);
#11675=CIRCLE('',#11674,1.5);
#11676=EDGE_CURVE('',#11008,#11088,#11675,.T.);
#11677=ORIENTED_EDGE('',*,*,#11676,.T.);
#11678=EDGE_LOOP('',(#11638,#11639,#11640,#11647,#11648,#11649,#11650,#11657,#11658,#11659,#11660,#11667,#11668,#11669,#11670,#11677));
#11679=FACE_BOUND('',#11678,.T.);
#11680=ADVANCED_FACE('',(#11637,#11679),#11626,.F.);
#11681=CARTESIAN_POINT('',(-3.750000000000002,3.999999999999999,9.356315E-016));
#11682=DIRECTION('',(1.281027E-016,0.0,1.0));
#11683=DIRECTION('',(-1.0,0.0,0.0));
#11684=AXIS2_PLACEMENT_3D('',#11681,#11682,#11683);
#11685=CYLINDRICAL_SURFACE('',#11684,1.5);
#11686=ORIENTED_EDGE('',*,*,#11369,.T.);
#11687=CARTESIAN_POINT('',(-3.750000000000002,3.999999999999999,6.200000000000001));
#11688=DIRECTION('',(0.0,0.0,1.0));
#11689=DIRECTION('',(-1.0,0.0,0.0));
#11690=AXIS2_PLACEMENT_3D('',#11687,#11688,#11689);
#11691=CIRCLE('',#11690,1.5);
#11692=EDGE_CURVE('',#11591,#11349,#11691,.T.);
#11693=ORIENTED_EDGE('',*,*,#11692,.F.);
#11694=ORIENTED_EDGE('',*,*,#11596,.T.);
#11695=ORIENTED_EDGE('',*,*,#11656,.F.);
#11696=EDGE_LOOP('',(#11686,#11693,#11694,#11695));
#11697=FACE_OUTER_BOUND('',#11696,.T.);
#11698=ADVANCED_FACE('',(#11697),#11685,.T.);
#11699=CARTESIAN_POINT('',(-3.750000000000002,3.999999999999999,9.356315E-016));
#11700=DIRECTION('',(1.281027E-016,0.0,1.0));
#11701=DIRECTION('',(-1.0,0.0,0.0));
#11702=AXIS2_PLACEMENT_3D('',#11699,#11700,#11701);
#11703=CYLINDRICAL_SURFACE('',#11702,1.5);
#11704=ORIENTED_EDGE('',*,*,#11490,.T.);
#11705=ORIENTED_EDGE('',*,*,#11666,.F.);
#11706=ORIENTED_EDGE('',*,*,#11448,.T.);
#11707=CARTESIAN_POINT('',(-3.750000000000002,3.999999999999999,6.200000000000001));
#11708=DIRECTION('',(0.0,0.0,1.0));
#11709=DIRECTION('',(-1.0,0.0,0.0));
#11710=AXIS2_PLACEMENT_3D('',#11707,#11708,#11709);
#11711=CIRCLE('',#11710,1.5);
#11712=EDGE_CURVE('',#11485,#11428,#11711,.T.);
#11713=ORIENTED_EDGE('',*,*,#11712,.F.);
#11714=EDGE_LOOP('',(#11704,#11705,#11706,#11713));
#11715=FACE_OUTER_BOUND('',#11714,.T.);
#11716=ADVANCED_FACE('',(#11715),#11703,.T.);
#11717=CARTESIAN_POINT('',(-3.750000000000002,3.999999999999999,9.356315E-016));
#11718=DIRECTION('',(1.281027E-016,0.0,1.0));
#11719=DIRECTION('',(-1.0,0.0,0.0));
#11720=AXIS2_PLACEMENT_3D('',#11717,#11718,#11719);
#11721=CYLINDRICAL_SURFACE('',#11720,1.5);
#11722=ORIENTED_EDGE('',*,*,#11155,.T.);
#11723=CARTESIAN_POINT('',(-3.750000000000002,3.999999999999999,6.200000000000001));
#11724=DIRECTION('',(0.0,0.0,1.0));
#11725=DIRECTION('',(-1.0,0.0,0.0));
#11726=AXIS2_PLACEMENT_3D('',#11723,#11724,#11725);
#11727=CIRCLE('',#11726,1.5);
#11728=EDGE_CURVE('',#11533,#11135,#11727,.T.);
#11729=ORIENTED_EDGE('',*,*,#11728,.F.);
#11730=ORIENTED_EDGE('',*,*,#11538,.T.);
#11731=ORIENTED_EDGE('',*,*,#11646,.F.);
#11732=EDGE_LOOP('',(#11722,#11729,#11730,#11731));
#11733=FACE_OUTER_BOUND('',#11732,.T.);
#11734=ADVANCED_FACE('',(#11733),#11721,.T.);
#11735=CARTESIAN_POINT('',(-3.750000000000002,3.999999999999998,6.500000000000002));
#11736=DIRECTION('',(0.0,0.0,-1.0));
#11737=DIRECTION('',(-1.0,0.0,0.0));
#11738=AXIS2_PLACEMENT_3D('',#11735,#11736,#11737);
#11739=PLANE('',#11738);
#11740=ORIENTED_EDGE('',*,*,#10874,.T.);
#11741=ORIENTED_EDGE('',*,*,#11617,.T.);
#11742=CARTESIAN_POINT('',(-3.750000000000002,3.999999999999999,6.500000000000002));
#11743=DIRECTION('',(0.0,0.0,-1.0));
#11744=DIRECTION('',(-1.0,0.0,0.0));
#11745=AXIS2_PLACEMENT_3D('',#11742,#11743,#11744);
#11746=CIRCLE('',#11745,1.200000000000001);
#11747=EDGE_CURVE('',#11341,#11599,#11746,.T.);
#11748=ORIENTED_EDGE('',*,*,#11747,.F.);
#11749=ORIENTED_EDGE('',*,*,#11346,.T.);
#11750=EDGE_LOOP('',(#11740,#11741,#11748,#11749));
#11751=FACE_OUTER_BOUND('',#11750,.T.);
#11752=ADVANCED_FACE('',(#11751),#11739,.F.);
#11753=CARTESIAN_POINT('',(-3.750000000000002,3.999999999999998,6.500000000000002));
#11754=DIRECTION('',(0.0,0.0,-1.0));
#11755=DIRECTION('',(-1.0,0.0,0.0));
#11756=AXIS2_PLACEMENT_3D('',#11753,#11754,#11755);
#11757=PLANE('',#11756);
#11758=ORIENTED_EDGE('',*,*,#10958,.T.);
#11759=ORIENTED_EDGE('',*,*,#11511,.T.);
#11760=CARTESIAN_POINT('',(-3.750000000000002,3.999999999999999,6.500000000000002));
#11761=DIRECTION('',(0.0,0.0,-1.0));
#11762=DIRECTION('',(-1.0,0.0,0.0));
#11763=AXIS2_PLACEMENT_3D('',#11760,#11761,#11762);
#11764=CIRCLE('',#11763,1.200000000000001);
#11765=EDGE_CURVE('',#11420,#11493,#11764,.T.);
#11766=ORIENTED_EDGE('',*,*,#11765,.F.);
#11767=ORIENTED_EDGE('',*,*,#11425,.T.);
#11768=EDGE_LOOP('',(#11758,#11759,#11766,#11767));
#11769=FACE_OUTER_BOUND('',#11768,.T.);
#11770=ADVANCED_FACE('',(#11769),#11757,.F.);
#11771=CARTESIAN_POINT('',(-3.750000000000002,3.999999999999999,6.200000000000001));
#11772=DIRECTION('',(1.432546E-016,0.0,1.0));
#11773=DIRECTION('',(1.0,0.0,0.0));
#11774=AXIS2_PLACEMENT_3D('',#11771,#11772,#11773);
#11775=TOROIDAL_SURFACE('',#11774,1.200000000000001,0.3);
#11776=ORIENTED_EDGE('',*,*,#11361,.T.);
#11777=ORIENTED_EDGE('',*,*,#11747,.T.);
#11778=ORIENTED_EDGE('',*,*,#11611,.T.);
#11779=ORIENTED_EDGE('',*,*,#11692,.T.);
#11780=EDGE_LOOP('',(#11776,#11777,#11778,#11779));
#11781=FACE_OUTER_BOUND('',#11780,.T.);
#11782=ADVANCED_FACE('',(#11781),#11775,.T.);
#11783=CARTESIAN_POINT('',(-3.750000000000002,3.999999999999999,6.200000000000001));
#11784=DIRECTION('',(1.432546E-016,0.0,1.0));
#11785=DIRECTION('',(1.0,0.0,0.0));
#11786=AXIS2_PLACEMENT_3D('',#11783,#11784,#11785);
#11787=TOROIDAL_SURFACE('',#11786,1.200000000000001,0.3);
#11788=ORIENTED_EDGE('',*,*,#11505,.T.);
#11789=ORIENTED_EDGE('',*,*,#11712,.T.);
#11790=ORIENTED_EDGE('',*,*,#11440,.T.);
#11791=ORIENTED_EDGE('',*,*,#11765,.T.);
#11792=EDGE_LOOP('',(#11788,#11789,#11790,#11791));
#11793=FACE_OUTER_BOUND('',#11792,.T.);
#11794=ADVANCED_FACE('',(#11793),#11787,.T.);
#11795=CARTESIAN_POINT('',(-3.750000000000002,3.999999999999999,6.200000000000001));
#11796=DIRECTION('',(1.432546E-016,0.0,1.0));
#11797=DIRECTION('',(1.0,0.0,0.0));
#11798=AXIS2_PLACEMENT_3D('',#11795,#11796,#11797);
#11799=TOROIDAL_SURFACE('',#11798,1.200000000000001,0.3);
#11800=ORIENTED_EDGE('',*,*,#11147,.T.);
#11801=ORIENTED_EDGE('',*,*,#11280,.T.);
#11802=ORIENTED_EDGE('',*,*,#11551,.T.);
#11803=ORIENTED_EDGE('',*,*,#11728,.T.);
#11804=EDGE_LOOP('',(#11800,#11801,#11802,#11803));
#11805=FACE_OUTER_BOUND('',#11804,.T.);
#11806=ADVANCED_FACE('',(#11805),#11799,.T.);
#11807=CARTESIAN_POINT('',(3.749999999999998,3.999999999999999,6.2));
#11808=DIRECTION('',(1.432546E-016,0.0,1.0));
#11809=DIRECTION('',(1.0,0.0,0.0));
#11810=AXIS2_PLACEMENT_3D('',#11807,#11808,#11809);
#11811=TOROIDAL_SURFACE('',#11810,1.2,0.3);
#11812=ORIENTED_EDGE('',*,*,#10456,.T.);
#11813=CARTESIAN_POINT('',(3.749999999999998,3.999999999999999,6.2));
#11814=DIRECTION('',(0.0,0.0,1.0));
#11815=DIRECTION('',(-1.0,0.0,0.0));
#11816=AXIS2_PLACEMENT_3D('',#11813,#11814,#11815);
#11817=CIRCLE('',#11816,1.5);
#11818=EDGE_CURVE('',#10436,#9981,#11817,.T.);
#11819=ORIENTED_EDGE('',*,*,#11818,.T.);
#11820=ORIENTED_EDGE('',*,*,#9993,.T.);
#11821=CARTESIAN_POINT('',(3.749999999999998,3.999999999999999,6.5));
#11822=DIRECTION('',(0.0,0.0,-1.0));
#11823=DIRECTION('',(-1.0,0.0,0.0));
#11824=AXIS2_PLACEMENT_3D('',#11821,#11822,#11823);
#11825=CIRCLE('',#11824,1.2);
#11826=EDGE_CURVE('',#9973,#10444,#11825,.T.);
#11827=ORIENTED_EDGE('',*,*,#11826,.T.);
#11828=EDGE_LOOP('',(#11812,#11819,#11820,#11827));
#11829=FACE_OUTER_BOUND('',#11828,.T.);
#11830=ADVANCED_FACE('',(#11829),#11811,.T.);
#11831=CARTESIAN_POINT('',(3.749999999999996,3.999999999999999,-1.387779E-016));
#11832=DIRECTION('',(1.708035E-016,0.0,1.0));
#11833=DIRECTION('',(-1.0,0.0,0.0));
#11834=AXIS2_PLACEMENT_3D('',#11831,#11832,#11833);
#11835=CYLINDRICAL_SURFACE('',#11834,1.5);
#11836=ORIENTED_EDGE('',*,*,#10441,.T.);
#11837=ORIENTED_EDGE('',*,*,#10661,.F.);
#11838=ORIENTED_EDGE('',*,*,#9999,.T.);
#11839=ORIENTED_EDGE('',*,*,#11818,.F.);
#11840=EDGE_LOOP('',(#11836,#11837,#11838,#11839));
#11841=FACE_OUTER_BOUND('',#11840,.T.);
#11842=ADVANCED_FACE('',(#11841),#11835,.T.);
#11843=CARTESIAN_POINT('',(3.749999999999998,4.0,6.5));
#11844=DIRECTION('',(0.0,0.0,-1.0));
#11845=DIRECTION('',(-1.0,0.0,0.0));
#11846=AXIS2_PLACEMENT_3D('',#11843,#11844,#11845);
#11847=PLANE('',#11846);
#11848=ORIENTED_EDGE('',*,*,#10462,.T.);
#11849=ORIENTED_EDGE('',*,*,#11826,.F.);
#11850=ORIENTED_EDGE('',*,*,#9978,.T.);
#11851=ORIENTED_EDGE('',*,*,#10197,.T.);
#11852=EDGE_LOOP('',(#11848,#11849,#11850,#11851));
#11853=FACE_OUTER_BOUND('',#11852,.T.);
#11854=ADVANCED_FACE('',(#11853),#11847,.F.);
#11855=CARTESIAN_POINT('',(-3.750000000000002,3.999999999999999,6.200000000000001));
#11856=DIRECTION('',(1.432546E-016,0.0,1.0));
#11857=DIRECTION('',(1.0,0.0,0.0));
#11858=AXIS2_PLACEMENT_3D('',#11855,#11856,#11857);
#11859=TOROIDAL_SURFACE('',#11858,1.200000000000001,0.3);
#11860=ORIENTED_EDGE('',*,*,#11114,.T.);
#11861=CARTESIAN_POINT('',(-3.750000000000002,3.999999999999999,6.200000000000001));
#11862=DIRECTION('',(0.0,0.0,1.0));
#11863=DIRECTION('',(-1.0,0.0,0.0));
#11864=AXIS2_PLACEMENT_3D('',#11861,#11862,#11863);
#11865=CIRCLE('',#11864,1.5);
#11866=EDGE_CURVE('',#11096,#10993,#11865,.T.);
#11867=ORIENTED_EDGE('',*,*,#11866,.T.);
#11868=ORIENTED_EDGE('',*,*,#11005,.T.);
#11869=ORIENTED_EDGE('',*,*,#11059,.T.);
#11870=EDGE_LOOP('',(#11860,#11867,#11868,#11869));
#11871=FACE_OUTER_BOUND('',#11870,.T.);
#11872=ADVANCED_FACE('',(#11871),#11859,.T.);
#11873=CARTESIAN_POINT('',(-3.750000000000002,3.999999999999999,9.356315E-016));
#11874=DIRECTION('',(1.281027E-016,0.0,1.0));
#11875=DIRECTION('',(-1.0,0.0,0.0));
#11876=AXIS2_PLACEMENT_3D('',#11873,#11874,#11875);
#11877=CYLINDRICAL_SURFACE('',#11876,1.5);
#11878=ORIENTED_EDGE('',*,*,#11101,.T.);
#11879=ORIENTED_EDGE('',*,*,#11676,.F.);
#11880=ORIENTED_EDGE('',*,*,#11013,.T.);
#11881=ORIENTED_EDGE('',*,*,#11866,.F.);
#11882=EDGE_LOOP('',(#11878,#11879,#11880,#11881));
#11883=FACE_OUTER_BOUND('',#11882,.T.);
#11884=ADVANCED_FACE('',(#11883),#11877,.T.);
#11885=CARTESIAN_POINT('',(-3.750000000000002,3.999999999999999,-0.999999999999999));
#11886=DIRECTION('',(2.775558E-016,0.0,1.0));
#11887=DIRECTION('',(-1.0,0.0,0.0));
#11888=AXIS2_PLACEMENT_3D('',#11885,#11886,#11887);
#11889=CYLINDRICAL_SURFACE('',#11888,1.9);
#11890=ORIENTED_EDGE('',*,*,#11634,.F.);
#11891=EDGE_LOOP('',(#11890));
#11892=FACE_OUTER_BOUND('',#11891,.T.);
#11893=CARTESIAN_POINT('',(-1.850000000000002,3.999999999999999,-1.0));
#11894=VERTEX_POINT('',#11893);
#11895=CARTESIAN_POINT('',(-3.750000000000002,3.999999999999999,-0.999999999999999));
#11896=DIRECTION('',(0.0,0.0,-1.0));
#11897=DIRECTION('',(-1.0,0.0,0.0));
#11898=AXIS2_PLACEMENT_3D('',#11895,#11896,#11897);
#11899=CIRCLE('',#11898,1.9);
#11900=EDGE_CURVE('',#11894,#11894,#11899,.T.);
#11901=ORIENTED_EDGE('',*,*,#11900,.F.);
#11902=EDGE_LOOP('',(#11901));
#11903=FACE_BOUND('',#11902,.T.);
#11904=ADVANCED_FACE('',(#11892,#11903),#11889,.T.);
#11905=CARTESIAN_POINT('',(3.749999999999996,3.999999999999999,-1.0));
#11906=DIRECTION('',(0.0,0.0,1.0));
#11907=DIRECTION('',(-1.0,0.0,0.0));
#11908=AXIS2_PLACEMENT_3D('',#11905,#11906,#11907);
#11909=CYLINDRICAL_SURFACE('',#11908,2.04794391399425);
#11910=ORIENTED_EDGE('',*,*,#10619,.F.);
#11911=EDGE_LOOP('',(#11910));
#11912=FACE_OUTER_BOUND('',#11911,.T.);
#11913=CARTESIAN_POINT('',(5.797943913994247,3.999999999999999,-1.000000000000001));
#11914=VERTEX_POINT('',#11913);
#11915=CARTESIAN_POINT('',(3.749999999999996,3.999999999999999,-1.0));
#11916=DIRECTION('',(0.0,0.0,-1.0));
#11917=DIRECTION('',(-1.0,0.0,0.0));
#11918=AXIS2_PLACEMENT_3D('',#11915,#11916,#11917);
#11919=CIRCLE('',#11918,2.04794391399425);
#11920=EDGE_CURVE('',#11914,#11914,#11919,.T.);
#11921=ORIENTED_EDGE('',*,*,#11920,.F.);
#11922=EDGE_LOOP('',(#11921));
#11923=FACE_BOUND('',#11922,.T.);
#11924=ADVANCED_FACE('',(#11912,#11923),#11909,.T.);
#11925=CARTESIAN_POINT('',(7.049999999999999,2.152545839109013,6.3));
#11926=DIRECTION('',(1.0,0.0,0.0));
#11927=DIRECTION('',(0.0,-1.0,0.0));
#11928=AXIS2_PLACEMENT_3D('',#11925,#11926,#11927);
#11929=PLANE('',#11928);
#11930=CARTESIAN_POINT('',(7.049999999999999,2.152545839109013,6.3));
#11931=VERTEX_POINT('',#11930);
#11932=CARTESIAN_POINT('',(7.049999999999999,2.152545839109013,6.3));
#11933=DIRECTION('',(0.0,-1.0,0.0));
#11934=VECTOR('',#11933,2.152545839109013);
#11935=LINE('',#11932,#11934);
#11936=EDGE_CURVE('',#11931,#8616,#11935,.T.);
#11937=ORIENTED_EDGE('',*,*,#11936,.F.);
#11938=CARTESIAN_POINT('',(7.049999999999997,2.152545839109013,-1.2));
#11939=VERTEX_POINT('',#11938);
#11940=CARTESIAN_POINT('',(7.049999999999999,2.152545839109013,6.3));
#11941=DIRECTION('',(0.0,0.0,-1.0));
#11942=VECTOR('',#11941,7.5);
#11943=LINE('',#11940,#11942);
#11944=EDGE_CURVE('',#11931,#11939,#11943,.T.);
#11945=ORIENTED_EDGE('',*,*,#11944,.T.);
#11946=CARTESIAN_POINT('',(7.049999999999997,2.152545839109013,-1.2));
#11947=DIRECTION('',(0.0,-1.0,0.0));
#11948=VECTOR('',#11947,2.152545839109013);
#11949=LINE('',#11946,#11948);
#11950=EDGE_CURVE('',#11939,#8807,#11949,.T.);
#11951=ORIENTED_EDGE('',*,*,#11950,.T.);
#11952=ORIENTED_EDGE('',*,*,#8812,.F.);
#11953=EDGE_LOOP('',(#11937,#11945,#11951,#11952));
#11954=FACE_OUTER_BOUND('',#11953,.T.);
#11955=ADVANCED_FACE('',(#11954),#11929,.F.);
#11956=CARTESIAN_POINT('',(4.897454160890986,0.0,6.3));
#11957=DIRECTION('',(-0.707106781186548,0.707106781186547,1.046728E-016));
#11958=DIRECTION('',(0.707106781186547,0.707106781186548,-1.012963E-016));
#11959=AXIS2_PLACEMENT_3D('',#11956,#11957,#11958);
#11960=PLANE('',#11959);
#11961=CARTESIAN_POINT('',(4.897454160890986,0.0,6.3));
#11962=DIRECTION('',(0.707106781186548,0.707106781186548,0.0));
#11963=VECTOR('',#11962,3.04415951929774);
#11964=LINE('',#11961,#11963);
#11965=EDGE_CURVE('',#8823,#11931,#11964,.T.);
#11966=ORIENTED_EDGE('',*,*,#11965,.F.);
#11967=ORIENTED_EDGE('',*,*,#8828,.F.);
#11968=CARTESIAN_POINT('',(4.897454160890985,0.0,-1.2));
#11969=DIRECTION('',(0.707106781186548,0.707106781186548,-7.294119E-017));
#11970=VECTOR('',#11969,3.04415951929774);
#11971=LINE('',#11968,#11970);
#11972=EDGE_CURVE('',#8815,#11939,#11971,.T.);
#11973=ORIENTED_EDGE('',*,*,#11972,.T.);
#11974=ORIENTED_EDGE('',*,*,#11944,.F.);
#11975=EDGE_LOOP('',(#11966,#11967,#11973,#11974));
#11976=FACE_OUTER_BOUND('',#11975,.T.);
#11977=ADVANCED_FACE('',(#11976),#11960,.F.);
#11978=CARTESIAN_POINT('',(6.288960120175564,0.761039879824435,-1.2));
#11979=DIRECTION('',(0.0,0.0,1.0));
#11980=DIRECTION('',(1.0,0.0,0.0));
#11981=AXIS2_PLACEMENT_3D('',#11978,#11979,#11980);
#11982=PLANE('',#11981);
#11983=ORIENTED_EDGE('',*,*,#8820,.F.);
#11984=ORIENTED_EDGE('',*,*,#11950,.F.);
#11985=ORIENTED_EDGE('',*,*,#11972,.F.);
#11986=EDGE_LOOP('',(#11983,#11984,#11985));
#11987=FACE_OUTER_BOUND('',#11986,.T.);
#11988=ADVANCED_FACE('',(#11987),#11982,.T.);
#11989=CARTESIAN_POINT('',(6.288960120175565,0.761039879824435,6.3));
#11990=DIRECTION('',(0.0,0.0,1.0));
#11991=DIRECTION('',(1.0,0.0,0.0));
#11992=AXIS2_PLACEMENT_3D('',#11989,#11990,#11991);
#11993=PLANE('',#11992);
#11994=ORIENTED_EDGE('',*,*,#8834,.F.);
#11995=ORIENTED_EDGE('',*,*,#11965,.T.);
#11996=ORIENTED_EDGE('',*,*,#11936,.T.);
#11997=EDGE_LOOP('',(#11994,#11995,#11996));
#11998=FACE_OUTER_BOUND('',#11997,.T.);
#11999=ADVANCED_FACE('',(#11998),#11993,.F.);
#12000=CARTESIAN_POINT('',(-0.616025403784438,0.175,6.500000000000002));
#12001=DIRECTION('',(-0.965925826289068,0.0,0.258819045102521));
#12002=DIRECTION('',(0.258819045102521,0.0,0.965925826289068));
#12003=AXIS2_PLACEMENT_3D('',#12000,#12001,#12002);
#12004=PLANE('',#12003);
#12005=CARTESIAN_POINT('',(-0.482050807568877,1.350000000000001,7.0));
#12006=VERTEX_POINT('',#12005);
#12007=CARTESIAN_POINT('',(-0.75,1.350000000000001,6.000000000000001));
#12008=VERTEX_POINT('',#12007);
#12009=CARTESIAN_POINT('',(-0.482050807568877,1.350000000000001,7.0));
#12010=DIRECTION('',(-0.258819045102521,0.0,-0.965925826289068));
#12011=VECTOR('',#12010,1.035276180410082);
#12012=LINE('',#12009,#12011);
#12013=EDGE_CURVE('',#12006,#12008,#12012,.T.);
#12014=ORIENTED_EDGE('',*,*,#12013,.T.);
#12015=CARTESIAN_POINT('',(-0.75,0.350000000000001,6.000000000000001));
#12016=VERTEX_POINT('',#12015);
#12017=CARTESIAN_POINT('',(-0.75,1.350000000000001,6.000000000000001));
#12018=DIRECTION('',(0.0,-1.0,0.0));
#12019=VECTOR('',#12018,1.0);
#12020=LINE('',#12017,#12019);
#12021=EDGE_CURVE('',#12008,#12016,#12020,.T.);
#12022=ORIENTED_EDGE('',*,*,#12021,.T.);
#12023=CARTESIAN_POINT('',(-0.482050807568877,0.350000000000001,7.000000000000001));
#12024=VERTEX_POINT('',#12023);
#12025=CARTESIAN_POINT('',(-0.482050807568878,0.350000000000001,7.000000000000001));
#12026=DIRECTION('',(-0.258819045102521,0.0,-0.965925826289068));
#12027=VECTOR('',#12026,1.035276180410083);
#12028=LINE('',#12025,#12027);
#12029=EDGE_CURVE('',#12016,#12024,#12028,.F.);
#12030=ORIENTED_EDGE('',*,*,#12029,.T.);
#12031=CARTESIAN_POINT('',(-0.482050807568877,0.350000000000001,7.000000000000001));
#12032=DIRECTION('',(0.0,1.0,0.0));
#12033=VECTOR('',#12032,1.0);
#12034=LINE('',#12031,#12033);
#12035=EDGE_CURVE('',#12024,#12006,#12034,.T.);
#12036=ORIENTED_EDGE('',*,*,#12035,.T.);
#12037=EDGE_LOOP('',(#12014,#12022,#12030,#12036));
#12038=FACE_OUTER_BOUND('',#12037,.T.);
#12039=ADVANCED_FACE('',(#12038),#12004,.T.);
#12040=CARTESIAN_POINT('',(-0.75,0.350000000000001,1.000000000000001));
#12041=DIRECTION('',(-1.0,0.0,0.0));
#12042=DIRECTION('',(0.0,0.0,1.0));
#12043=AXIS2_PLACEMENT_3D('',#12040,#12041,#12042);
#12044=PLANE('',#12043);
#12045=ORIENTED_EDGE('',*,*,#12021,.F.);
#12046=CARTESIAN_POINT('',(-0.750000000000001,1.350000000000001,-1.0));
#12047=VERTEX_POINT('',#12046);
#12048=CARTESIAN_POINT('',(-0.750000000000001,1.350000000000001,-1.0));
#12049=DIRECTION('',(0.0,0.0,1.0));
#12050=VECTOR('',#12049,7.000000000000001);
#12051=LINE('',#12048,#12050);
#12052=EDGE_CURVE('',#12047,#12008,#12051,.T.);
#12053=ORIENTED_EDGE('',*,*,#12052,.F.);
#12054=CARTESIAN_POINT('',(-0.750000000000001,0.350000000000001,-1.0));
#12055=VERTEX_POINT('',#12054);
#12056=CARTESIAN_POINT('',(-0.750000000000001,0.350000000000001,-1.0));
#12057=DIRECTION('',(0.0,1.0,0.0));
#12058=VECTOR('',#12057,1.0);
#12059=LINE('',#12056,#12058);
#12060=EDGE_CURVE('',#12055,#12047,#12059,.T.);
#12061=ORIENTED_EDGE('',*,*,#12060,.F.);
#12062=CARTESIAN_POINT('',(-0.75,0.350000000000001,6.000000000000001));
#12063=DIRECTION('',(0.0,0.0,-1.0));
#12064=VECTOR('',#12063,7.0);
#12065=LINE('',#12062,#12064);
#12066=EDGE_CURVE('',#12016,#12055,#12065,.T.);
#12067=ORIENTED_EDGE('',*,*,#12066,.F.);
#12068=EDGE_LOOP('',(#12045,#12053,#12061,#12067));
#12069=FACE_OUTER_BOUND('',#12068,.T.);
#12070=ADVANCED_FACE('',(#12069),#12044,.T.);
#12071=CARTESIAN_POINT('',(5.204170E-016,1.350000000000001,4.000000000000001));
#12072=DIRECTION('',(0.0,1.0,0.0));
#12073=DIRECTION('',(0.0,0.0,1.0));
#12074=AXIS2_PLACEMENT_3D('',#12071,#12072,#12073);
#12075=PLANE('',#12074);
#12076=ORIENTED_EDGE('',*,*,#12013,.F.);
#12077=CARTESIAN_POINT('',(0.482050807568879,1.350000000000001,7.0));
#12078=VERTEX_POINT('',#12077);
#12079=CARTESIAN_POINT('',(-0.482050807568877,1.350000000000001,7.0));
#12080=DIRECTION('',(1.0,0.0,0.0));
#12081=VECTOR('',#12080,0.964101615137756);
#12082=LINE('',#12079,#12081);
#12083=EDGE_CURVE('',#12006,#12078,#12082,.T.);
#12084=ORIENTED_EDGE('',*,*,#12083,.T.);
#12085=CARTESIAN_POINT('',(0.750000000000001,1.350000000000001,6.0));
#12086=VERTEX_POINT('',#12085);
#12087=CARTESIAN_POINT('',(0.750000000000001,1.350000000000001,6.0));
#12088=DIRECTION('',(-0.25881904510252,0.0,0.965925826289069));
#12089=VECTOR('',#12088,1.035276180410082);
#12090=LINE('',#12087,#12089);
#12091=EDGE_CURVE('',#12086,#12078,#12090,.T.);
#12092=ORIENTED_EDGE('',*,*,#12091,.F.);
#12093=CARTESIAN_POINT('',(0.750000000000001,1.350000000000001,-1.0));
#12094=VERTEX_POINT('',#12093);
#12095=CARTESIAN_POINT('',(0.750000000000001,1.350000000000001,6.0));
#12096=DIRECTION('',(0.0,0.0,-1.0));
#12097=VECTOR('',#12096,6.999999999999999);
#12098=LINE('',#12095,#12097);
#12099=EDGE_CURVE('',#12086,#12094,#12098,.T.);
#12100=ORIENTED_EDGE('',*,*,#12099,.T.);
#12101=CARTESIAN_POINT('',(-0.750000000000001,1.350000000000001,-0.999999999999999));
#12102=DIRECTION('',(1.0,0.0,0.0));
#12103=VECTOR('',#12102,1.500000000000001);
#12104=LINE('',#12101,#12103);
#12105=EDGE_CURVE('',#12047,#12094,#12104,.T.);
#12106=ORIENTED_EDGE('',*,*,#12105,.F.);
#12107=ORIENTED_EDGE('',*,*,#12052,.T.);
#12108=EDGE_LOOP('',(#12076,#12084,#12092,#12100,#12106,#12107));
#12109=FACE_OUTER_BOUND('',#12108,.T.);
#12110=ADVANCED_FACE('',(#12109),#12075,.T.);
#12111=CARTESIAN_POINT('',(0.61602540378444,0.175,6.5));
#12112=DIRECTION('',(0.965925826289068,0.0,0.25881904510252));
#12113=DIRECTION('',(0.25881904510252,0.0,-0.965925826289068));
#12114=AXIS2_PLACEMENT_3D('',#12111,#12112,#12113);
#12115=PLANE('',#12114);
#12116=ORIENTED_EDGE('',*,*,#12091,.T.);
#12117=CARTESIAN_POINT('',(0.482050807568879,0.350000000000001,7.000000000000001));
#12118=VERTEX_POINT('',#12117);
#12119=CARTESIAN_POINT('',(0.482050807568879,1.350000000000001,7.000000000000001));
#12120=DIRECTION('',(0.0,-1.0,0.0));
#12121=VECTOR('',#12120,1.0);
#12122=LINE('',#12119,#12121);
#12123=EDGE_CURVE('',#12078,#12118,#12122,.T.);
#12124=ORIENTED_EDGE('',*,*,#12123,.T.);
#12125=CARTESIAN_POINT('',(0.750000000000002,0.350000000000001,6.0));
#12126=VERTEX_POINT('',#12125);
#12127=CARTESIAN_POINT('',(0.750000000000002,0.350000000000001,6.0));
#12128=DIRECTION('',(-0.25881904510252,0.0,0.965925826289068));
#12129=VECTOR('',#12128,1.035276180410084);
#12130=LINE('',#12127,#12129);
#12131=EDGE_CURVE('',#12118,#12126,#12130,.F.);
#12132=ORIENTED_EDGE('',*,*,#12131,.T.);
#12133=CARTESIAN_POINT('',(0.750000000000001,0.350000000000001,6.0));
#12134=DIRECTION('',(0.0,1.0,0.0));
#12135=VECTOR('',#12134,1.0);
#12136=LINE('',#12133,#12135);
#12137=EDGE_CURVE('',#12126,#12086,#12136,.T.);
#12138=ORIENTED_EDGE('',*,*,#12137,.T.);
#12139=EDGE_LOOP('',(#12116,#12124,#12132,#12138));
#12140=FACE_OUTER_BOUND('',#12139,.T.);
#12141=ADVANCED_FACE('',(#12140),#12115,.T.);
#12142=CARTESIAN_POINT('',(0.750000000000002,0.350000000000001,7.0));
#12143=DIRECTION('',(1.0,0.0,0.0));
#12144=DIRECTION('',(0.0,0.0,-1.0));
#12145=AXIS2_PLACEMENT_3D('',#12142,#12143,#12144);
#12146=PLANE('',#12145);
#12147=ORIENTED_EDGE('',*,*,#12137,.F.);
#12148=CARTESIAN_POINT('',(0.750000000000001,0.350000000000001,-1.0));
#12149=VERTEX_POINT('',#12148);
#12150=CARTESIAN_POINT('',(0.750000000000001,0.350000000000001,-0.999999999999999));
#12151=DIRECTION('',(0.0,0.0,1.0));
#12152=VECTOR('',#12151,6.999999999999999);
#12153=LINE('',#12150,#12152);
#12154=EDGE_CURVE('',#12149,#12126,#12153,.T.);
#12155=ORIENTED_EDGE('',*,*,#12154,.F.);
#12156=CARTESIAN_POINT('',(0.75,1.350000000000001,-1.0));
#12157=DIRECTION('',(0.0,-1.0,0.0));
#12158=VECTOR('',#12157,1.0);
#12159=LINE('',#12156,#12158);
#12160=EDGE_CURVE('',#12094,#12149,#12159,.T.);
#12161=ORIENTED_EDGE('',*,*,#12160,.F.);
#12162=ORIENTED_EDGE('',*,*,#12099,.F.);
#12163=EDGE_LOOP('',(#12147,#12155,#12161,#12162));
#12164=FACE_OUTER_BOUND('',#12163,.T.);
#12165=ADVANCED_FACE('',(#12164),#12146,.T.);
#12166=CARTESIAN_POINT('',(7.250000000000007,0.350000000000001,7.0));
#12167=DIRECTION('',(0.0,-1.0,0.0));
#12168=DIRECTION('',(-1.0,0.0,0.0));
#12169=AXIS2_PLACEMENT_3D('',#12166,#12167,#12168);
#12170=PLANE('',#12169);
#12171=ORIENTED_EDGE('',*,*,#12066,.T.);
#12172=CARTESIAN_POINT('',(-7.25,0.350000000000001,-0.999999999999999));
#12173=VERTEX_POINT('',#12172);
#12174=CARTESIAN_POINT('',(-0.750000000000001,0.350000000000001,-1.0));
#12175=DIRECTION('',(-1.0,0.0,0.0));
#12176=VECTOR('',#12175,6.499999999999999);
#12177=LINE('',#12174,#12176);
#12178=EDGE_CURVE('',#12055,#12173,#12177,.T.);
#12179=ORIENTED_EDGE('',*,*,#12178,.T.);
#12180=CARTESIAN_POINT('',(-7.249999999999998,0.350000000000001,7.000000000000002));
#12181=VERTEX_POINT('',#12180);
#12182=CARTESIAN_POINT('',(-7.249999999999998,0.350000000000001,7.000000000000002));
#12183=DIRECTION('',(0.0,0.0,-1.0));
#12184=VECTOR('',#12183,8.0);
#12185=LINE('',#12182,#12184);
#12186=EDGE_CURVE('',#12181,#12173,#12185,.T.);
#12187=ORIENTED_EDGE('',*,*,#12186,.F.);
#12188=CARTESIAN_POINT('',(-0.482050807568877,0.350000000000001,7.000000000000001));
#12189=DIRECTION('',(-1.0,0.0,0.0));
#12190=VECTOR('',#12189,6.767949192431122);
#12191=LINE('',#12188,#12190);
#12192=EDGE_CURVE('',#12024,#12181,#12191,.T.);
#12193=ORIENTED_EDGE('',*,*,#12192,.F.);
#12194=ORIENTED_EDGE('',*,*,#12029,.F.);
#12195=EDGE_LOOP('',(#12171,#12179,#12187,#12193,#12194));
#12196=FACE_OUTER_BOUND('',#12195,.T.);
#12197=ADVANCED_FACE('',(#12196),#12170,.F.);
#12198=CARTESIAN_POINT('',(6.050000000000008,1.550000000000001,7.0));
#12199=DIRECTION('',(-0.707106781186548,0.707106781186547,9.813078E-017));
#12200=DIRECTION('',(0.0,0.0,1.0));
#12201=AXIS2_PLACEMENT_3D('',#12198,#12199,#12200);
#12202=PLANE('',#12201);
#12203=CARTESIAN_POINT('',(4.850000000000009,0.350000000000001,-1.0));
#12204=VERTEX_POINT('',#12203);
#12205=CARTESIAN_POINT('',(7.250000000000005,2.75,-1.000000000000001));
#12206=VERTEX_POINT('',#12205);
#12207=CARTESIAN_POINT('',(4.850000000000008,0.350000000000002,-1.0));
#12208=DIRECTION('',(0.707106781186547,0.707106781186548,-6.542052E-017));
#12209=VECTOR('',#12208,3.394112549695425);
#12210=LINE('',#12207,#12209);
#12211=EDGE_CURVE('',#12204,#12206,#12210,.T.);
#12212=ORIENTED_EDGE('',*,*,#12211,.F.);
#12213=CARTESIAN_POINT('',(4.850000000000008,0.350000000000001,7.0));
#12214=VERTEX_POINT('',#12213);
#12215=CARTESIAN_POINT('',(4.850000000000008,0.350000000000001,-1.0));
#12216=DIRECTION('',(0.0,0.0,1.0));
#12217=VECTOR('',#12216,8.0);
#12218=LINE('',#12215,#12217);
#12219=EDGE_CURVE('',#12204,#12214,#12218,.T.);
#12220=ORIENTED_EDGE('',*,*,#12219,.T.);
#12221=CARTESIAN_POINT('',(7.250000000000006,2.75,7.0));
#12222=VERTEX_POINT('',#12221);
#12223=CARTESIAN_POINT('',(4.850000000000008,0.350000000000001,7.000000000000001));
#12224=DIRECTION('',(0.707106781186547,0.707106781186548,-2.616821E-016));
#12225=VECTOR('',#12224,3.394112549695426);
#12226=LINE('',#12223,#12225);
#12227=EDGE_CURVE('',#12214,#12222,#12226,.T.);
#12228=ORIENTED_EDGE('',*,*,#12227,.T.);
#12229=CARTESIAN_POINT('',(7.250000000000006,2.75,7.0));
#12230=DIRECTION('',(0.0,0.0,-1.0));
#12231=VECTOR('',#12230,8.0);
#12232=LINE('',#12229,#12231);
#12233=EDGE_CURVE('',#12222,#12206,#12232,.T.);
#12234=ORIENTED_EDGE('',*,*,#12233,.T.);
#12235=EDGE_LOOP('',(#12212,#12220,#12228,#12234));
#12236=FACE_OUTER_BOUND('',#12235,.T.);
#12237=ADVANCED_FACE('',(#12236),#12202,.T.);
#12238=CARTESIAN_POINT('',(2.136415E-015,3.999999999999999,-1.0));
#12239=DIRECTION('',(0.0,0.0,1.0));
#12240=DIRECTION('',(1.0,0.0,0.0));
#12241=AXIS2_PLACEMENT_3D('',#12238,#12239,#12240);
#12242=PLANE('',#12241);
#12243=ORIENTED_EDGE('',*,*,#12160,.T.);
#12244=CARTESIAN_POINT('',(4.850000000000009,0.350000000000001,-1.0));
#12245=DIRECTION('',(-1.0,0.0,0.0));
#12246=VECTOR('',#12245,4.100000000000009);
#12247=LINE('',#12244,#12246);
#12248=EDGE_CURVE('',#12204,#12149,#12247,.T.);
#12249=ORIENTED_EDGE('',*,*,#12248,.F.);
#12250=ORIENTED_EDGE('',*,*,#12211,.T.);
#12251=CARTESIAN_POINT('',(7.250000000000004,5.249999999999999,-1.000000000000001));
#12252=VERTEX_POINT('',#12251);
#12253=CARTESIAN_POINT('',(7.250000000000004,5.249999999999999,-1.000000000000001));
#12254=DIRECTION('',(0.0,-1.0,0.0));
#12255=VECTOR('',#12254,2.499999999999999);
#12256=LINE('',#12253,#12255);
#12257=EDGE_CURVE('',#12252,#12206,#12256,.T.);
#12258=ORIENTED_EDGE('',*,*,#12257,.F.);
#12259=CARTESIAN_POINT('',(4.850000000000002,7.649999999999999,-1.000000000000001));
#12260=VERTEX_POINT('',#12259);
#12261=CARTESIAN_POINT('',(7.250000000000003,5.25,-1.0));
#12262=DIRECTION('',(-0.707106781186548,0.707106781186547,6.542052E-017));
#12263=VECTOR('',#12262,3.394112549695428);
#12264=LINE('',#12261,#12263);
#12265=EDGE_CURVE('',#12252,#12260,#12264,.T.);
#12266=ORIENTED_EDGE('',*,*,#12265,.T.);
#12267=CARTESIAN_POINT('',(-7.250000000000002,7.649999999999997,-0.999999999999999));
#12268=VERTEX_POINT('',#12267);
#12269=CARTESIAN_POINT('',(-7.250000000000002,7.649999999999997,-0.999999999999999));
#12270=DIRECTION('',(1.0,0.0,0.0));
#12271=VECTOR('',#12270,12.100000000000005);
#12272=LINE('',#12269,#12271);
#12273=EDGE_CURVE('',#12268,#12260,#12272,.T.);
#12274=ORIENTED_EDGE('',*,*,#12273,.F.);
#12275=CARTESIAN_POINT('',(-7.25,0.350000000000001,-0.999999999999999));
#12276=DIRECTION('',(0.0,1.0,0.0));
#12277=VECTOR('',#12276,7.299999999999995);
#12278=LINE('',#12275,#12277);
#12279=EDGE_CURVE('',#12173,#12268,#12278,.T.);
#12280=ORIENTED_EDGE('',*,*,#12279,.F.);
#12281=ORIENTED_EDGE('',*,*,#12178,.F.);
#12282=ORIENTED_EDGE('',*,*,#12060,.T.);
#12283=ORIENTED_EDGE('',*,*,#12105,.T.);
#12284=EDGE_LOOP('',(#12243,#12249,#12250,#12258,#12266,#12274,#12280,#12281,#12282,#12283));
#12285=FACE_OUTER_BOUND('',#12284,.T.);
#12286=ORIENTED_EDGE('',*,*,#9705,.T.);
#12287=ORIENTED_EDGE('',*,*,#9806,.T.);
#12288=ORIENTED_EDGE('',*,*,#9776,.T.);
#12289=ORIENTED_EDGE('',*,*,#9744,.T.);
#12290=EDGE_LOOP('',(#12286,#12287,#12288,#12289));
#12291=FACE_BOUND('',#12290,.T.);
#12292=ORIENTED_EDGE('',*,*,#11900,.T.);
#12293=EDGE_LOOP('',(#12292));
#12294=FACE_BOUND('',#12293,.T.);
#12295=ORIENTED_EDGE('',*,*,#11920,.T.);
#12296=EDGE_LOOP('',(#12295));
#12297=FACE_BOUND('',#12296,.T.);
#12298=ADVANCED_FACE('',(#12285,#12291,#12294,#12297),#12242,.T.);
#12299=CARTESIAN_POINT('',(7.250000000000004,7.649999999999999,7.0));
#12300=DIRECTION('',(1.0,0.0,0.0));
#12301=DIRECTION('',(0.0,-1.0,0.0));
#12302=AXIS2_PLACEMENT_3D('',#12299,#12300,#12301);
#12303=PLANE('',#12302);
#12304=ORIENTED_EDGE('',*,*,#12233,.F.);
#12305=CARTESIAN_POINT('',(7.250000000000004,5.249999999999999,7.0));
#12306=VERTEX_POINT('',#12305);
#12307=CARTESIAN_POINT('',(7.250000000000004,5.249999999999999,7.0));
#12308=DIRECTION('',(0.0,-1.0,0.0));
#12309=VECTOR('',#12308,2.499999999999999);
#12310=LINE('',#12307,#12309);
#12311=EDGE_CURVE('',#12306,#12222,#12310,.T.);
#12312=ORIENTED_EDGE('',*,*,#12311,.F.);
#12313=CARTESIAN_POINT('',(7.250000000000004,5.249999999999999,-1.0));
#12314=DIRECTION('',(0.0,0.0,1.0));
#12315=VECTOR('',#12314,8.0);
#12316=LINE('',#12313,#12315);
#12317=EDGE_CURVE('',#12252,#12306,#12316,.T.);
#12318=ORIENTED_EDGE('',*,*,#12317,.F.);
#12319=ORIENTED_EDGE('',*,*,#12257,.T.);
#12320=EDGE_LOOP('',(#12304,#12312,#12318,#12319));
#12321=FACE_OUTER_BOUND('',#12320,.T.);
#12322=ADVANCED_FACE('',(#12321),#12303,.F.);
#12323=CARTESIAN_POINT('',(6.050000000000004,6.449999999999999,7.0));
#12324=DIRECTION('',(-0.707106781186547,-0.707106781186548,9.813078E-017));
#12325=DIRECTION('',(0.0,0.0,1.0));
#12326=AXIS2_PLACEMENT_3D('',#12323,#12324,#12325);
#12327=PLANE('',#12326);
#12328=ORIENTED_EDGE('',*,*,#12265,.F.);
#12329=ORIENTED_EDGE('',*,*,#12317,.T.);
#12330=CARTESIAN_POINT('',(4.850000000000003,7.649999999999999,7.0));
#12331=VERTEX_POINT('',#12330);
#12332=CARTESIAN_POINT('',(7.250000000000004,5.25,7.0));
#12333=DIRECTION('',(-0.707106781186548,0.707106781186548,0.0));
#12334=VECTOR('',#12333,3.394112549695429);
#12335=LINE('',#12332,#12334);
#12336=EDGE_CURVE('',#12306,#12331,#12335,.T.);
#12337=ORIENTED_EDGE('',*,*,#12336,.T.);
#12338=CARTESIAN_POINT('',(4.850000000000004,7.649999999999999,7.0));
#12339=DIRECTION('',(0.0,0.0,-1.0));
#12340=VECTOR('',#12339,8.0);
#12341=LINE('',#12338,#12340);
#12342=EDGE_CURVE('',#12331,#12260,#12341,.T.);
#12343=ORIENTED_EDGE('',*,*,#12342,.T.);
#12344=EDGE_LOOP('',(#12328,#12329,#12337,#12343));
#12345=FACE_OUTER_BOUND('',#12344,.T.);
#12346=ADVANCED_FACE('',(#12345),#12327,.T.);
#12347=CARTESIAN_POINT('',(-7.250000000000001,7.649999999999997,7.000000000000002));
#12348=DIRECTION('',(0.0,1.0,0.0));
#12349=DIRECTION('',(1.0,0.0,0.0));
#12350=AXIS2_PLACEMENT_3D('',#12347,#12348,#12349);
#12351=PLANE('',#12350);
#12352=ORIENTED_EDGE('',*,*,#12342,.F.);
#12353=CARTESIAN_POINT('',(-7.250000000000001,7.649999999999997,7.000000000000002));
#12354=VERTEX_POINT('',#12353);
#12355=CARTESIAN_POINT('',(-7.25,7.649999999999997,7.000000000000002));
#12356=DIRECTION('',(1.0,0.0,0.0));
#12357=VECTOR('',#12356,12.100000000000003);
#12358=LINE('',#12355,#12357);
#12359=EDGE_CURVE('',#12354,#12331,#12358,.T.);
#12360=ORIENTED_EDGE('',*,*,#12359,.F.);
#12361=CARTESIAN_POINT('',(-7.250000000000001,7.649999999999997,7.000000000000002));
#12362=DIRECTION('',(0.0,0.0,-1.0));
#12363=VECTOR('',#12362,8.0);
#12364=LINE('',#12361,#12363);
#12365=EDGE_CURVE('',#12354,#12268,#12364,.T.);
#12366=ORIENTED_EDGE('',*,*,#12365,.T.);
#12367=ORIENTED_EDGE('',*,*,#12273,.T.);
#12368=EDGE_LOOP('',(#12352,#12360,#12366,#12367));
#12369=FACE_OUTER_BOUND('',#12368,.T.);
#12370=ADVANCED_FACE('',(#12369),#12351,.F.);
#12371=CARTESIAN_POINT('',(-7.249999999999998,0.350000000000001,7.000000000000002));
#12372=DIRECTION('',(-1.0,0.0,0.0));
#12373=DIRECTION('',(0.0,1.0,0.0));
#12374=AXIS2_PLACEMENT_3D('',#12371,#12372,#12373);
#12375=PLANE('',#12374);
#12376=CARTESIAN_POINT('',(-7.249999999999998,0.350000000000001,7.000000000000002));
#12377=DIRECTION('',(0.0,1.0,0.0));
#12378=VECTOR('',#12377,7.299999999999996);
#12379=LINE('',#12376,#12378);
#12380=EDGE_CURVE('',#12181,#12354,#12379,.T.);
#12381=ORIENTED_EDGE('',*,*,#12380,.F.);
#12382=ORIENTED_EDGE('',*,*,#12186,.T.);
#12383=ORIENTED_EDGE('',*,*,#12279,.T.);
#12384=ORIENTED_EDGE('',*,*,#12365,.F.);
#12385=EDGE_LOOP('',(#12381,#12382,#12383,#12384));
#12386=FACE_OUTER_BOUND('',#12385,.T.);
#12387=ADVANCED_FACE('',(#12386),#12375,.F.);
#12388=CARTESIAN_POINT('',(7.250000000000007,0.350000000000001,7.0));
#12389=DIRECTION('',(0.0,-1.0,0.0));
#12390=DIRECTION('',(-1.0,0.0,0.0));
#12391=AXIS2_PLACEMENT_3D('',#12388,#12389,#12390);
#12392=PLANE('',#12391);
#12393=ORIENTED_EDGE('',*,*,#12154,.T.);
#12394=ORIENTED_EDGE('',*,*,#12131,.F.);
#12395=CARTESIAN_POINT('',(0.482050807568879,0.350000000000001,7.000000000000001));
#12396=DIRECTION('',(1.0,0.0,0.0));
#12397=VECTOR('',#12396,4.367949192431129);
#12398=LINE('',#12395,#12397);
#12399=EDGE_CURVE('',#12118,#12214,#12398,.T.);
#12400=ORIENTED_EDGE('',*,*,#12399,.T.);
#12401=ORIENTED_EDGE('',*,*,#12219,.F.);
#12402=ORIENTED_EDGE('',*,*,#12248,.T.);
#12403=EDGE_LOOP('',(#12393,#12394,#12400,#12401,#12402));
#12404=FACE_OUTER_BOUND('',#12403,.T.);
#12405=ADVANCED_FACE('',(#12404),#12392,.F.);
#12406=CARTESIAN_POINT('',(-7.649999999999999,7.9,-7.000000000000003));
#12407=DIRECTION('',(0.0,0.0,-1.0));
#12408=DIRECTION('',(-0.707106781186547,0.707106781186547,0.0));
#12409=AXIS2_PLACEMENT_3D('',#12406,#12407,#12408);
#12410=CYLINDRICAL_SURFACE('',#12409,0.3);
#12411=CARTESIAN_POINT('',(-7.649999999999999,8.199999999999999,-7.500000000000004));
#12412=VERTEX_POINT('',#12411);
#12413=CARTESIAN_POINT('',(-7.949999999999999,7.9,-7.500000000000004));
#12414=VERTEX_POINT('',#12413);
#12415=CARTESIAN_POINT('',(-7.649999999999999,7.9,-7.500000000000002));
#12416=DIRECTION('',(0.0,0.0,1.0));
#12417=DIRECTION('',(-0.707106781186547,0.707106781186547,0.0));
#12418=AXIS2_PLACEMENT_3D('',#12415,#12416,#12417);
#12419=CIRCLE('',#12418,0.3);
#12420=EDGE_CURVE('',#12412,#12414,#12419,.T.);
#12421=ORIENTED_EDGE('',*,*,#12420,.T.);
#12422=CARTESIAN_POINT('',(-7.949999999999999,7.9,-7.000000000000003));
#12423=VERTEX_POINT('',#12422);
#12424=CARTESIAN_POINT('',(-7.949999999999999,7.9,-7.500000000000004));
#12425=DIRECTION('',(0.0,0.0,1.0));
#12426=VECTOR('',#12425,0.500000000000001);
#12427=LINE('',#12424,#12426);
#12428=EDGE_CURVE('',#12414,#12423,#12427,.T.);
#12429=ORIENTED_EDGE('',*,*,#12428,.T.);
#12430=CARTESIAN_POINT('',(-7.649999999999999,8.199999999999999,-7.000000000000003));
#12431=VERTEX_POINT('',#12430);
#12432=CARTESIAN_POINT('',(-7.649999999999999,7.9,-7.000000000000002));
#12433=DIRECTION('',(0.0,0.0,-1.0));
#12434=DIRECTION('',(-0.707106781186547,0.707106781186547,0.0));
#12435=AXIS2_PLACEMENT_3D('',#12432,#12433,#12434);
#12436=CIRCLE('',#12435,0.3);
#12437=EDGE_CURVE('',#12423,#12431,#12436,.T.);
#12438=ORIENTED_EDGE('',*,*,#12437,.T.);
#12439=CARTESIAN_POINT('',(-7.649999999999999,8.199999999999999,-7.000000000000003));
#12440=DIRECTION('',(0.0,0.0,-1.0));
#12441=VECTOR('',#12440,0.500000000000001);
#12442=LINE('',#12439,#12441);
#12443=EDGE_CURVE('',#12431,#12412,#12442,.T.);
#12444=ORIENTED_EDGE('',*,*,#12443,.T.);
#12445=EDGE_LOOP('',(#12421,#12429,#12438,#12444));
#12446=FACE_OUTER_BOUND('',#12445,.T.);
#12447=ADVANCED_FACE('',(#12446),#12410,.T.);
#12448=CARTESIAN_POINT('',(-7.949999999999999,8.199999999999999,-7.000000000000003));
#12449=DIRECTION('',(0.0,1.0,0.0));
#12450=DIRECTION('',(1.0,0.0,0.0));
#12451=AXIS2_PLACEMENT_3D('',#12448,#12449,#12450);
#12452=PLANE('',#12451);
#12453=ORIENTED_EDGE('',*,*,#12443,.F.);
#12454=CARTESIAN_POINT('',(7.650000000000001,8.199999999999999,-7.000000000000002));
#12455=VERTEX_POINT('',#12454);
#12456=CARTESIAN_POINT('',(-7.649999999999999,8.199999999999999,-7.000000000000003));
#12457=DIRECTION('',(1.0,0.0,0.0));
#12458=VECTOR('',#12457,15.300000000000001);
#12459=LINE('',#12456,#12458);
#12460=EDGE_CURVE('',#12431,#12455,#12459,.T.);
#12461=ORIENTED_EDGE('',*,*,#12460,.T.);
#12462=CARTESIAN_POINT('',(7.650000000000001,8.199999999999999,-7.500000000000002));
#12463=VERTEX_POINT('',#12462);
#12464=CARTESIAN_POINT('',(7.650000000000001,8.199999999999999,-7.500000000000002));
#12465=DIRECTION('',(0.0,0.0,1.0));
#12466=VECTOR('',#12465,0.5);
#12467=LINE('',#12464,#12466);
#12468=EDGE_CURVE('',#12463,#12455,#12467,.T.);
#12469=ORIENTED_EDGE('',*,*,#12468,.F.);
#12470=CARTESIAN_POINT('',(-7.649999999999999,8.199999999999999,-7.500000000000004));
#12471=DIRECTION('',(1.0,0.0,0.0));
#12472=VECTOR('',#12471,15.300000000000001);
#12473=LINE('',#12470,#12472);
#12474=EDGE_CURVE('',#12412,#12463,#12473,.T.);
#12475=ORIENTED_EDGE('',*,*,#12474,.F.);
#12476=EDGE_LOOP('',(#12453,#12461,#12469,#12475));
#12477=FACE_OUTER_BOUND('',#12476,.T.);
#12478=ADVANCED_FACE('',(#12477),#12452,.T.);
#12479=CARTESIAN_POINT('',(1.031117E-015,4.1,-7.000000000000002));
#12480=DIRECTION('',(0.0,0.0,1.0));
#12481=DIRECTION('',(1.0,0.0,0.0));
#12482=AXIS2_PLACEMENT_3D('',#12479,#12480,#12481);
#12483=PLANE('',#12482);
#12484=ORIENTED_EDGE('',*,*,#12437,.F.);
#12485=CARTESIAN_POINT('',(-7.949999999999999,0.0,-7.000000000000003));
#12486=DIRECTION('',(0.0,1.0,0.0));
#12487=VECTOR('',#12486,7.9);
#12488=LINE('',#12485,#12487);
#12489=EDGE_CURVE('',#8886,#12423,#12488,.T.);
#12490=ORIENTED_EDGE('',*,*,#12489,.F.);
#12491=ORIENTED_EDGE('',*,*,#8891,.F.);
#12492=ORIENTED_EDGE('',*,*,#9665,.T.);
#12493=ORIENTED_EDGE('',*,*,#9685,.F.);
#12494=ORIENTED_EDGE('',*,*,#9437,.F.);
#12495=ORIENTED_EDGE('',*,*,#9536,.F.);
#12496=ORIENTED_EDGE('',*,*,#9555,.F.);
#12497=ORIENTED_EDGE('',*,*,#8948,.F.);
#12498=CARTESIAN_POINT('',(7.950000000000001,7.9,-7.000000000000002));
#12499=VERTEX_POINT('',#12498);
#12500=CARTESIAN_POINT('',(7.950000000000001,7.899999999999999,-7.000000000000002));
#12501=DIRECTION('',(0.0,-1.0,0.0));
#12502=VECTOR('',#12501,7.899999999999999);
#12503=LINE('',#12500,#12502);
#12504=EDGE_CURVE('',#12499,#8935,#12503,.T.);
#12505=ORIENTED_EDGE('',*,*,#12504,.F.);
#12506=CARTESIAN_POINT('',(7.650000000000001,7.9,-7.000000000000002));
#12507=DIRECTION('',(0.0,0.0,-1.0));
#12508=DIRECTION('',(0.707106781186547,0.707106781186547,0.0));
#12509=AXIS2_PLACEMENT_3D('',#12506,#12507,#12508);
#12510=CIRCLE('',#12509,0.3);
#12511=EDGE_CURVE('',#12455,#12499,#12510,.T.);
#12512=ORIENTED_EDGE('',*,*,#12511,.F.);
#12513=ORIENTED_EDGE('',*,*,#12460,.F.);
#12514=EDGE_LOOP('',(#12484,#12490,#12491,#12492,#12493,#12494,#12495,#12496,#12497,#12505,#12512,#12513));
#12515=FACE_OUTER_BOUND('',#12514,.T.);
#12516=ADVANCED_FACE('',(#12515),#12483,.T.);
#12517=CARTESIAN_POINT('',(-4.236712288056161,4.5,-11.0));
#12518=CARTESIAN_POINT('',(-4.236712288056161,4.5,-11.0));
#12519=CARTESIAN_POINT('',(-4.23671228805616,4.5,-11.000000000000004));
#12520=CARTESIAN_POINT('',(-4.236712288056161,4.5,-11.0));
#12521=CARTESIAN_POINT('',(-4.236712288056161,4.5,-11.0));
#12522=CARTESIAN_POINT('',(-5.02211045145361,5.218078320820524,-11.0));
#12523=CARTESIAN_POINT('',(-5.010890477690792,5.229298294583344,-11.0));
#12524=CARTESIAN_POINT('',(-4.988450530165145,5.251738242108984,-11.000000000000004));
#12525=CARTESIAN_POINT('',(-4.96601058263951,5.274178189634625,-11.0));
#12526=CARTESIAN_POINT('',(-4.954790608876688,5.285398163397446,-11.0));
#12527=CARTESIAN_POINT('',(-6.326579440076579,6.410735681847237,-10.541702068223696));
#12528=CARTESIAN_POINT('',(-6.2972371929406,6.440583500576979,-10.557372324812363));
#12529=CARTESIAN_POINT('',(-6.23731432163189,6.500602033575729,-10.572826112704208));
#12530=CARTESIAN_POINT('',(-6.177295788633143,6.560524904884439,-10.557372324812363));
#12531=CARTESIAN_POINT('',(-6.1474479699034,6.589867152020418,-10.541702068223699));
#12532=CARTESIAN_POINT('',(-7.497401405892784,7.481201479164911,-9.069177684612882));
#12533=CARTESIAN_POINT('',(-7.484297736598453,7.545954632915609,-9.101572566504622));
#12534=CARTESIAN_POINT('',(-7.412015822440555,7.675303534384391,-9.137775703541275));
#12535=CARTESIAN_POINT('',(-7.282666920971773,7.74758544854229,-9.101572566504622));
#12536=CARTESIAN_POINT('',(-7.217913767221075,7.760689117836622,-9.069177684612878));
#12537=CARTESIAN_POINT('',(-7.736712288056163,7.7,-8.0235987755983));
#12538=CARTESIAN_POINT('',(-7.736712288056163,7.778539816339745,-8.035464371804453));
#12539=CARTESIAN_POINT('',(-7.671717252813882,7.935004964757719,-8.048933176759253));
#12540=CARTESIAN_POINT('',(-7.515252104395906,8.0,-8.035464371804453));
#12541=CARTESIAN_POINT('',(-7.436712288056162,8.0,-8.0235987755983));
#12542=CARTESIAN_POINT('',(-7.736712288056163,7.7,-7.500000000000001));
#12543=CARTESIAN_POINT('',(-7.736712288056163,7.778539816339745,-7.500000000000001));
#12544=CARTESIAN_POINT('',(-7.671717252813882,7.935004964757719,-7.5));
#12545=CARTESIAN_POINT('',(-7.515252104395906,8.0,-7.500000000000001));
#12546=CARTESIAN_POINT('',(-7.436712288056162,8.0,-7.500000000000001));
#12547=B_SPLINE_SURFACE_WITH_KNOTS('',3,3,((#12517,#12522,#12527,#12532,#12537,#12542),(#12518,#12523,#12528,#12533,#12538,#12543),(#12519,#12524,#12529,#12534,#12539,#12544),(#12520,#12525,#12530,#12535,#12540,#12545),(#12521,#12526,#12531,#12536,#12541,#12546)),.UNSPECIFIED.,.F.,.F.,.F.,(4,1,4),(4,1,1,4),(0.0,0.5,1.0),(-1.570796326794897,-0.897597901025655,-0.448798950512828,1.206206E-018),.UNSPECIFIED.);
#12548=CARTESIAN_POINT('',(-7.736712288056163,7.699999999999999,-7.500000000000002));
#12549=VERTEX_POINT('',#12548);
#12550=CARTESIAN_POINT('',(-7.436712288056162,8.0,-7.500000000000002));
#12551=VERTEX_POINT('',#12550);
#12552=CARTESIAN_POINT('',(-7.436712288056162,8.0,-7.500000000000001));
#12553=CARTESIAN_POINT('',(-7.515252104395906,8.0,-7.500000000000001));
#12554=CARTESIAN_POINT('',(-7.593484678604893,7.96750248237886,-7.5));
#12555=CARTESIAN_POINT('',(-7.648849724519958,7.912137436463795,-7.5));
#12556=CARTESIAN_POINT('',(-7.704214770435023,7.856772390548732,-7.5));
#12557=CARTESIAN_POINT('',(-7.736712288056163,7.778539816339745,-7.500000000000001));
#12558=CARTESIAN_POINT('',(-7.736712288056163,7.7,-7.500000000000001));
#12559=B_SPLINE_CURVE_WITH_KNOTS('',3,(#12552,#12553,#12554,#12555,#12556,#12557,#12558),.UNSPECIFIED.,.F.,.U.,(4,3,4),(0.0,0.02362221216686,0.047244424333721),.UNSPECIFIED.);
#12560=EDGE_CURVE('',#12549,#12551,#12559,.F.);
#12561=ORIENTED_EDGE('',*,*,#12560,.T.);
#12562=CARTESIAN_POINT('',(-4.236712288056161,4.5,-7.500000000000001));
#12563=DIRECTION('',(-0.738028812002273,-0.674769199544936,-2.006637E-017));
#12564=DIRECTION('',(-0.674769199544936,0.738028812002273,-2.341076E-016));
#12565=AXIS2_PLACEMENT_3D('',#12562,#12563,#12564);
#12566=ELLIPSE('',#12565,4.742362280551752,3.500000000000001);
#12567=EDGE_CURVE('',#12551,#5266,#12566,.T.);
#12568=ORIENTED_EDGE('',*,*,#12567,.T.);
#12569=CARTESIAN_POINT('',(-4.236712288056161,4.5,-7.500000000000001));
#12570=DIRECTION('',(0.674769199544936,0.738028812002273,-2.006637E-017));
#12571=DIRECTION('',(-0.738028812002273,0.674769199544936,-2.341076E-016));
#12572=AXIS2_PLACEMENT_3D('',#12569,#12570,#12571);
#12573=ELLIPSE('',#12572,4.742362280551752,3.500000000000001);
#12574=EDGE_CURVE('',#5266,#12549,#12573,.T.);
#12575=ORIENTED_EDGE('',*,*,#12574,.T.);
#12576=EDGE_LOOP('',(#12561,#12568,#12575));
#12577=FACE_OUTER_BOUND('',#12576,.T.);
#12578=ADVANCED_FACE('',(#12577),#12547,.F.);
#12579=CARTESIAN_POINT('',(-4.236712288056162,2.0,-7.500000000000001));
#12580=DIRECTION('',(-2.420785E-048,1.0,3.180891E-032));
#12581=DIRECTION('',(-0.707106781186548,0.0,-0.707106781186547));
#12582=AXIS2_PLACEMENT_3D('',#12579,#12580,#12581);
#12583=CYLINDRICAL_SURFACE('',#12582,3.5);
#12584=ORIENTED_EDGE('',*,*,#12574,.F.);
#12585=ORIENTED_EDGE('',*,*,#5273,.T.);
#12586=ORIENTED_EDGE('',*,*,#8914,.T.);
#12587=CARTESIAN_POINT('',(-7.736712288056163,7.699999999999999,-7.500000000000002));
#12588=DIRECTION('',(0.0,-1.0,0.0));
#12589=VECTOR('',#12588,7.699999999999999);
#12590=LINE('',#12587,#12589);
#12591=EDGE_CURVE('',#12549,#8902,#12590,.T.);
#12592=ORIENTED_EDGE('',*,*,#12591,.F.);
#12593=EDGE_LOOP('',(#12584,#12585,#12586,#12592));
#12594=FACE_OUTER_BOUND('',#12593,.T.);
#12595=ADVANCED_FACE('',(#12594),#12583,.T.);
#12596=CARTESIAN_POINT('',(-3.861712288056162,4.5,-7.500000000000001));
#12597=DIRECTION('',(1.0,0.0,7.162729E-017));
#12598=DIRECTION('',(0.0,0.707106781186548,-0.707106781186547));
#12599=AXIS2_PLACEMENT_3D('',#12596,#12597,#12598);
#12600=CYLINDRICAL_SURFACE('',#12599,3.5);
#12601=ORIENTED_EDGE('',*,*,#12567,.F.);
#12602=CARTESIAN_POINT('',(7.463287711943838,8.0,-7.500000000000001));
#12603=VERTEX_POINT('',#12602);
#12604=CARTESIAN_POINT('',(7.463287711943838,8.0,-7.500000000000001));
#12605=DIRECTION('',(-1.0,0.0,0.0));
#12606=VECTOR('',#12605,14.9);
#12607=LINE('',#12604,#12606);
#12608=EDGE_CURVE('',#12603,#12551,#12607,.T.);
#12609=ORIENTED_EDGE('',*,*,#12608,.F.);
#12610=CARTESIAN_POINT('',(4.263287711943838,4.5,-7.5));
#12611=DIRECTION('',(0.738028812002273,-0.674769199544935,3.310950E-016));
#12612=DIRECTION('',(0.674769199544935,0.738028812002273,0.0));
#12613=AXIS2_PLACEMENT_3D('',#12610,#12611,#12612);
#12614=ELLIPSE('',#12613,4.742362280551751,3.5);
#12615=EDGE_CURVE('',#5276,#12603,#12614,.T.);
#12616=ORIENTED_EDGE('',*,*,#12615,.F.);
#12617=ORIENTED_EDGE('',*,*,#5281,.T.);
#12618=EDGE_LOOP('',(#12601,#12609,#12616,#12617));
#12619=FACE_OUTER_BOUND('',#12618,.T.);
#12620=ADVANCED_FACE('',(#12619),#12600,.T.);
#12621=CARTESIAN_POINT('',(4.263287711943838,4.5,-11.0));
#12622=CARTESIAN_POINT('',(4.263287711943838,4.5,-11.0));
#12623=CARTESIAN_POINT('',(4.263287711943836,4.5,-11.0));
#12624=CARTESIAN_POINT('',(4.263287711943838,4.5,-11.0));
#12625=CARTESIAN_POINT('',(4.263287711943838,4.5,-11.0));
#12626=CARTESIAN_POINT('',(4.981366032764361,5.285398163397447,-11.0));
#12627=CARTESIAN_POINT('',(4.992586006527183,5.274178189634627,-11.0));
#12628=CARTESIAN_POINT('',(5.01502595405282,5.251738242108985,-11.0));
#12629=CARTESIAN_POINT('',(5.037465901578466,5.229298294583344,-11.0));
#12630=CARTESIAN_POINT('',(5.048685875341286,5.218078320820522,-11.0));
#12631=CARTESIAN_POINT('',(6.174023197438298,6.589866937259568,-10.541701451666565));
#12632=CARTESIAN_POINT('',(6.203870950096224,6.560524554471176,-10.557371776874083));
#12633=CARTESIAN_POINT('',(6.263889467567404,6.50060175562357,-10.572825574986824));
#12634=CARTESIAN_POINT('',(6.323812266415011,6.440583238152385,-10.557371776874083));
#12635=CARTESIAN_POINT('',(6.353154649203402,6.410735485494461,-10.541701451666565));
#12636=CARTESIAN_POINT('',(7.244489037338038,7.760688949649905,-9.069177513973836));
#12637=CARTESIAN_POINT('',(7.309242115544823,7.747585151526821,-9.101572369342874));
#12638=CARTESIAN_POINT('',(7.438590889639404,7.675303177695566,-9.137775194143643));
#12639=CARTESIAN_POINT('',(7.51087286347066,7.545954403600987,-9.101572369342874));
#12640=CARTESIAN_POINT('',(7.523976661593745,7.481201325394199,-9.069177513973836));
#12641=CARTESIAN_POINT('',(7.463287711943838,8.0,-8.0235987755983));
#12642=CARTESIAN_POINT('',(7.541827528283582,8.0,-8.035464371804451));
#12643=CARTESIAN_POINT('',(7.698292586477214,7.935004874533377,-8.048933176759253));
#12644=CARTESIAN_POINT('',(7.763287711943838,7.778539816339745,-8.035464371804451));
#12645=CARTESIAN_POINT('',(7.763287711943838,7.7,-8.0235987755983));
#12646=CARTESIAN_POINT('',(7.463287711943838,8.0,-7.5));
#12647=CARTESIAN_POINT('',(7.541827528283582,8.0,-7.5));
#12648=CARTESIAN_POINT('',(7.698292586477214,7.935004874533377,-7.499999999999999));
#12649=CARTESIAN_POINT('',(7.763287711943838,7.778539816339745,-7.500000000000001));
#12650=CARTESIAN_POINT('',(7.763287711943838,7.7,-7.500000000000001));
#12651=B_SPLINE_SURFACE_WITH_KNOTS('',3,3,((#12621,#12626,#12631,#12636,#12641,#12646),(#12622,#12627,#12632,#12637,#12642,#12647),(#12623,#12628,#12633,#12638,#12643,#12648),(#12624,#12629,#12634,#12639,#12644,#12649),(#12625,#12630,#12635,#12640,#12645,#12650)),.UNSPECIFIED.,.F.,.F.,.F.,(4,1,4),(4,1,1,4),(0.0,0.5,1.0),(-1.570796326794897,-0.897597901025655,-0.448798950512828,-1.110223E-016),.UNSPECIFIED.);
#12652=CARTESIAN_POINT('',(7.763287711943838,7.7,-7.500000000000001));
#12653=VERTEX_POINT('',#12652);
#12654=CARTESIAN_POINT('',(7.763287711943838,7.7,-7.500000000000001));
#12655=CARTESIAN_POINT('',(7.763287711943838,7.778539816339745,-7.500000000000001));
#12656=CARTESIAN_POINT('',(7.730790149210526,7.856772345436561,-7.5));
#12657=CARTESIAN_POINT('',(7.675425103295462,7.912137391351624,-7.5));
#12658=CARTESIAN_POINT('',(7.620060057380398,7.967502437266689,-7.5));
#12659=CARTESIAN_POINT('',(7.541827528283582,8.0,-7.5));
#12660=CARTESIAN_POINT('',(7.463287711943838,8.0,-7.5));
#12661=B_SPLINE_CURVE_WITH_KNOTS('',3,(#12654,#12655,#12656,#12657,#12658,#12659,#12660),.UNSPECIFIED.,.F.,.U.,(4,3,4),(0.0,0.02362221216686,0.047244424333721),.UNSPECIFIED.);
#12662=EDGE_CURVE('',#12603,#12653,#12661,.F.);
#12663=ORIENTED_EDGE('',*,*,#12662,.T.);
#12664=CARTESIAN_POINT('',(4.263287711943838,4.500000000000001,-7.5));
#12665=DIRECTION('',(-0.674769199544935,0.738028812002273,1.070206E-016));
#12666=DIRECTION('',(0.738028812002273,0.674769199544935,0.0));
#12667=AXIS2_PLACEMENT_3D('',#12664,#12665,#12666);
#12668=ELLIPSE('',#12667,4.74236228055175,3.5);
#12669=EDGE_CURVE('',#12653,#5276,#12668,.T.);
#12670=ORIENTED_EDGE('',*,*,#12669,.T.);
#12671=ORIENTED_EDGE('',*,*,#12615,.T.);
#12672=EDGE_LOOP('',(#12663,#12670,#12671));
#12673=FACE_OUTER_BOUND('',#12672,.T.);
#12674=ADVANCED_FACE('',(#12673),#12651,.F.);
#12675=CARTESIAN_POINT('',(4.263287711943838,6.0,-7.5));
#12676=DIRECTION('',(2.420785E-048,-1.0,-3.180891E-032));
#12677=DIRECTION('',(0.707106781186547,0.0,-0.707106781186548));
#12678=AXIS2_PLACEMENT_3D('',#12675,#12676,#12677);
#12679=CYLINDRICAL_SURFACE('',#12678,3.5);
#12680=ORIENTED_EDGE('',*,*,#12669,.F.);
#12681=CARTESIAN_POINT('',(7.763287711943838,0.0,-7.500000000000001));
#12682=DIRECTION('',(0.0,1.0,0.0));
#12683=VECTOR('',#12682,7.7);
#12684=LINE('',#12681,#12683);
#12685=EDGE_CURVE('',#8918,#12653,#12684,.T.);
#12686=ORIENTED_EDGE('',*,*,#12685,.F.);
#12687=ORIENTED_EDGE('',*,*,#8924,.T.);
#12688=ORIENTED_EDGE('',*,*,#5289,.T.);
#12689=EDGE_LOOP('',(#12680,#12686,#12687,#12688));
#12690=FACE_OUTER_BOUND('',#12689,.T.);
#12691=ADVANCED_FACE('',(#12690),#12679,.T.);
#12692=CARTESIAN_POINT('',(7.650000000000001,7.9,-7.000000000000002));
#12693=DIRECTION('',(0.0,0.0,-1.0));
#12694=DIRECTION('',(0.707106781186547,0.707106781186547,0.0));
#12695=AXIS2_PLACEMENT_3D('',#12692,#12693,#12694);
#12696=CYLINDRICAL_SURFACE('',#12695,0.3);
#12697=CARTESIAN_POINT('',(7.950000000000001,7.9,-7.500000000000002));
#12698=VERTEX_POINT('',#12697);
#12699=CARTESIAN_POINT('',(7.650000000000001,7.9,-7.500000000000002));
#12700=DIRECTION('',(0.0,0.0,1.0));
#12701=DIRECTION('',(0.707106781186547,0.707106781186547,0.0));
#12702=AXIS2_PLACEMENT_3D('',#12699,#12700,#12701);
#12703=CIRCLE('',#12702,0.3);
#12704=EDGE_CURVE('',#12698,#12463,#12703,.T.);
#12705=ORIENTED_EDGE('',*,*,#12704,.T.);
#12706=ORIENTED_EDGE('',*,*,#12468,.T.);
#12707=ORIENTED_EDGE('',*,*,#12511,.T.);
#12708=CARTESIAN_POINT('',(7.950000000000001,7.9,-7.000000000000002));
#12709=DIRECTION('',(0.0,0.0,-1.0));
#12710=VECTOR('',#12709,0.5);
#12711=LINE('',#12708,#12710);
#12712=EDGE_CURVE('',#12499,#12698,#12711,.T.);
#12713=ORIENTED_EDGE('',*,*,#12712,.T.);
#12714=EDGE_LOOP('',(#12705,#12706,#12707,#12713));
#12715=FACE_OUTER_BOUND('',#12714,.T.);
#12716=ADVANCED_FACE('',(#12715),#12696,.T.);
#12717=CARTESIAN_POINT('',(-7.450000000000001,7.7,-3.500000000000002));
#12718=DIRECTION('',(0.0,0.0,1.0));
#12719=DIRECTION('',(-0.707106781186547,0.707106781186547,0.0));
#12720=AXIS2_PLACEMENT_3D('',#12717,#12718,#12719);
#12721=CYLINDRICAL_SURFACE('',#12720,0.3);
#12722=ORIENTED_EDGE('',*,*,#9641,.T.);
#12723=CARTESIAN_POINT('',(-7.750000000000002,7.7,7.000000000000002));
#12724=VERTEX_POINT('',#12723);
#12725=CARTESIAN_POINT('',(-7.750000000000002,7.7,-3.0));
#12726=DIRECTION('',(0.0,0.0,1.0));
#12727=VECTOR('',#12726,10.000000000000002);
#12728=LINE('',#12725,#12727);
#12729=EDGE_CURVE('',#9629,#12724,#12728,.T.);
#12730=ORIENTED_EDGE('',*,*,#12729,.T.);
#12731=CARTESIAN_POINT('',(-7.450000000000001,7.7,7.000000000000001));
#12732=DIRECTION('',(0.0,0.0,-1.0));
#12733=DIRECTION('',(-0.707106781186547,0.707106781186547,0.0));
#12734=AXIS2_PLACEMENT_3D('',#12731,#12732,#12733);
#12735=CIRCLE('',#12734,0.3);
#12736=EDGE_CURVE('',#12724,#9481,#12735,.T.);
#12737=ORIENTED_EDGE('',*,*,#12736,.T.);
#12738=ORIENTED_EDGE('',*,*,#9486,.T.);
#12739=EDGE_LOOP('',(#12722,#12730,#12737,#12738));
#12740=FACE_OUTER_BOUND('',#12739,.T.);
#12741=ADVANCED_FACE('',(#12740),#12721,.T.);
#12742=CARTESIAN_POINT('',(-7.750000000000002,0.0,-7.000000000000003));
#12743=DIRECTION('',(-1.0,0.0,0.0));
#12744=DIRECTION('',(0.0,0.0,1.0));
#12745=AXIS2_PLACEMENT_3D('',#12742,#12743,#12744);
#12746=PLANE('',#12745);
#12747=ORIENTED_EDGE('',*,*,#9634,.T.);
#12748=ORIENTED_EDGE('',*,*,#8466,.F.);
#12749=ORIENTED_EDGE('',*,*,#9199,.F.);
#12750=ORIENTED_EDGE('',*,*,#8851,.T.);
#12751=ORIENTED_EDGE('',*,*,#8771,.T.);
#12752=ORIENTED_EDGE('',*,*,#8787,.F.);
#12753=CARTESIAN_POINT('',(-7.750000000000002,-0.3,7.000000000000002));
#12754=DIRECTION('',(0.0,1.0,0.0));
#12755=VECTOR('',#12754,8.0);
#12756=LINE('',#12753,#12755);
#12757=EDGE_CURVE('',#8782,#12724,#12756,.T.);
#12758=ORIENTED_EDGE('',*,*,#12757,.T.);
#12759=ORIENTED_EDGE('',*,*,#12729,.F.);
#12760=EDGE_LOOP('',(#12747,#12748,#12749,#12750,#12751,#12752,#12758,#12759));
#12761=FACE_OUTER_BOUND('',#12760,.T.);
#12762=ORIENTED_EDGE('',*,*,#6082,.T.);
#12763=ORIENTED_EDGE('',*,*,#5883,.F.);
#12764=ORIENTED_EDGE('',*,*,#5913,.T.);
#12765=ORIENTED_EDGE('',*,*,#6018,.F.);
#12766=ORIENTED_EDGE('',*,*,#6067,.T.);
#12767=ORIENTED_EDGE('',*,*,#6116,.T.);
#12768=ORIENTED_EDGE('',*,*,#5988,.F.);
#12769=ORIENTED_EDGE('',*,*,#5962,.T.);
#12770=ORIENTED_EDGE('',*,*,#5939,.F.);
#12771=ORIENTED_EDGE('',*,*,#6135,.T.);
#12772=ORIENTED_EDGE('',*,*,#6036,.T.);
#12773=ORIENTED_EDGE('',*,*,#5785,.F.);
#12774=ORIENTED_EDGE('',*,*,#5806,.T.);
#12775=ORIENTED_EDGE('',*,*,#5507,.F.);
#12776=ORIENTED_EDGE('',*,*,#5544,.T.);
#12777=ORIENTED_EDGE('',*,*,#6099,.T.);
#12778=ORIENTED_EDGE('',*,*,#5729,.F.);
#12779=ORIENTED_EDGE('',*,*,#5759,.T.);
#12780=ORIENTED_EDGE('',*,*,#5832,.F.);
#12781=ORIENTED_EDGE('',*,*,#5857,.T.);
#12782=EDGE_LOOP('',(#12762,#12763,#12764,#12765,#12766,#12767,#12768,#12769,#12770,#12771,#12772,#12773,#12774,#12775,#12776,#12777,#12778,#12779,#12780,#12781));
#12783=FACE_BOUND('',#12782,.T.);
#12784=ADVANCED_FACE('',(#12761,#12783),#12746,.T.);
#12785=CARTESIAN_POINT('',(7.449999999999999,7.7,3.5));
#12786=DIRECTION('',(1.586033E-016,0.0,-1.0));
#12787=DIRECTION('',(0.707106781186547,0.707106781186547,0.0));
#12788=AXIS2_PLACEMENT_3D('',#12785,#12786,#12787);
#12789=CYLINDRICAL_SURFACE('',#12788,0.3);
#12790=ORIENTED_EDGE('',*,*,#9392,.T.);
#12791=ORIENTED_EDGE('',*,*,#9500,.T.);
#12792=CARTESIAN_POINT('',(7.749999999999999,7.7,7.0));
#12793=VERTEX_POINT('',#12792);
#12794=CARTESIAN_POINT('',(7.449999999999998,7.7,7.000000000000004));
#12795=DIRECTION('',(0.0,0.0,-1.0));
#12796=DIRECTION('',(0.707106781186547,0.707106781186547,0.0));
#12797=AXIS2_PLACEMENT_3D('',#12794,#12795,#12796);
#12798=CIRCLE('',#12797,0.3);
#12799=EDGE_CURVE('',#9489,#12793,#12798,.T.);
#12800=ORIENTED_EDGE('',*,*,#12799,.T.);
#12801=CARTESIAN_POINT('',(7.749999999999998,7.7,7.0));
#12802=DIRECTION('',(0.0,0.0,-1.0));
#12803=VECTOR('',#12802,10.0);
#12804=LINE('',#12801,#12803);
#12805=EDGE_CURVE('',#12793,#9384,#12804,.T.);
#12806=ORIENTED_EDGE('',*,*,#12805,.T.);
#12807=EDGE_LOOP('',(#12790,#12791,#12800,#12806));
#12808=FACE_OUTER_BOUND('',#12807,.T.);
#12809=ADVANCED_FACE('',(#12808),#12789,.T.);
#12810=CARTESIAN_POINT('',(0.013287711943838,4.0,-11.0));
#12811=DIRECTION('',(0.0,0.0,-1.0));
#12812=DIRECTION('',(-1.0,0.0,0.0));
#12813=AXIS2_PLACEMENT_3D('',#12810,#12811,#12812);
#12814=PLANE('',#12813);
#12815=ORIENTED_EDGE('',*,*,#722,.T.);
#12816=ORIENTED_EDGE('',*,*,#986,.T.);
#12817=ORIENTED_EDGE('',*,*,#951,.T.);
#12818=ORIENTED_EDGE('',*,*,#914,.T.);
#12819=ORIENTED_EDGE('',*,*,#877,.T.);
#12820=ORIENTED_EDGE('',*,*,#840,.T.);
#12821=ORIENTED_EDGE('',*,*,#803,.T.);
#12822=ORIENTED_EDGE('',*,*,#766,.T.);
#12823=EDGE_LOOP('',(#12815,#12816,#12817,#12818,#12819,#12820,#12821,#12822));
#12824=FACE_OUTER_BOUND('',#12823,.T.);
#12825=ADVANCED_FACE('',(#12824),#12814,.T.);
#12826=CARTESIAN_POINT('',(7.950000000000001,8.199999999999999,-7.000000000000002));
#12827=DIRECTION('',(1.0,0.0,0.0));
#12828=DIRECTION('',(0.0,-1.0,0.0));
#12829=AXIS2_PLACEMENT_3D('',#12826,#12827,#12828);
#12830=PLANE('',#12829);
#12831=ORIENTED_EDGE('',*,*,#12712,.F.);
#12832=ORIENTED_EDGE('',*,*,#12504,.T.);
#12833=ORIENTED_EDGE('',*,*,#8940,.T.);
#12834=CARTESIAN_POINT('',(7.950000000000001,7.899999999999999,-7.500000000000002));
#12835=DIRECTION('',(0.0,-1.0,0.0));
#12836=VECTOR('',#12835,7.899999999999999);
#12837=LINE('',#12834,#12836);
#12838=EDGE_CURVE('',#12698,#8927,#12837,.T.);
#12839=ORIENTED_EDGE('',*,*,#12838,.F.);
#12840=EDGE_LOOP('',(#12831,#12832,#12833,#12839));
#12841=FACE_OUTER_BOUND('',#12840,.T.);
#12842=ADVANCED_FACE('',(#12841),#12830,.T.);
#12843=CARTESIAN_POINT('',(-7.949999999999999,0.0,-7.000000000000003));
#12844=DIRECTION('',(-1.0,0.0,0.0));
#12845=DIRECTION('',(0.0,1.0,0.0));
#12846=AXIS2_PLACEMENT_3D('',#12843,#12844,#12845);
#12847=PLANE('',#12846);
#12848=ORIENTED_EDGE('',*,*,#12428,.F.);
#12849=CARTESIAN_POINT('',(-7.949999999999999,0.0,-7.500000000000004));
#12850=DIRECTION('',(0.0,1.0,0.0));
#12851=VECTOR('',#12850,7.9);
#12852=LINE('',#12849,#12851);
#12853=EDGE_CURVE('',#8894,#12414,#12852,.T.);
#12854=ORIENTED_EDGE('',*,*,#12853,.F.);
#12855=ORIENTED_EDGE('',*,*,#8899,.F.);
#12856=ORIENTED_EDGE('',*,*,#12489,.T.);
#12857=EDGE_LOOP('',(#12848,#12854,#12855,#12856));
#12858=FACE_OUTER_BOUND('',#12857,.T.);
#12859=ADVANCED_FACE('',(#12858),#12847,.T.);
#12860=CARTESIAN_POINT('',(1.031117E-015,4.1,-7.500000000000002));
#12861=DIRECTION('',(0.0,0.0,1.0));
#12862=DIRECTION('',(1.0,0.0,0.0));
#12863=AXIS2_PLACEMENT_3D('',#12860,#12861,#12862);
#12864=PLANE('',#12863);
#12865=ORIENTED_EDGE('',*,*,#12420,.F.);
#12866=ORIENTED_EDGE('',*,*,#12474,.T.);
#12867=ORIENTED_EDGE('',*,*,#12704,.F.);
#12868=ORIENTED_EDGE('',*,*,#12838,.T.);
#12869=ORIENTED_EDGE('',*,*,#8932,.T.);
#12870=ORIENTED_EDGE('',*,*,#12685,.T.);
#12871=ORIENTED_EDGE('',*,*,#12662,.F.);
#12872=ORIENTED_EDGE('',*,*,#12608,.T.);
#12873=ORIENTED_EDGE('',*,*,#12560,.F.);
#12874=ORIENTED_EDGE('',*,*,#12591,.T.);
#12875=ORIENTED_EDGE('',*,*,#8907,.T.);
#12876=ORIENTED_EDGE('',*,*,#12853,.T.);
#12877=EDGE_LOOP('',(#12865,#12866,#12867,#12868,#12869,#12870,#12871,#12872,#12873,#12874,#12875,#12876));
#12878=FACE_OUTER_BOUND('',#12877,.T.);
#12879=ADVANCED_FACE('',(#12878),#12864,.F.);
#12880=CARTESIAN_POINT('',(7.749999999999999,0.0,7.0));
#12881=DIRECTION('',(1.0,0.0,0.0));
#12882=DIRECTION('',(0.0,0.0,-1.0));
#12883=AXIS2_PLACEMENT_3D('',#12880,#12881,#12882);
#12884=PLANE('',#12883);
#12885=ORIENTED_EDGE('',*,*,#9398,.F.);
#12886=ORIENTED_EDGE('',*,*,#12805,.F.);
#12887=CARTESIAN_POINT('',(7.749999999999999,-0.3,7.0));
#12888=DIRECTION('',(0.0,1.0,0.0));
#12889=VECTOR('',#12888,8.0);
#12890=LINE('',#12887,#12889);
#12891=EDGE_CURVE('',#8688,#12793,#12890,.T.);
#12892=ORIENTED_EDGE('',*,*,#12891,.F.);
#12893=ORIENTED_EDGE('',*,*,#8693,.F.);
#12894=ORIENTED_EDGE('',*,*,#8669,.F.);
#12895=ORIENTED_EDGE('',*,*,#8986,.T.);
#12896=ORIENTED_EDGE('',*,*,#9059,.T.);
#12897=ORIENTED_EDGE('',*,*,#9149,.T.);
#12898=EDGE_LOOP('',(#12885,#12886,#12892,#12893,#12894,#12895,#12896,#12897));
#12899=FACE_OUTER_BOUND('',#12898,.T.);
#12900=ORIENTED_EDGE('',*,*,#6365,.T.);
#12901=ORIENTED_EDGE('',*,*,#6389,.F.);
#12902=ORIENTED_EDGE('',*,*,#6405,.T.);
#12903=ORIENTED_EDGE('',*,*,#6171,.F.);
#12904=ORIENTED_EDGE('',*,*,#6208,.T.);
#12905=ORIENTED_EDGE('',*,*,#6291,.F.);
#12906=ORIENTED_EDGE('',*,*,#6316,.T.);
#12907=ORIENTED_EDGE('',*,*,#6340,.F.);
#12908=EDGE_LOOP('',(#12900,#12901,#12902,#12903,#12904,#12905,#12906,#12907));
#12909=FACE_BOUND('',#12908,.T.);
#12910=ADVANCED_FACE('',(#12899,#12909),#12884,.T.);
#12911=CARTESIAN_POINT('',(-7.750000000000002,0.0,7.000000000000002));
#12912=DIRECTION('',(0.0,0.0,1.0));
#12913=DIRECTION('',(1.0,0.0,0.0));
#12914=AXIS2_PLACEMENT_3D('',#12911,#12912,#12913);
#12915=PLANE('',#12914);
#12916=ORIENTED_EDGE('',*,*,#12736,.F.);
#12917=ORIENTED_EDGE('',*,*,#12757,.F.);
#12918=ORIENTED_EDGE('',*,*,#8795,.F.);
#12919=ORIENTED_EDGE('',*,*,#8726,.F.);
#12920=ORIENTED_EDGE('',*,*,#8841,.T.);
#12921=ORIENTED_EDGE('',*,*,#8645,.T.);
#12922=ORIENTED_EDGE('',*,*,#8699,.F.);
#12923=ORIENTED_EDGE('',*,*,#12891,.T.);
#12924=ORIENTED_EDGE('',*,*,#12799,.F.);
#12925=ORIENTED_EDGE('',*,*,#9494,.F.);
#12926=EDGE_LOOP('',(#12916,#12917,#12918,#12919,#12920,#12921,#12922,#12923,#12924,#12925));
#12927=FACE_OUTER_BOUND('',#12926,.T.);
#12928=ORIENTED_EDGE('',*,*,#12192,.T.);
#12929=ORIENTED_EDGE('',*,*,#12380,.T.);
#12930=ORIENTED_EDGE('',*,*,#12359,.T.);
#12931=ORIENTED_EDGE('',*,*,#12336,.F.);
#12932=ORIENTED_EDGE('',*,*,#12311,.T.);
#12933=ORIENTED_EDGE('',*,*,#12227,.F.);
#12934=ORIENTED_EDGE('',*,*,#12399,.F.);
#12935=ORIENTED_EDGE('',*,*,#12123,.F.);
#12936=ORIENTED_EDGE('',*,*,#12083,.F.);
#12937=ORIENTED_EDGE('',*,*,#12035,.F.);
#12938=EDGE_LOOP('',(#12928,#12929,#12930,#12931,#12932,#12933,#12934,#12935,#12936,#12937));
#12939=FACE_BOUND('',#12938,.T.);
#12940=ADVANCED_FACE('',(#12927,#12939),#12915,.T.);
#12941=CLOSED_SHELL('',(#107,#138,#249,#289,#320,#431,#471,#502,#533,#555,#567,#607,#638,#669,#691,#703,#749,#786,#823,#860,#897,#934,#971,#999,#1045,#1082,#1119,#1147,#1169,#1209,#1240,#1271,#1302,#1333,#1364,#1395,#1426,#1457,#1488,#1519,#1550,#1572,#1593,#1633,#1664,#1695,#1726,#1757,#1788,#1819,#1850,#1881,#1912,#1943,#1974,#1996,#2017,#2063,#2100,#2131,#2162,#2193,#2230,#2258,#2304,#2335,#2366,#2397,#2428,#2459,#2496,#2533,#2561,#2587,#2633,#2670,#2707,#2744,#2781,#2818,#2855,#2883,#2929,#2966,#3003,#3031,#3053,#3099,#3136,#3173,#3210,#3247,#3284,#3312,#3358,#3395,#3432,#3469,#3506,#3543,#3574,#3605,#3642,#3679,#3716,#3753,#3790,#3818,#3849,#3889,#3920,#3951,#3982,#4013,#4044,#4075,#4106,#4137,#4168,#4199,#4221,#4241,#4281,#4312,#4343,#4374,#4405,#4436,#4467,#4489,#4505,#4545,#4576,#4607,#4629,#4641,#4681,#4718,#4755,#4792,#4829,#4866,#4903,#4934,#4965,#5002,#5039,#5076,#5113,#5150,#5181,#5212,#5234,#5259,#5429,#5444,#5460,#5475,#5517,#5548,#5707,#5739,#5763,#5795,#5812,#5837,#5861,#5893,#5917,#5949,#5973,#5998,#6023,#6047,#6071,#6088,#6105,#6122,#6139,#6181,#6212,#6271,#6296,#6320,#6345,#6369,#6394,#6411,#6453,#6484,#6525,#6557,#6581,#6598,#6615,#6655,#6686,#6717,#6739,#6751,#6791,#6822,#6853,#6875,#6887,#6929,#6971,#7002,#7024,#7055,#7077,#7102,#7142,#7173,#7204,#7226,#7238,#7266,#7278,#7287,#7327,#7358,#7389,#7411,#7423,#7463,#7494,#7525,#7547,#7559,#7601,#7643,#7674,#7696,#7727,#7749,#7774,#7802,#7814,#7823,#7854,#7878,#7902,#7948,#7970,#7987,#8005,#8022,#8035,#8059,#8090,#8109,#8140,#8171,#8195,#8219,#8250,#8274,#8292,#8318,#8335,#8359,#8382,#8395,#8495,#8526,#8559,#8583,#8609,#8649,#8680,#8704,#8744,#8775,#8799,#9032,#9063,#9087,#9111,#9188,#9210,#9227,#9244,#9284,#9315,#9339,#9358,#9377,#9410,#9516,#9541,#9560,#9577,#9594,#9620,#9646,#9672,#9690,#9732,#9763,#9796,#9818,#9830,#9870,#9932,#10003,#10043,#10105,#10176,#10209,#10242,#10275,#10308,#10366,#10421,#10469,#10486,#10541,#10589,#10606,#10665,#10683,#10701,#10719,#10737,#10755,#10773,#10785,#10797,#10809,#10851,#10893,#10935,#10977,#11039,#11064,#11119,#11181,#11260,#11285,#11302,#11333,#11381,#11412,#11460,#11515,#11556,#11573,#11621,#11680,#11698,#11716,#11734,#11752,#11770,#11782,#11794,#11806,#11830,#11842,#11854,#11872,#11884,#11904,#11924,#11955,#11977,#11988,#11999,#12039,#12070,#12110,#12141,#12165,#12197,#12237,#12298,#12322,#12346,#12370,#12387,#12405,#12447,#12478,#12516,#12578,#12595,#12620,#12674,#12691,#12716,#12741,#12784,#12809,#12825,#12842,#12859,#12879,#12910,#12940));
#12942=MANIFOLD_SOLID_BREP('\X2\04220432043504400434043E0435\X0\ \X2\04420435043B043E\X0\1',#12941);
#12943=COLOUR_RGB('',1.0,0.788235306739807,0.290196090936661);
#12944=FILL_AREA_STYLE_COLOUR('',#12943);
#12945=FILL_AREA_STYLE('',(#12944));
#12946=SURFACE_STYLE_FILL_AREA(#12945);
#12947=SURFACE_SIDE_STYLE('',(#12946));
#12948=SURFACE_STYLE_USAGE(.BOTH.,#12947);
#12949=PRESENTATION_STYLE_ASSIGNMENT((#12948));
#12950=STYLED_ITEM('',(#12949),#107);
#12951=COLOUR_RGB('',0.957000017166138,0.957000017166138,0.957000017166138);
#12952=FILL_AREA_STYLE_COLOUR('',#12951);
#12953=FILL_AREA_STYLE('',(#12952));
#12954=SURFACE_STYLE_FILL_AREA(#12953);
#12955=SURFACE_SIDE_STYLE('',(#12954));
#12956=SURFACE_STYLE_USAGE(.BOTH.,#12955);
#12957=PRESENTATION_STYLE_ASSIGNMENT((#12956));
#12958=STYLED_ITEM('',(#12957),#138);
#12959=STYLED_ITEM('',(#12957),#249);
#12960=STYLED_ITEM('',(#12949),#289);
#12961=STYLED_ITEM('',(#12957),#320);
#12962=STYLED_ITEM('',(#12957),#431);
#12963=STYLED_ITEM('',(#12949),#471);
#12964=STYLED_ITEM('',(#12949),#502);
#12965=STYLED_ITEM('',(#12949),#533);
#12966=STYLED_ITEM('',(#12949),#555);
#12967=STYLED_ITEM('',(#12949),#567);
#12968=STYLED_ITEM('',(#12949),#607);
#12969=STYLED_ITEM('',(#12949),#638);
#12970=STYLED_ITEM('',(#12949),#669);
#12971=STYLED_ITEM('',(#12949),#691);
#12972=STYLED_ITEM('',(#12949),#703);
#12973=STYLED_ITEM('',(#12949),#749);
#12974=STYLED_ITEM('',(#12949),#786);
#12975=STYLED_ITEM('',(#12949),#823);
#12976=STYLED_ITEM('',(#12949),#860);
#12977=STYLED_ITEM('',(#12949),#897);
#12978=STYLED_ITEM('',(#12949),#934);
#12979=STYLED_ITEM('',(#12949),#971);
#12980=STYLED_ITEM('',(#12949),#999);
#12981=STYLED_ITEM('',(#12949),#1045);
#12982=STYLED_ITEM('',(#12949),#1082);
#12983=STYLED_ITEM('',(#12949),#1119);
#12984=STYLED_ITEM('',(#12949),#1147);
#12985=STYLED_ITEM('',(#12949),#1169);
#12986=STYLED_ITEM('',(#12949),#1209);
#12987=STYLED_ITEM('',(#12949),#1240);
#12988=STYLED_ITEM('',(#12949),#1271);
#12989=STYLED_ITEM('',(#12949),#1302);
#12990=STYLED_ITEM('',(#12949),#1333);
#12991=STYLED_ITEM('',(#12949),#1364);
#12992=STYLED_ITEM('',(#12949),#1395);
#12993=STYLED_ITEM('',(#12949),#1426);
#12994=STYLED_ITEM('',(#12949),#1457);
#12995=STYLED_ITEM('',(#12949),#1488);
#12996=STYLED_ITEM('',(#12949),#1519);
#12997=STYLED_ITEM('',(#12949),#1550);
#12998=STYLED_ITEM('',(#12949),#1572);
#12999=STYLED_ITEM('',(#12949),#1593);
#13000=STYLED_ITEM('',(#12949),#1633);
#13001=STYLED_ITEM('',(#12949),#1664);
#13002=STYLED_ITEM('',(#12949),#1695);
#13003=STYLED_ITEM('',(#12949),#1726);
#13004=STYLED_ITEM('',(#12949),#1757);
#13005=STYLED_ITEM('',(#12949),#1788);
#13006=STYLED_ITEM('',(#12949),#1819);
#13007=STYLED_ITEM('',(#12949),#1850);
#13008=STYLED_ITEM('',(#12949),#1881);
#13009=STYLED_ITEM('',(#12949),#1912);
#13010=STYLED_ITEM('',(#12949),#1943);
#13011=STYLED_ITEM('',(#12949),#1974);
#13012=STYLED_ITEM('',(#12949),#1996);
#13013=STYLED_ITEM('',(#12949),#2017);
#13014=STYLED_ITEM('',(#12949),#2063);
#13015=STYLED_ITEM('',(#12949),#2100);
#13016=STYLED_ITEM('',(#12949),#2131);
#13017=STYLED_ITEM('',(#12949),#2162);
#13018=STYLED_ITEM('',(#12949),#2193);
#13019=STYLED_ITEM('',(#12949),#2230);
#13020=STYLED_ITEM('',(#12949),#2258);
#13021=STYLED_ITEM('',(#12949),#2304);
#13022=STYLED_ITEM('',(#12949),#2335);
#13023=STYLED_ITEM('',(#12949),#2366);
#13024=STYLED_ITEM('',(#12949),#2397);
#13025=STYLED_ITEM('',(#12949),#2428);
#13026=STYLED_ITEM('',(#12949),#2459);
#13027=STYLED_ITEM('',(#12949),#2496);
#13028=STYLED_ITEM('',(#12949),#2533);
#13029=STYLED_ITEM('',(#12949),#2561);
#13030=STYLED_ITEM('',(#12949),#2587);
#13031=STYLED_ITEM('',(#12949),#2633);
#13032=STYLED_ITEM('',(#12949),#2670);
#13033=STYLED_ITEM('',(#12949),#2707);
#13034=STYLED_ITEM('',(#12949),#2744);
#13035=STYLED_ITEM('',(#12949),#2781);
#13036=STYLED_ITEM('',(#12949),#2818);
#13037=STYLED_ITEM('',(#12949),#2855);
#13038=STYLED_ITEM('',(#12949),#2883);
#13039=STYLED_ITEM('',(#12949),#2929);
#13040=STYLED_ITEM('',(#12949),#2966);
#13041=STYLED_ITEM('',(#12949),#3003);
#13042=STYLED_ITEM('',(#12949),#3031);
#13043=STYLED_ITEM('',(#12949),#3053);
#13044=STYLED_ITEM('',(#12949),#3099);
#13045=STYLED_ITEM('',(#12949),#3136);
#13046=STYLED_ITEM('',(#12949),#3173);
#13047=STYLED_ITEM('',(#12949),#3210);
#13048=STYLED_ITEM('',(#12949),#3247);
#13049=STYLED_ITEM('',(#12949),#3284);
#13050=STYLED_ITEM('',(#12949),#3312);
#13051=STYLED_ITEM('',(#12949),#3358);
#13052=STYLED_ITEM('',(#12949),#3395);
#13053=STYLED_ITEM('',(#12949),#3432);
#13054=STYLED_ITEM('',(#12949),#3469);
#13055=STYLED_ITEM('',(#12949),#3506);
#13056=STYLED_ITEM('',(#12949),#3543);
#13057=STYLED_ITEM('',(#12949),#3574);
#13058=STYLED_ITEM('',(#12949),#3605);
#13059=STYLED_ITEM('',(#12949),#3642);
#13060=STYLED_ITEM('',(#12949),#3679);
#13061=STYLED_ITEM('',(#12949),#3716);
#13062=STYLED_ITEM('',(#12949),#3753);
#13063=STYLED_ITEM('',(#12949),#3790);
#13064=STYLED_ITEM('',(#12949),#3818);
#13065=STYLED_ITEM('',(#12949),#3849);
#13066=STYLED_ITEM('',(#12949),#3889);
#13067=STYLED_ITEM('',(#12949),#3920);
#13068=STYLED_ITEM('',(#12949),#3951);
#13069=STYLED_ITEM('',(#12949),#3982);
#13070=STYLED_ITEM('',(#12949),#4013);
#13071=STYLED_ITEM('',(#12949),#4044);
#13072=STYLED_ITEM('',(#12949),#4075);
#13073=STYLED_ITEM('',(#12949),#4106);
#13074=STYLED_ITEM('',(#12949),#4137);
#13075=STYLED_ITEM('',(#12949),#4168);
#13076=STYLED_ITEM('',(#12949),#4199);
#13077=STYLED_ITEM('',(#12949),#4221);
#13078=STYLED_ITEM('',(#12949),#4241);
#13079=STYLED_ITEM('',(#12949),#4281);
#13080=STYLED_ITEM('',(#12949),#4312);
#13081=STYLED_ITEM('',(#12949),#4343);
#13082=STYLED_ITEM('',(#12949),#4374);
#13083=STYLED_ITEM('',(#12949),#4405);
#13084=STYLED_ITEM('',(#12949),#4436);
#13085=STYLED_ITEM('',(#12949),#4467);
#13086=STYLED_ITEM('',(#12949),#4489);
#13087=STYLED_ITEM('',(#12949),#4505);
#13088=STYLED_ITEM('',(#12949),#4545);
#13089=STYLED_ITEM('',(#12949),#4576);
#13090=STYLED_ITEM('',(#12949),#4607);
#13091=STYLED_ITEM('',(#12949),#4629);
#13092=STYLED_ITEM('',(#12949),#4641);
#13093=STYLED_ITEM('',(#12949),#4681);
#13094=STYLED_ITEM('',(#12949),#4718);
#13095=STYLED_ITEM('',(#12949),#4755);
#13096=STYLED_ITEM('',(#12949),#4792);
#13097=STYLED_ITEM('',(#12949),#4829);
#13098=STYLED_ITEM('',(#12949),#4866);
#13099=STYLED_ITEM('',(#12949),#4903);
#13100=STYLED_ITEM('',(#12949),#4934);
#13101=STYLED_ITEM('',(#12949),#4965);
#13102=STYLED_ITEM('',(#12949),#5002);
#13103=STYLED_ITEM('',(#12949),#5039);
#13104=STYLED_ITEM('',(#12949),#5076);
#13105=STYLED_ITEM('',(#12949),#5113);
#13106=STYLED_ITEM('',(#12949),#5150);
#13107=STYLED_ITEM('',(#12949),#5181);
#13108=STYLED_ITEM('',(#12949),#5212);
#13109=STYLED_ITEM('',(#12949),#5234);
#13110=STYLED_ITEM('',(#12949),#5259);
#13111=STYLED_ITEM('',(#12949),#5429);
#13112=STYLED_ITEM('',(#12949),#5444);
#13113=STYLED_ITEM('',(#12949),#5460);
#13114=STYLED_ITEM('',(#12949),#5475);
#13115=STYLED_ITEM('',(#12949),#5517);
#13116=STYLED_ITEM('',(#12949),#5548);
#13117=STYLED_ITEM('',(#12949),#5707);
#13118=STYLED_ITEM('',(#12949),#5739);
#13119=STYLED_ITEM('',(#12949),#5763);
#13120=STYLED_ITEM('',(#12949),#5795);
#13121=STYLED_ITEM('',(#12949),#5812);
#13122=STYLED_ITEM('',(#12949),#5837);
#13123=STYLED_ITEM('',(#12949),#5861);
#13124=STYLED_ITEM('',(#12949),#5893);
#13125=STYLED_ITEM('',(#12949),#5917);
#13126=STYLED_ITEM('',(#12949),#5949);
#13127=STYLED_ITEM('',(#12949),#5973);
#13128=STYLED_ITEM('',(#12949),#5998);
#13129=STYLED_ITEM('',(#12949),#6023);
#13130=STYLED_ITEM('',(#12949),#6047);
#13131=STYLED_ITEM('',(#12949),#6071);
#13132=STYLED_ITEM('',(#12949),#6088);
#13133=STYLED_ITEM('',(#12949),#6105);
#13134=STYLED_ITEM('',(#12949),#6122);
#13135=STYLED_ITEM('',(#12949),#6139);
#13136=STYLED_ITEM('',(#12949),#6181);
#13137=STYLED_ITEM('',(#12949),#6212);
#13138=STYLED_ITEM('',(#12949),#6271);
#13139=STYLED_ITEM('',(#12949),#6296);
#13140=STYLED_ITEM('',(#12949),#6320);
#13141=STYLED_ITEM('',(#12949),#6345);
#13142=STYLED_ITEM('',(#12949),#6369);
#13143=STYLED_ITEM('',(#12949),#6394);
#13144=STYLED_ITEM('',(#12949),#6411);
#13145=STYLED_ITEM('',(#12949),#6453);
#13146=STYLED_ITEM('',(#12949),#6484);
#13147=STYLED_ITEM('',(#12949),#6525);
#13148=STYLED_ITEM('',(#12949),#6557);
#13149=STYLED_ITEM('',(#12949),#6581);
#13150=STYLED_ITEM('',(#12949),#6598);
#13151=STYLED_ITEM('',(#12949),#6615);
#13152=STYLED_ITEM('',(#12949),#6655);
#13153=STYLED_ITEM('',(#12949),#6686);
#13154=STYLED_ITEM('',(#12949),#6717);
#13155=STYLED_ITEM('',(#12949),#6739);
#13156=STYLED_ITEM('',(#12949),#6751);
#13157=STYLED_ITEM('',(#12949),#6791);
#13158=STYLED_ITEM('',(#12949),#6822);
#13159=STYLED_ITEM('',(#12949),#6853);
#13160=STYLED_ITEM('',(#12949),#6875);
#13161=STYLED_ITEM('',(#12949),#6887);
#13162=STYLED_ITEM('',(#12949),#6929);
#13163=STYLED_ITEM('',(#12949),#6971);
#13164=STYLED_ITEM('',(#12949),#7002);
#13165=STYLED_ITEM('',(#12949),#7024);
#13166=STYLED_ITEM('',(#12949),#7055);
#13167=STYLED_ITEM('',(#12949),#7077);
#13168=STYLED_ITEM('',(#12949),#7102);
#13169=STYLED_ITEM('',(#12949),#7142);
#13170=STYLED_ITEM('',(#12949),#7173);
#13171=STYLED_ITEM('',(#12949),#7204);
#13172=STYLED_ITEM('',(#12949),#7226);
#13173=STYLED_ITEM('',(#12949),#7238);
#13174=COLOUR_RGB('',1.0,0.929411768913269,0.592156887054443);
#13175=FILL_AREA_STYLE_COLOUR('',#13174);
#13176=FILL_AREA_STYLE('',(#13175));
#13177=SURFACE_STYLE_FILL_AREA(#13176);
#13178=SURFACE_SIDE_STYLE('',(#13177));
#13179=SURFACE_STYLE_USAGE(.BOTH.,#13178);
#13180=PRESENTATION_STYLE_ASSIGNMENT((#13179));
#13181=STYLED_ITEM('',(#13180),#7266);
#13182=STYLED_ITEM('',(#13180),#7278);
#13183=STYLED_ITEM('',(#13180),#7287);
#13184=COLOUR_RGB('',1.0,0.788235306739807,0.290196090936661);
#13185=FILL_AREA_STYLE_COLOUR('',#13184);
#13186=FILL_AREA_STYLE('',(#13185));
#13187=SURFACE_STYLE_FILL_AREA(#13186);
#13188=SURFACE_SIDE_STYLE('',(#13187));
#13189=SURFACE_STYLE_USAGE(.BOTH.,#13188);
#13190=PRESENTATION_STYLE_ASSIGNMENT((#13189));
#13191=STYLED_ITEM('',(#13190),#7327);
#13192=STYLED_ITEM('',(#13190),#7358);
#13193=STYLED_ITEM('',(#13190),#7389);
#13194=STYLED_ITEM('',(#13190),#7411);
#13195=STYLED_ITEM('',(#13190),#7423);
#13196=STYLED_ITEM('',(#13190),#7463);
#13197=STYLED_ITEM('',(#13190),#7494);
#13198=STYLED_ITEM('',(#13190),#7525);
#13199=STYLED_ITEM('',(#13190),#7547);
#13200=STYLED_ITEM('',(#13190),#7559);
#13201=STYLED_ITEM('',(#13190),#7601);
#13202=STYLED_ITEM('',(#13190),#7643);
#13203=STYLED_ITEM('',(#13190),#7674);
#13204=STYLED_ITEM('',(#13190),#7696);
#13205=STYLED_ITEM('',(#13190),#7727);
#13206=STYLED_ITEM('',(#13190),#7749);
#13207=STYLED_ITEM('',(#13190),#7774);
#13208=STYLED_ITEM('',(#13180),#7802);
#13209=STYLED_ITEM('',(#13180),#7814);
#13210=STYLED_ITEM('',(#13180),#7823);
#13211=STYLED_ITEM('',(#12957),#7854);
#13212=STYLED_ITEM('',(#12957),#7878);
#13213=STYLED_ITEM('',(#12957),#7902);
#13214=STYLED_ITEM('',(#12957),#7948);
#13215=STYLED_ITEM('',(#12957),#7970);
#13216=STYLED_ITEM('',(#12957),#7987);
#13217=STYLED_ITEM('',(#12957),#8005);
#13218=STYLED_ITEM('',(#12957),#8022);
#13219=STYLED_ITEM('',(#12957),#8035);
#13220=STYLED_ITEM('',(#12957),#8059);
#13221=STYLED_ITEM('',(#12957),#8090);
#13222=STYLED_ITEM('',(#12957),#8109);
#13223=STYLED_ITEM('',(#13190),#8140);
#13224=STYLED_ITEM('',(#12957),#8171);
#13225=STYLED_ITEM('',(#12957),#8195);
#13226=STYLED_ITEM('',(#12957),#8219);
#13227=STYLED_ITEM('',(#12957),#8250);
#13228=STYLED_ITEM('',(#12957),#8274);
#13229=STYLED_ITEM('',(#12957),#8292);
#13230=STYLED_ITEM('',(#12957),#8318);
#13231=STYLED_ITEM('',(#12957),#8335);
#13232=STYLED_ITEM('',(#12957),#8359);
#13233=STYLED_ITEM('',(#12957),#8382);
#13234=STYLED_ITEM('',(#12957),#8395);
#13235=STYLED_ITEM('',(#13190),#8495);
#13236=STYLED_ITEM('',(#12957),#8526);
#13237=STYLED_ITEM('',(#13190),#8559);
#13238=STYLED_ITEM('',(#13190),#8583);
#13239=STYLED_ITEM('',(#13190),#8609);
#13240=STYLED_ITEM('',(#13190),#8649);
#13241=STYLED_ITEM('',(#13190),#8680);
#13242=STYLED_ITEM('',(#13190),#8704);
#13243=STYLED_ITEM('',(#13190),#8744);
#13244=STYLED_ITEM('',(#13190),#8775);
#13245=STYLED_ITEM('',(#13190),#8799);
#13246=STYLED_ITEM('',(#13190),#9032);
#13247=STYLED_ITEM('',(#13190),#9063);
#13248=STYLED_ITEM('',(#13190),#9087);
#13249=STYLED_ITEM('',(#13190),#9111);
#13250=STYLED_ITEM('',(#13190),#9188);
#13251=STYLED_ITEM('',(#13190),#9210);
#13252=STYLED_ITEM('',(#13190),#9227);
#13253=STYLED_ITEM('',(#13190),#9244);
#13254=STYLED_ITEM('',(#13190),#9284);
#13255=STYLED_ITEM('',(#13190),#9315);
#13256=STYLED_ITEM('',(#13190),#9339);
#13257=STYLED_ITEM('',(#13190),#9358);
#13258=STYLED_ITEM('',(#13190),#9377);
#13259=STYLED_ITEM('',(#13190),#9410);
#13260=STYLED_ITEM('',(#13190),#9516);
#13261=STYLED_ITEM('',(#13190),#9541);
#13262=STYLED_ITEM('',(#13190),#9560);
#13263=STYLED_ITEM('',(#13190),#9577);
#13264=STYLED_ITEM('',(#13190),#9594);
#13265=STYLED_ITEM('',(#13190),#9620);
#13266=STYLED_ITEM('',(#13190),#9646);
#13267=STYLED_ITEM('',(#13190),#9672);
#13268=STYLED_ITEM('',(#13190),#9690);
#13269=STYLED_ITEM('',(#13190),#9732);
#13270=STYLED_ITEM('',(#13190),#9763);
#13271=STYLED_ITEM('',(#13190),#9796);
#13272=STYLED_ITEM('',(#13190),#9818);
#13273=STYLED_ITEM('',(#13190),#9830);
#13274=STYLED_ITEM('',(#13180),#9870);
#13275=STYLED_ITEM('',(#13180),#9932);
#13276=STYLED_ITEM('',(#13180),#10003);
#13277=STYLED_ITEM('',(#13180),#10043);
#13278=STYLED_ITEM('',(#13180),#10105);
#13279=STYLED_ITEM('',(#13180),#10176);
#13280=STYLED_ITEM('',(#13180),#10209);
#13281=STYLED_ITEM('',(#13180),#10242);
#13282=STYLED_ITEM('',(#13180),#10275);
#13283=STYLED_ITEM('',(#13180),#10308);
#13284=STYLED_ITEM('',(#13180),#10366);
#13285=STYLED_ITEM('',(#13180),#10421);
#13286=STYLED_ITEM('',(#13180),#10469);
#13287=STYLED_ITEM('',(#13180),#10486);
#13288=STYLED_ITEM('',(#13180),#10541);
#13289=STYLED_ITEM('',(#13180),#10589);
#13290=STYLED_ITEM('',(#13180),#10606);
#13291=STYLED_ITEM('',(#13180),#10665);
#13292=STYLED_ITEM('',(#13180),#10683);
#13293=STYLED_ITEM('',(#13180),#10701);
#13294=STYLED_ITEM('',(#13180),#10719);
#13295=STYLED_ITEM('',(#13180),#10737);
#13296=STYLED_ITEM('',(#13180),#10755);
#13297=STYLED_ITEM('',(#13180),#10773);
#13298=STYLED_ITEM('',(#13180),#10785);
#13299=STYLED_ITEM('',(#13180),#10797);
#13300=STYLED_ITEM('',(#13180),#10809);
#13301=STYLED_ITEM('',(#13180),#10851);
#13302=STYLED_ITEM('',(#13180),#10893);
#13303=STYLED_ITEM('',(#13180),#10935);
#13304=STYLED_ITEM('',(#13180),#10977);
#13305=STYLED_ITEM('',(#13180),#11039);
#13306=STYLED_ITEM('',(#13180),#11064);
#13307=STYLED_ITEM('',(#13180),#11119);
#13308=STYLED_ITEM('',(#13180),#11181);
#13309=STYLED_ITEM('',(#13180),#11260);
#13310=STYLED_ITEM('',(#13180),#11285);
#13311=STYLED_ITEM('',(#13180),#11302);
#13312=STYLED_ITEM('',(#13180),#11333);
#13313=STYLED_ITEM('',(#13180),#11381);
#13314=STYLED_ITEM('',(#13180),#11412);
#13315=STYLED_ITEM('',(#13180),#11460);
#13316=STYLED_ITEM('',(#13180),#11515);
#13317=STYLED_ITEM('',(#13180),#11556);
#13318=STYLED_ITEM('',(#13180),#11573);
#13319=STYLED_ITEM('',(#13180),#11621);
#13320=STYLED_ITEM('',(#13180),#11680);
#13321=STYLED_ITEM('',(#13180),#11698);
#13322=STYLED_ITEM('',(#13180),#11716);
#13323=STYLED_ITEM('',(#13180),#11734);
#13324=STYLED_ITEM('',(#13180),#11752);
#13325=STYLED_ITEM('',(#13180),#11770);
#13326=STYLED_ITEM('',(#13180),#11782);
#13327=STYLED_ITEM('',(#13180),#11794);
#13328=STYLED_ITEM('',(#13180),#11806);
#13329=STYLED_ITEM('',(#13180),#11830);
#13330=STYLED_ITEM('',(#13180),#11842);
#13331=STYLED_ITEM('',(#13180),#11854);
#13332=STYLED_ITEM('',(#13180),#11872);
#13333=STYLED_ITEM('',(#13180),#11884);
#13334=STYLED_ITEM('',(#13180),#11904);
#13335=STYLED_ITEM('',(#13180),#11924);
#13336=STYLED_ITEM('',(#13190),#11955);
#13337=STYLED_ITEM('',(#13190),#11977);
#13338=STYLED_ITEM('',(#13190),#11988);
#13339=STYLED_ITEM('',(#13190),#11999);
#13340=STYLED_ITEM('',(#13190),#12039);
#13341=STYLED_ITEM('',(#13190),#12070);
#13342=STYLED_ITEM('',(#13190),#12110);
#13343=STYLED_ITEM('',(#13190),#12141);
#13344=STYLED_ITEM('',(#13190),#12165);
#13345=STYLED_ITEM('',(#13190),#12197);
#13346=STYLED_ITEM('',(#13190),#12237);
#13347=STYLED_ITEM('',(#13190),#12298);
#13348=STYLED_ITEM('',(#13190),#12322);
#13349=STYLED_ITEM('',(#13190),#12346);
#13350=STYLED_ITEM('',(#13190),#12370);
#13351=STYLED_ITEM('',(#13190),#12387);
#13352=STYLED_ITEM('',(#13190),#12405);
#13353=STYLED_ITEM('',(#13190),#12447);
#13354=STYLED_ITEM('',(#13190),#12478);
#13355=STYLED_ITEM('',(#13190),#12516);
#13356=STYLED_ITEM('',(#13190),#12578);
#13357=STYLED_ITEM('',(#13190),#12595);
#13358=STYLED_ITEM('',(#13190),#12620);
#13359=STYLED_ITEM('',(#13190),#12674);
#13360=STYLED_ITEM('',(#13190),#12691);
#13361=STYLED_ITEM('',(#13190),#12716);
#13362=STYLED_ITEM('',(#13190),#12741);
#13363=STYLED_ITEM('',(#13190),#12784);
#13364=STYLED_ITEM('',(#13190),#12809);
#13365=STYLED_ITEM('',(#13190),#12825);
#13366=STYLED_ITEM('',(#13190),#12842);
#13367=STYLED_ITEM('',(#13190),#12859);
#13368=STYLED_ITEM('',(#13190),#12879);
#13369=STYLED_ITEM('',(#13190),#12910);
#13370=STYLED_ITEM('',(#13190),#12940);
#13371=MECHANICAL_DESIGN_GEOMETRIC_PRESENTATION_REPRESENTATION('',(#12950,#12958,#12959,#12960,#12961,#12962,#12963,#12964,#12965,#12966,#12967,#12968,#12969,#12970,#12971,#12972,#12973,#12974,#12975,#12976,#12977,#12978,#12979,#12980,#12981,#12982,#12983,#12984,#12985,#12986,#12987,#12988,#12989,#12990,#12991,#12992,#12993,#12994,#12995,#12996,#12997,#12998,#12999,#13000,#13001,#13002,#13003,#13004,#13005,#13006,#13007,#13008,#13009,#13010,#13011,#13012,#13013,#13014,#13015,#13016,#13017,#13018,#13019,#13020,#13021,#13022,#13023,#13024,#13025,#13026,#13027,#13028,#13029,#13030,#13031,#13032,#13033,#13034,#13035,#13036,#13037,#13038,#13039,#13040,#13041,#13042,#13043,#13044,#13045,#13046,#13047,#13048,#13049,#13050,#13051,#13052,#13053,#13054,#13055,#13056,#13057,#13058,#13059,#13060,#13061,#13062,#13063,#13064,#13065,#13066,#13067,#13068,#13069,#13070,#13071,#13072,#13073,#13074,#13075,#13076,#13077,#13078,#13079,#13080,#13081,#13082,#13083,#13084,#13085,#13086,#13087,#13088,#13089,#13090,#13091,#13092,#13093,#13094,#13095,#13096,#13097,#13098,#13099,#13100,#13101,#13102,#13103,#13104,#13105,#13106,#13107,#13108,#13109,#13110,#13111,#13112,#13113,#13114,#13115,#13116,#13117,#13118,#13119,#13120,#13121,#13122,#13123,#13124,#13125,#13126,#13127,#13128,#13129,#13130,#13131,#13132,#13133,#13134,#13135,#13136,#13137,#13138,#13139,#13140,#13141,#13142,#13143,#13144,#13145,#13146,#13147,#13148,#13149,#13150,#13151,#13152,#13153,#13154,#13155,#13156,#13157,#13158,#13159,#13160,#13161,#13162,#13163,#13164,#13165,#13166,#13167,#13168,#13169,#13170,#13171,#13172,#13173,#13181,#13182,#13183,#13191,#13192,#13193,#13194,#13195,#13196,#13197,#13198,#13199,#13200,#13201,#13202,#13203,#13204,#13205,#13206,#13207,#13208,#13209,#13210,#13211,#13212,#13213,#13214,#13215,#13216,#13217,#13218,#13219,#13220,#13221,#13222,#13223,#13224,#13225,#13226,#13227,#13228,#13229,#13230,#13231,#13232,#13233,#13234,#13235,#13236,#13237,#13238,#13239,#13240,#13241,#13242,#13243,#13244,#13245,#13246,#13247,#13248,#13249,#13250,#13251,#13252,#13253,#13254,#13255,#13256,#13257,#13258,#13259,#13260,#13261,#13262,#13263,#13264,#13265,#13266,#13267,#13268,#13269,#13270,#13271,#13272,#13273,#13274,#13275,#13276,#13277,#13278,#13279,#13280,#13281,#13282,#13283,#13284,#13285,#13286,#13287,#13288,#13289,#13290,#13291,#13292,#13293,#13294,#13295,#13296,#13297,#13298,#13299,#13300,#13301,#13302,#13303,#13304,#13305,#13306,#13307,#13308,#13309,#13310,#13311,#13312,#13313,#13314,#13315,#13316,#13317,#13318,#13319,#13320,#13321,#13322,#13323,#13324,#13325,#13326,#13327,#13328,#13329,#13330,#13331,#13332,#13333,#13334,#13335,#13336,#13337,#13338,#13339,#13340,#13341,#13342,#13343,#13344,#13345,#13346,#13347,#13348,#13349,#13350,#13351,#13352,#13353,#13354,#13355,#13356,#13357,#13358,#13359,#13360,#13361,#13362,#13363,#13364,#13365,#13366,#13367,#13368,#13369,#13370,#13379),#67);
#13372=COLOUR_RGB('\X2\FFFDFFFD\X0\ \X2\FFFDFFFDFFFDFFFDFFFDFFFDFFFDFFFDFFFD\X0\',0.75,0.75,0.75);
#13373=FILL_AREA_STYLE_COLOUR('\X2\FFFDFFFD\X0\ \X2\FFFDFFFDFFFDFFFDFFFDFFFDFFFDFFFDFFFD\X0\',#13372);
#13374=FILL_AREA_STYLE('\X2\FFFDFFFD\X0\ \X2\FFFDFFFDFFFDFFFDFFFDFFFDFFFDFFFDFFFD\X0\',(#13373));
#13375=SURFACE_STYLE_FILL_AREA(#13374);
#13376=SURFACE_SIDE_STYLE('\X2\FFFDFFFD\X0\ \X2\FFFDFFFDFFFDFFFDFFFDFFFDFFFDFFFDFFFD\X0\',(#13375));
#13377=SURFACE_STYLE_USAGE(.BOTH.,#13376);
#13378=PRESENTATION_STYLE_ASSIGNMENT((#13377));
#13379=STYLED_ITEM('',(#13378),#12942);
#13380=ADVANCED_BREP_SHAPE_REPRESENTATION('ABSR',(#12942),#36);
#13381=SHAPE_REPRESENTATION_RELATIONSHIP('SRR','None',#13380,#41);
ENDSEC;
END-ISO-10303-21;
